symbol,name,nse_sector,yahoo_sector,yahoo_industry,mcap_cr,median_traded_value_cr,current_micro_sectors,summary
ORIANA,,,,,21110.0,5.37,,
VMARCIND,,,,,2648.0,10.44,,
ALPEXSOLAR,,,,,2143.0,3.98,,
SAHANA,,,,,1666.0,1.8,,
VINYAS,,,,,1441.0,1.17,,
AIMTRON,,,,,1124.0,4.64,,
TAC,,,,,1053.0,1.39,,
ABSMARINE,,,,,808.0,2.97,,
SUPREMEPWR,,,,,765.0,1.03,,
ACCENTMIC,,,,,688.0,3.75,,
FROG,,,,,497.0,1.04,,
FELIX,,,,,384.0,1.4,,
BAHETI,,,,,297.0,1.49,,
MVKAGRO,,,,,289.0,4.77,,
DPEL,,,,,252.0,1.79,,
PRIZOR,,,,,195.0,1.07,,
OLIL,,,,,61.0,1.24,,
GSMFOILS,,,,,58.0,2.13,,
ADISOFT,,,,,,1.24,,
ALPHA,,,,,,4.33,,
ALPHAETF,,,,,,1.28,,
ANAWIL,,,,,,8.51,,
ANONDITA,,,,,,7.21,,
AONELIQUID,,,,,,1.57,,
ARTEMISMED,Artemis Medicare Services Limited,,,,,11.75,,"Artemis Medicare Services Limited engages in the management and operation of multi-specialty hospitals in India and internationally. The company provides medical and surgical intervention, mix of inpatient and outpatient services. It also offers billing and insurance, childcare, emotional and support program, full body checkup, international patient, medical interpreter and record, mind body medic"
ASHUTOSH,,,,,,4.48,,
AUTOBEES,,,,,,5.12,,
AUTOIETF,,,,,,1.57,,
BANKBEES,,,,,,30.43,,
BANKETF,,,,,,1.19,,
BANKIETF,,,,,,1.77,,
BANKNIFTY1,,,,,,2.3,,
BSLGOLDETF,,,,,,5.03,,
BSLNIFTY,,,,,,2.92,,
C2C,,,,,,1.74,,
CASHIETF,,,,,,14.29,,
CONNPLEX,,,,,,1.06,,
CPSEETF,,,,,,7.04,,
CREDENT,,,,,,4.01,,
DANISH,,,,,,2.72,,
DEFENCE,,,,,,2.19,,
E2ERAIL,,,,,,4.34,,
EBBETF0430,,,,,,1.74,,
EGOLD,,,,,,2.8,,
ELIQUID,,,,,,2.26,,
ENERGY,,,,,,1.58,,
ESILVER,,,,,,2.7,,
FLYSBS,,,,,,6.62,,
FMCGIETF,,,,,,7.82,,ICICI Prudential Mutual Fund - ICICI Prudential Nifty FMCG ETF is an open-ended equity mutual fund co-launched by Prudential plc and ICICI Bank Ltd. It is managed by ICICI Prudential Asset Management Company Limited. The fund invests in the public equity markets of India. It invests in stocks of companies operating in the Fast Moving Consumer Goods sector. The fund invests in growth stocks of comp
FRESHARA,,,,,,1.65,,
GILT5YBEES,,,,,,1.14,,
GOLD1,,,,,,24.98,,
GOLDADD,,,,,,9.15,,
GOLDAXIS,,,,,,26.06,,
GOLDBEES,,,,,,294.18,,
GOLDBETA,,,,,,9.25,,
GOLDCASE,,,,,,23.04,,
GOLDETF,,,,,,20.25,,
GOLDIETF,,,,,,79.35,,
GROWWDEFNC,,,,,,2.22,,
GROWWGOLD,,,,,,3.26,,
GROWWHOSPI,,,,,,1.49,,
GROWWLIQID,,,,,,2.95,,
GROWWPOWER,,,,,,2.02,,
GROWWRAIL,,,,,,1.66,,
GROWWSLVR,,,,,,3.42,,
HDFCBSE500,,,,,,4.71,,
HDFCGOLD,,,,,,44.1,,
HDFCLIQUID,,,,,,2.47,,
HDFCNIFTY,,,,,,6.63,,HDFC Mutual Fund - HDFC NIFTY 50 ETF is an exchange traded fund co-launched by Housing Development Finance Corporation Limited and Standard Life Investments Limited. It is managed by HDFC Asset Management Company Ltd. The fund invests in the public equity markets of India. It seeks to invest in the stocks of companies operating across diversified sectors. The fund invests in the stocks of large-ca
HDFCSILVER,,,,,,63.12,,
HDFCSML250,,,,,,22.53,,
HEALTHIETF,,,,,,1.59,,
HNGSNGBEES,,,,,,3.24,,
ICICIB22,,,,,,3.07,,
INFRAIETF,,,,,,1.78,,
ITBEES,,,,,,26.79,,
ITIETF,,,,,,1.52,,
JUNIORBEES,,,,,,22.79,,
KRMAYURVED,,,,,,2.62,,
LALITHAA,Lalithaa Jewellery Mart Limited,,,,,316.68,,
LASERPOWER,Laser Power & Infra Limited,,,,,19.89,,
LICMFGOLD,,,,,,1.21,,
LIQGRWBEES,,,,,,8.21,,
LIQUID,,,,,,14.45,,
LIQUID1,,,,,,96.36,,
LIQUIDADD,,,,,,48.79,,
LIQUIDBEES,,,,,,325.5,,
LIQUIDBETF,,,,,,24.3,,
LIQUIDCASE,,,,,,200.45,,
LIQUIDETF,,,,,,9.61,,
LIQUIDIETF,,,,,,36.49,,"ICICI Prudential Mutual Fund - ICICI Prudential BSE Liquid Rate ETF - IDCW is headquartered in Mumbai, Maharashtra, India."
LIQUIDPLUS,,,,,,42.61,,
LOWVOLIETF,,,,,,2.93,,
LTGILTBEES,,,,,,2.99,,Nippon India Mutual Fund - Nippon India ETF Nifty 8-13 yr G-Sec Long Term Gilt is an exchange traded fund launched by Reliance Capital Ltd. The fund is managed by Reliance Nippon Life Asset Management Limited. It invests in the fixed income markets of India. The fund invests in the government securities with maturity ranging between 8 and 13 years. It seeks to replicate the performance of the NIFT
MAFANG,,,,,,14.6,,
MAHKTECH,,,,,,1.71,,
MASPTOP50,,,,,,4.46,,
MAXVOLT,,,,,,1.27,,
METAL,,,,,,2.91,,
METALIC,,,,,,1.29,,
METALIETF,,,,,,8.39,,
MID150BEES,,,,,,14.01,,
MID150CASE,,,,,,1.4,,
MIDCAPETF,,,,,,4.42,,
MIDCAPIETF,,,,,,2.2,,
MIDSMALL,,,,,,1.28,,
MOCAPITAL,,,,,,4.47,,
MODEFENCE,,,,,,12.92,,
MOM100,,,,,,1.52,,
MOM30IETF,,,,,,1.56,,
MOMENTUM50,,,,,,2.19,,
MOMMIDCAP,,,,,,1.9,,
MON100,,,,,,19.66,,
MONIFTY500,,,,,,1.09,,
MONOLITH,,,,,,7.48,,
MONQ50,,,,,,5.25,,
MOREALTY,,,,,,4.13,,
MOSMALL250,,,,,,1.7,,
NEXT50,,,,,,2.01,,
NEXT50IETF,,,,,,3.9,,
NIFTY1,,,,,,2.16,,
NIFTYBEES,,,,,,136.39,,
NIFTYETF,,,,,,3.68,,
NIFTYIETF,,,,,,15.03,,
OBSCP,,,,,,3.12,,
OILIETF,,,,,,1.25,,
PATILAUTOM,,,,,,3.62,,
PHARMABEES,,,,,,10.55,,
PRAMODINI,,,,,,1.1,,
PSUBANK,,,,,,1.74,,
PSUBNKBEES,,,,,,12.77,,
PVTBANIETF,,,,,,4.3,,
QGOLDHALF,,,,,,3.25,,
QLINE,,,,,,7.62,,
RNFI,,,,,,1.86,,
SACHEEROME,,,,,,1.21,,
SBILIQETF,,,,,,15.97,,
SBISILVER,,,,,,24.33,,
SETFGOLD,,,,,,71.04,,
SETFNIF50,,,,,,22.25,,
SETFNIFBK,,,,,,2.29,,
SETFNN50,,,,,,2.14,,
SHANTIINOR,,,,,,4.14,,
SILVER,,,,,,20.95,,
SILVER1,,,,,,18.6,,
SILVERADD,,,,,,9.8,,Dsp Mutual Fund - Dsp Silver ETF is an open ended exchange traded mutual fund. Dsp Mutual Fund - Dsp Silver ETF is domiciled in India.
SILVERAG,,,,,,6.4,,
SILVERAXIS,,,,,,8.38,,
SILVERBEES,,,,,,370.35,,
SILVERBETA,,,,,,12.53,,
SILVERCASE,,,,,,24.59,,
SILVERIETF,,,,,,71.73,,
SMALLCAP,,,,,,6.98,,
SML100CASE,,,,,,1.37,,
SSEGL,,,,,,2.24,,
SUMAX,,,,,,3.87,,
SUNLITE,,,,,,1.84,,
TATAGOLD,,,,,,66.98,,
TATSILV,,,,,,86.48,,
TAURIAN,,,,,,1.39,,
TCC,TCC Concept Limited,,,,,6.0,,TCC Concept Limited engages in the real estate business primarily in India. It operates through Rental; Brokerage and other services; Information and Technology segments. The company carries out leasing of equipped premises and equipment; brokerage from real estate and other services; and information technology services. The company was formerly known as Aaswa Trading and Exports Limited and chang
TECHD,,,,,,1.05,,
TEJA,,,,,,1.34,,
TOP10ADD,,,,,,1.95,,
UTSSAV,,,,,,1.18,,
VIESL,,,,,,1.25,,
VIVIDEL,,,,,,4.09,,
BCG,Brightcom Group Limited,,Communication Services,Advertising Agencies,1952.0,4.6,,"Brightcom Group Limited, together with its subsidiaries, provides digital marketing solutions to businesses, agencies, and online publishers worldwide. It operates through Digital Marketing (& Related) Services; and Software Development Services segments. The company connects advertisers with their audience across various forms of digital media to deliver messages to the right audience through dig"
SIGNPOST,Signpost India Limited,,Communication Services,Advertising Agencies,1439.0,1.38,,"Signpost India Limited, together with its subsidiaries, provides advertising services in India. Its portfolio of media assets comprises street digital out-of-home (DOOH) billboards; digital bus queue shelters; hybrid mobility solutions, such as e-bikes; traffic surveillance booths; street accessible libraries; metro stations, city and electric bus fleet panels, skywalks, and airport touchpoints; i"
SIGMAADV,SIGMA ADVANCED SYSTEMS LIMITED,,Industrials,Aerospace & Defense,16019.0,20.38,,"Sigma Advanced Systems Limited, a defence and aerospace company, designs, develops, and manufactures mission-critical platforms, sub-systems, and components. The company provides multi-axis precision machining solutions, including turning and mill turning, multi-axis milling, solid machining, CNC grinding, and water jet cutting solutions; fabrication and assemblies, structures and precision weldin"
SWANDEF,Swan Defence and Heavy Industries Limited,,Industrials,Aerospace & Defense,14295.0,4.88,,"Swan Defence and Heavy Industries Limited engages in the construction of vessels, repairs, and refits of ships and rigs and heavy engineering in India and internationally. The company builds vessels for building large commercial; cargo and niche and specialized vessels; and defence vessels. It also provides solutions for all kinds of ships and structures including large commercial and defence vess"
UNIMECH,Unimech Aerospace and Manufacturing Limited,,Industrials,Aerospace & Defense,8645.0,30.3,,"Unimech Aerospace and Manufacturing Limited, a precision engineering solutions company, manufactures and sells tooling, precision components, electromechanical turnkey systems, and mechanical assemblies. The company operates through two segments, Aero-Tooling/MRO Tooling; and Precision Components and Assemblies. It offers Aero and MRO tooling products, such as engine stands and transportation syst"
CYIENTDLM,Cyient DLM Limited,,Industrials,Aerospace & Defense,7241.0,56.45,Electronics Manufacturing Services,"Cyient DLM Limited provides electronic manufacturing solutions in India, NAM, rest of the Asia-Pacific, Europe, the Middle East, and Africa. It offers integrated, electronics, mechanical, and additive manufacturing, as well as value-added services. The company also engages in the machining of components for the aerospace, automotive, and defense industries. It serves aerospace and defense, healthc"
ROSSTECH,Rossell Techsys Limited,,Industrials,Aerospace & Defense,5145.0,24.33,,"Rossell Techsys Limited provides engineering and manufacturing solutions for the global aerospace and defense industry in India and internationally. The company provides electrical wiring interconnection system (EWIS) services to rotary and fixed wing military platforms, commercial platforms, weapon systems, avionics, land systems, and marine and space systems, as well as EWIS installation service"
DCXINDIA,DCX Systems Limited,,Industrials,Aerospace & Defense,1805.0,5.58,,"DCX Systems Limited, together with its subsidiaries, manufactures and sells electronic systems and cable harnesses in India and Internationally. It offers cable and harness, fine wire cable, flex flat cable, backplane, and conduit assemblies; and EMI shield cable harnesses, wired enclosures, diagnostic test sets, and special/customized connectors. The company also provides electronic manufacturing"
SIKA,Sika Interplant Systems Limited,,Industrials,Aerospace & Defense,,2.67,,"Sika Interplant Systems Limited, together with its subsidiaries, engages in manufacturing and rendering of services in engineering products and engineering projects/systems for aerospace, defense and space, and automotive sectors in India. The company offers search and rescue products, such as rescue hoists/winches and air ambulance/EMS modules; landing gear and hydraulics products; and interconne"
MBAPL,Madhya Bharat Agro Products Limited,,Basic Materials,Agricultural Inputs,7043.0,14.94,,"Madhya Bharat Agro Products Limited manufactures and sells phosphatic fertilizers and industrial chemicals in India. The company offers single super phosphate (SSP); nitrogen, phosphate, and potassium (NPK) and di-ammonium phosphate (DAP) complex fertilizers; beneficiated rock phosphate; secondary nutrients, including casma products; supplements and organic products; sulphuric and phosphoric acid;"
KRISHANA,Krishana Phoschem Limited,,Basic Materials,Agricultural Inputs,5639.0,11.04,,"Krishana Phoschem Limited engages in the manufacturing, Distribution, sales, and marketing of fertilizers and chemicals under the Annadata and Bharat brands in India. It provides single super phosphate (SSP), benefited rock phosphate, di-ammonium phosphate (DAP) / nitrogen, phosphorus, and potassium (NPK), sulphuric acid, phosphoric acid, imported nitrogen, phosphorus, and potassium (NPK). It sell"
DHANUKA,Dhanuka Agritech Limited,,Basic Materials,Agricultural Inputs,4349.0,1.71,Agrochemicals,"Dhanuka Agritech Limited operates as an agro-chemical company in India. The company offers herbicides, insecticides, fungicides, and plant growth regulators in various forms, such as liquid, dust, powder, and granules. It also provides biological portfolio to control insects and protects from discase and nutrient uptake. IDhanuka Agritech Limited was founded in 1980 and is headquartered in Gurugra"
NACLIND,NACL Industries Limited,,Basic Materials,Agricultural Inputs,3371.0,5.94,,"NACL Industries Limited manufactures and sells agrochemicals in India. The company offers a range of technical products, including myclobutanil, propiconazole, profenofos, tricyclazole, pretilachlors, thiamethoxam, lambda cyhalothrin, bifenthrin, azoxystrobin, tebuconazole, difenoconazole, thifluzamide, bispyribac sodium, clodinafop propargyl, metribuzin, quizalofop ethyl, haloxyfop r methyl, and"
BHAGCHEM,Bhagiradha Chemicals & Industries Limited,,Basic Materials,Agricultural Inputs,3187.0,1.64,,"Bhagiradha Chemicals & Industries Limited manufactures and sells crop protection chemicals in India, rest of Asia, and Europe. The company offers insecticides, such as chlorpyrifos, chlorpyrifos-methyl, diafenthiuron, fipronil, dinotefuran, thiamethoxam, imidacloprid, pymetrozine, and chlorantraniliprole; fungicides, including azoxystrobin and trifloxystrobin; herbicides comprising triclopyr, cloq"
GSPCROP,GSP Crop Science Limited,,Basic Materials,Agricultural Inputs,2284.0,12.87,,"GSP Crop Science Limited, together with its subsidiaries, engages in the manufacture and sale of agro chemicals in India and internationally. It offers insecticides, pesticides, and herbicides; and plant growth regulators and fungicides. The company serves farmers and institutional customers. It also exports its products. The company was incorporated in 1985 and is based in Ahmedabad, India."
BHARATRAS,Bharat Rasayan Limited,,Basic Materials,Agricultural Inputs,1843.0,1.32,Agrochemicals,"Bharat Rasayan Limited engages in the manufacture and sale of technical grade pesticides and chemical intermediates in India. It offers insecticides, herbicides, fungicides, and intermediates. The company also exports its products through multinational agrochemical companies and other traders. Bharat Rasayan Limited was incorporated in 1989 and is based in New Delhi, India."
INSECTICID,Insecticides (India) Limited,,Basic Materials,Agricultural Inputs,1743.0,1.5,Agrochemicals,"Insecticides (India) Limited manufactures and sells agrochemicals, pesticides, and technical products for agriculture in India and internationally. It offers crop protection and nutrition products, including fungicides, insecticides, herbicides, biologicals, and plant growth regulators to bulk buyers and farmers under the Tractor brand. The company sells its products through a network of distribut"
ASTEC,Astec LifeSciences Limited,,Basic Materials,Agricultural Inputs,1603.0,2.26,,"Astec LifeSciences Limited, together with its subsidiaries, manufactures and sells agrochemical active ingredients and pharmaceutical intermediates in India. The company provides triazole fungicides for use in field crops; foliar treatment for the control of scab, powdery mildew, shot-hole, blossom blight, and rust; seed treatment for the control of seed and soil-borne diseases in cotton and maize"
MOL,Meghmani Organics Limited,,Basic Materials,Agricultural Inputs,1581.0,7.4,,"Meghmani Organics Limited manufactures and sells pigments and agrochemicals in India and internationally. The company offers green and blue pigments, which are used in printing inks, paints and coatings, and plastics. It also offers agrochemical products comprising insecticides, which include acetamiprid, alphacypermethrin, bifenthrin, beta cyfluthrin, cyfluthrin, cypermethrin, deltamethrin, dinot"
IPL,India Pesticides Limited,,Basic Materials,Agricultural Inputs,1548.0,1.2,,"India Pesticides Limited, together with its subsidiaries, engages in the agrochemicals business in India and internationally. The company offers formulations such as herbicides, fungicides, insecticides, acaricides, and growth regulators; and active pharmaceutical ingredients, including anti-fungal and anti-scabies drugs. It also provides generic agrochemical technicals comprising herbicide techni"
SPIC,Southern Petrochemicals Industries Corporation  Limited,,Basic Materials,Agricultural Inputs,1359.0,2.95,,"Southern Petrochemical Industries Corporation Limited engages in the manufacture and sale of fertilizers in India and internationally. It offers primary nutrients, secondary nutrients, micronutrients, water soluble fertilizers, organic fertilizers, non-edible de-oiled cake fertilizers, bio fertilizers, organic pesticides, plant growth regulators, plant biostimulants, liquid fertilizer, nano fertil"
DHARMAJ,Dharmaj Crop Guard Limited,,Basic Materials,Agricultural Inputs,951.0,1.1,,"Dharmaj Crop Guard Limited engages in manufacturing, distributing, and marketing of a range of agro chemical formulations in India. The company's agro chemical formulations include insecticides, fungicides, herbicides, plant growth regulators, micronutrient fertilizers, and antibiotics to the B2C and B2B customers. It also manufactures and sells general insect and pest control chemicals for public"
ZUARI,Zuari Agro Chemicals Limited,,Basic Materials,Agricultural Inputs,937.0,1.82,,"Zuari Agro Chemicals Limited engages in manufacturing, trading, and marketing of chemical fertilizers and fertilizer products in India. It offers urea, DAP, MOP, and complex fertilizers; water soluble fertilizers; seeds; and pesticides. The company also provides micronutrients, organic products, soil conditioners, and agri fluids; and analytical and advisory services. In addition, it operates a re"
ADVANCE,Advance Agrolife Limited,,Basic Materials,Agricultural Inputs,693.0,1.45,,"Advance Agrolife Limited, an agrochemical company, engages in the business of manufacturing and distribution of agrochemicals in India and internationally. It offers a range of agrochemical products, which includes insecticides, herbicides, fungicides, and plant growth regulators for use in cultivation of cereals, vegetables, and horticultural crops across both agri-seasons. The company also manuf"
BESTAGRO,Best Agrolife Limited,,Basic Materials,Agricultural Inputs,658.0,1.14,,"Best Agrolife Limited engages in the manufacture and sale of agrochemical products in India and internationally. It offers insecticides, herbicides, fungicides, public-health, and plant growth regulator (PGR) products in the form of technical, intermediates, and novel formulations. The company also offers Ronfen, and insecticide; Nemagen, a novel insecticide combination; Defender, a dual-action in"
SHIVALIK,Shivalik Rasayan Limited,,Basic Materials,Agricultural Inputs,640.0,1.85,,"Shivalik Rasayan Limited produces and sells chemicals for the protection of plants in India. The company offers Dimethoate technical used in the preparation of formulations for use in the control of various insects and mites; and Malathion technical, an organophosphorus based contact insecticide used in the agricultural production of various food/feed crops. It also provides insecticides, such as"
ARIES,Aries Agro Limited,,Basic Materials,Agricultural Inputs,602.0,1.53,,"Aries Agro Limited, together with its subsidiaries, engages in the manufacturing and sale of micronutrients and other nutritional products for plants and animals. The company offers micronutrients, water soluble NPK, organic and bio products, high density inputs, crop specific, slow release fertilizers pastilles, plant protection, aqua culture and animal nutrition, urban products, and other produc"
TAALTECH,Taal Tech Limited,,Industrials,Airports & Air Services,,3.74,,"TAAL Tech Limited provides engineering design services in India and internationally. The company offers BIM services, engineering design and analysis, manufacturing engineering services, integrated project delivery, integrated asset management, center of excellence, technical publication, and digital twin services, as well as digital support services. It serves the architecture, engineering, and c"
VAML,Vedanta Aluminium Metal Limited,,Basic Materials,Aluminum,161261.0,290.19,,"Vedanta Aluminium Metal Limited engages in the production of metallurgical grade alumina and aluminium products. The company provides aluminium ingots, foundry alloys, billets, slabs, wire rods, flip coils, and rolled and other products products under the VEDANTAL brand name. It also operates an independent power plant with a capacity of 3015 megawatts. The company products are used in aerospace,"
ARFIN,Arfin India Limited,,Basic Materials,Aluminum,1538.0,8.58,,"Arfin India Limited manufactures and trades in ferrous and non-ferrous metals in India. Its products include conductor and cables, aluminum wire rods, cored wire, ferro alloys, inoculant, aluminum deox, and aluminum alloys ingots. It serves electrical transmission and distribution, steel, foundry, construction, packaging, and infrastructure industries. The company also exports its products. Arfin"
MMP,MMP Industries Limited,,Basic Materials,Aluminum,1213.0,3.25,,"MMP Industries Limited engages in the manufacture, sale, distribution, and trade of aluminium products in India. It operates in four segments: Aluminium Powders and Pastes, Aluminium Conductors, Aluminium Foils, Insulators, and Others. The company offers pyro, flake, and atomized aluminum powders for use in various sectors, including construction, mining and infrastructure, agriculture, defense, p"
CMRGREEN,CMR Green Technologies Limited,,Basic Materials,Aluminum,,10.44,,"CMR Green Technologies Limited manufactures and sells aluminum and zinc die-casting alloys in India and internationally. It offers recycled aluminium alloy ingots, zinc alloy ingots, liquid and ingot aluminium alloy, aluminium billets, and stainless steel recycling, as well as segregated furnace ready scrap of stainless steel, copper, brass, zinc, lead, magnesium, and others. The company was incor"
LUXIND,Lux Industries Limited,,Consumer Cyclical,Apparel Manufacturing,3586.0,2.31,,"Lux Industries Limited engages in the manufacture and sale of knitwear for men, women, and kids in India and internationally. The company offers vests, briefs, boxers, drawers and trunks, T-shirts, Bloomers, hoodies and sweatshirts, polo and tees, shorts, tracks, capri, tops and bottoms, summer and winter wear, leggings, track pants, racer backs, camisole straps, slips, loungers and pyjamas, bras,"
KKCL,Kewal Kiran Clothing Limited,,Consumer Cyclical,Apparel Manufacturing,2995.0,1.25,,"Kewal Kiran Clothing Limited manufacturing, marketing, and retailing of branded readymade garments and finished accessories in India and internationally. It offers jeans, shirts, trousers, t-shirt, and other products; and winterwear under the Killer, Easies, Lawman, junior killer, Kraus, Integriti, and Desi Belle brand names. The company distributes its products through exclusive brand outlets, la"
SPAL,S. P. Apparels Limited,,Consumer Cyclical,Apparel Manufacturing,2446.0,5.41,,"S.P. Apparels Limited, together with its subsidiaries, manufactures and exports knitted garments for infant wear, children's apparel, and intimate wear in India and internationally. The company offers yarns, fabrics, and cotton waste products under the Angel & Rocket brand. The company also provides dyeing, embroidery, and printing services. In addition, it engages in the manufacture, distribution"
CANTABIL,Cantabil Retail India Limited,,Consumer Cyclical,Apparel Manufacturing,2016.0,2.41,,"Cantabil Retail India Limited engages in designing, manufacturing, branding, and retailing of apparel and apparel accessories in India. The company offers formal-wear, party-wear, wedding wear and casuals clothing for men, women, girls, boys, footwear, accessories, active wear and innerwear for men, women, and kids under the Cantabil brand name. The company was incorporated in 1989 and is headquar"
DOLLAR,Dollar Industries Limited,,Consumer Cyclical,Apparel Manufacturing,1561.0,1.87,,"Dollar Industries Limited manufactures and sells hosiery products in knitted inner wears, casual wears, and thermal wears in India and internationally. The company offers vests, briefs, trunks, gym vests, socks, tank tops, crew necks, polos, henley, bermudas, capri, track pants, and joggers for men; camisoles, panties, leggings, socks, leg wears, kurti, and casual wears for women; and T-shirts, so"
IRISDOREME,Iris Clothings Limited,,Consumer Cyclical,Apparel Manufacturing,1234.0,4.87,,"Iris Clothings Limited engages in the designing, manufacturing, branding, and sale of readymade garments in India. It offers summer wear, winter wear, sportswear, and swimwear; tops, t-shirts, pyjamas, loungewear, trousers, shorts, dresses, polyfil suits, sweatshirts, hoodies, joggers, and dryfit apparel; and accessories, including bags and bottles for infants, toddlers, boys, girls, women, and me"
MONTECARLO,Monte Carlo Fashions Limited,,Consumer Cyclical,Apparel Manufacturing,1108.0,3.53,,"Monte Carlo Fashions Limited manufactures and trades in woolen, cotton, cotton-blended, knitted, and woven garments for men, women, and kids in India and internationally. The company offers sweaters, sweatshirts, jackets, coats, T-shirts, shirts, jeans, trousers, suits, thermals, mufflers, mink blankets, bedsheets, towels, footwear, denims, jackets, sports and fitness wear; bermudas, lowers, high-"
RUPA,Rupa & Company Limited,,Consumer Cyclical,Apparel Manufacturing,1092.0,1.23,,"Rupa & Company Limited, together with its subsidiaries, manufactures, markets, sells, and distributes hosiery products in knitted undergarments, casual wears, and thermal wears for men, women, and kids in India and internationally. The company offers athleisure products, including loungers, joggers, gym vests, and t-shirts; winter wears, such as sweatshirts, upper and lower thermals, hoodies, and"
METROBRAND,Metro Brands Limited,,Consumer Cyclical,Apparel Retail,25598.0,2.92,,"Metro Brands Limited operates as a footwear specialty retailer in India. The company offers footwear for men, women, unisex, and kids under its own brands, including the Metro, Mochi, Walkway, and daVinchi, as well as third-party brands, such as Crocs, Foot Locker, MetroActiv, Clarks, New Era, FILA, FitFlop, Cheemo, Proline, Vans, and Biofoot. It also offers accessories, such as belts, bags, walle"
STYLEBAAZA,Baazar Style Retail Limited,,Consumer Cyclical,Apparel Retail,3005.0,34.51,,"Baazar Style Retail Limited engages in the retail of various apparel and non-apparel consumer products in India. It offers topwear, ethnic wear, bottomwear, and nightwear for women, and for boys and girls; shirts, t-shirts, trousers, sportswear, winter wear, and accessories for men; footwear, bags, accessories, toys, stationery, and travel products; skincare, cosmetics, hygiene and grooming essent"
GOCOLORS,Go Fashion (India) Limited,,Consumer Cyclical,Apparel Retail,1613.0,2.29,,"Go Fashion (India) Limited engages in designing, developing, sourcing, marketing, and retailing of women's and girl's bottom-wear products under the Go Colors brand in India. It offers ankle length leggings, palazzos, wide pants, kurti pants, skirts and skorts, joggers, cargos, super stretch jeggings, ethnics, printed shirts, solid shirts, short dresses, midi dresses, long dresses, t-shirts and kn"
KALAMANDIR,Sai Silks (Kalamandir) Limited,,Consumer Cyclical,Apparel Retail,1166.0,2.98,,"Sai Silks (Kalamandir) Limited engages in the retail sale of apparel in India. The company offers sarees, lehengas, men's ethnic wear, children's ethnic wear, and fashion apparel for weddings, festive occasions, celebrations, and everyday wear, as well as silver jewellery through Rasamayi Jewellery. It operates through retail and departmental stores facilities in various formats under the Kalamand"
PERNIASPOP,Purple Style Labs Limited,,Consumer Cyclical,Apparel Retail,,22.77,,"Purple Style Labs Private Limited operates as a luxury fashion house, acquiring and managing designer brands and running an omni-channel platform for premium fashion retail. The company offers luxury fashion and lifestyle products, including premium designer wear, accessories, and jewellery through online and offline channels. It owns and manages multi-brand e-commerce websites such as Pernia's Po"
SBIFUNDS,SBI Funds Management Limited,,Financial Services,Asset Management,112555.0,61.1,,"SBI Funds Management Limited is a privately owned investment manager. The firm primarily provides its services to individual and retail investors. It also caters to institutional investors and other domestic and foreign investors. The firm invests in equities, debt securities, hybrid strategies, exchange-traded funds, fund of funds, and other diversified investment assets. The firm employs fundame"
JSWHL,JSW Holdings Limited,,Financial Services,Asset Management,12436.0,3.33,,"JSW Holdings Limited engages in investing and financing activities in India. The company grants loans; and provides securities, as well as invests in securities. JSW Holdings Limited was incorporated in 2001 and is based in Mumbai, India."
GAJA,Gaja Alternative Asset Management Limited,,Financial Services,Asset Management,,20.83,,"Gaja Alternative Asset Management Limited is a private equity and venture capital firm specializing in turnaround, series C and investments in smaller end of middle market. The firm prefers to invest through growth capital and buyout. It also invests in acquisitions and shareholder settlement and considers buy-outs, turnarounds, and pre-IPO deals given an underlying growth thesis. It also invests"
LANDMARK,Landmark Cars Limited,,Consumer Cyclical,Auto & Truck Dealerships,2082.0,3.94,,"Landmark Cars Limited engages in the automotive retail business in India. It provides dealership services for Honda, Mercedes-Benz, Renault, Jeep, Volkswagen, Ashok Leyland, BYD, MG Motors, Mahindra & Mahindra, Citroen, and Kia. It also offers car accessories. The company also provides after-sales support, pre-sales consultation, roadside assistance, insurance, and financing services. Landmark Car"
ATULAUTO,Atul Auto Limited,,Consumer Cyclical,Auto Manufacturers,1246.0,3.8,,"Atul Auto Limited manufactures and sells three-wheeler automobiles in India. It operates through Automobiles Business and Non Banking Financial Business segments. The company offers cargo, passenger, and e-rickshaw vehicles, as well as spare parts and accessories. It is also involved in retail finance business. The company sells its products under the Atul RIK, Atul GEM, Atul Elite, Atul:E, Atul S"
MERCURYEV,Mercury Ev-Tech Limited,,Consumer Cyclical,Auto Manufacturers,756.0,1.39,,"Mercury Ev-Tech Limited manufactures and trades electronic vehicles and other related renewable energy products in India. It electric cars, electric rikshaw, electric carts, electric vans, electric cycles, electric scooters, electric buses and other battery powered and electric vehicle. The company was formerly known as Mercury Metals Limited and changed its name to Mercury Ev-Tech Limited in Marc"
DHOOTTRANS,Dhoot Transmission Limited,,Consumer Cyclical,Auto Parts,32366.0,448.65,,"Dhoot Transmission Limited operates as a manufacturer of wiring harnesses, automotive switches, electronic sensors and controllers, connectors, terminals, automotive cables, power cords, and related components. The company provides wiring harnesses for two-wheelers, three-wheelers, commercial vehicles, off-road vehicles, farm equipment, earth movers, medical equipment, and domestic appliances. It"
TVSHLTD,TVS Holdings Limited,,Consumer Cyclical,Auto Parts,25753.0,6.19,,"TVS Holdings Limited provides automotive vehicles and parts in India and internationally. It offers two and three-wheelers; and mobility solutions through a portfolio of e-bikes, e-cargo bikes, and matching accessories. The company also provides unsecured loans; financing services for two wheelers, used cars, used and new tractors, used commercial vehicles, and consumer durables; and digital finan"
SUNDRMFAST,Sundram Fasteners Limited,,Consumer Cyclical,Auto Parts,25371.0,14.14,,"Sundram Fasteners Limited manufactures and sells components for the automotive, infrastructure, wind energy, aerospace, defense, farm equipment, industrial, aviation, and other sectors in India, China, the Americas, and internationally. The company's products include high tensile fasteners, such as wind energy, automotive, engine, chassis, and aerospace and aviation fasteners; cold extruded parts,"
SEDEMAC,SEDEMAC Mechatronics Limited,,Consumer Cyclical,Auto Parts,13639.0,29.09,,"SEDEMAC Mechatronics Limited provides electronic control units to original equipment manufacturers in the mobility and industrial markets in India, the United States, and Europe. It operates in two segments, Mobility and Industrial. The Mobility segment offers motor control technology and transmission controls, which consist of integrated starter generators, electronic fuel injections, automated m"
SJS,S.J.S. Enterprises Limited,,Consumer Cyclical,Auto Parts,7513.0,31.05,,"S.J.S. Enterprises Limited designs, develops, manufactures, sells, and exports decorative aesthetics primarily to automotive and consumer appliance industries in India and internationally. Its products include decals and body graphics, 2D appliques and dials, domes, 3D appliques and dials, 3D lux badges, overlays, aluminum badges, in-mould labelling (IML) and in-mould decorations (IMD), in-mould f"
SUPRAJIT,Suprajit Engineering Limited,,Consumer Cyclical,Auto Parts,6596.0,3.55,,"Suprajit Engineering Limited manufactures and sells automotive cables, halogen lamps, speedometers, and other automotive components in India, the United States, and internationally. The company's product, include braking system, control cables, display cluster and telematics, friction products, gear box, gear shifter systems, lighting systems, linear actuation, throttle controls, and USB charging"
SSWL,Steel Strips Wheels Limited,,Consumer Cyclical,Auto Parts,5689.0,28.36,,"Steel Strips Wheels Limited engages in the design, manufacture, and sale of automotive wheel rims and other auto components in India and internationally. It offers steel and alloy wheels, and aluminium knuckle for cars, MUVs, tractors, commercial vehicles, two-wheelers, OTR vehicles, etc. The company was incorporated in 1985 and is headquartered in Chandigarh, India."
LGBBROSLTD,LG Balakrishnan & Bros Limited,,Consumer Cyclical,Auto Parts,5523.0,4.63,,"L.G. Balakrishnan & Bros Limited manufactures and sells chains, sprockets, and metal formed parts for automotive and industrial applications in India and internationally. The company operates through Transmission and Metal Forming segments. It offers transmission products; sprockets and gears; sealed and standard, silent, bush and roller, and special application chains; double pitch roller chain w"
SHARDAMOTR,Sharda Motor Industries Limited,,Consumer Cyclical,Auto Parts,5498.0,3.39,,"Sharda Motor Industries Limited manufactures, assembles, trades in, and sells auto components to automobiles and electronics original equipment manufacturers in India. The company provides exhaust systems for passenger vehicles, commercial vehicles, tractors, and generators; and suspensions systems, such as arm lower control comp, upper arm assy, rear and front suspension, front axle assy, and ass"
LUMAXIND,Lumax Industries Limited,,Consumer Cyclical,Auto Parts,5401.0,7.21,,"Lumax Industries Limited manufactures and sells automotive components for in India. The company offers automotive lighting systems, including LED light, headlamps, tail lamps, fog lamps, turn indicators, and auxiliary lamps, LED modules, HVAC control panels, as well as electronic components. It serves passenger cars, commercial vehicles, four-wheelers, two-wheelers, and tractors in farm equipment"
WHEELS,Wheels India Limited,,Consumer Cyclical,Auto Parts,5314.0,49.86,,"Wheels India Limited, together with its subsidiary, manufactures and sells automotive and industrial components in India and internationally. The company provides steel, cast aluminum, forged aluminum, and wire wheel for use in passenger and light cargo vehicles, trucks, trailers, buses, agriculture and farm equipment, off-road vehicles, and defense vehicles; vehicle chassis and suspensions; wind"
NRBBEARING,NRB Bearing Limited,,Consumer Cyclical,Auto Parts,5122.0,13.54,Bearings,"NRB Bearings Limited, together with its subsidiaries, manufactures, markets, and trades in bearing products in India and internationally. It offers drawn cup needle, cylindrical roller, drawn cup cylindrical roller, full-complement needle, special ball, thrust, tapered and spherical roller, and rocker-arm bearings, as well as planetary shafts and other special pins, polyamide and steel needle bear"
SWARAJENG,Swaraj Engines Limited,,Consumer Cyclical,Auto Parts,4340.0,2.57,,"Swaraj Engines Limited manufactures and sells diesel engines and its components, hi-tech engine components, and spare parts for tractor application in India. The company was incorporated in 1985 and is based in Mohali, India. Swaraj Engines Limited is a subsidiary of Mahindra & Mahindra Limited."
RML,Rane (Madras) Limited,,Consumer Cyclical,Auto Parts,3719.0,6.68,,"Rane (Madras) Limited engages in the manufacture and marketing of auto components for transportation industry in India and internationally. It offers steering and suspension linkage products, steering gear products, specialized aluminum high pressure die-casting products, brake components, and engine components, as well as valves, guides, tappets, brake linings, disc pads, clutch facings, railway"
SANDHAR,Sandhar Technologies Limited,,Consumer Cyclical,Auto Parts,3569.0,8.72,,"Sandhar Technologies Limited, together with its subsidiaries, engages in the manufacturing and assembling of automotive components for the automotive industry in India and internationally. It offers automotive locking and security systems, which include locking systems, latches and hinges, and door handles; automotive vision systems; stampings; operator cabins and structural parts for two and four"
TVSSRICHAK,TVS Srichakra Limited,,Consumer Cyclical,Auto Parts,3516.0,8.58,,"TVS Srichakra Limited manufactures and sells two-wheeler, three-wheeler, and other industrial tires to original equipment manufacturers (OEMs) and replacement markets in India and internationally. The company offers industrial pneumatic, ultra-light truck, multi-purpose agriculture, off highway, terrain vehicles, skid steer construction, and OTR tires under the TVS Eurogrip, TVS Tyres, Super Grip,"
DIVGIITTS,Divgi Torqtransfer Systems Limited,,Consumer Cyclical,Auto Parts,3439.0,12.99,,"Divgi TorqTransfer Systems Limited engages in the manufacture and sale of transfer cases, automatic locking hubs, and synchronizers and components to automotive original equipment manufacturers and other customers. The company offers 4WD transfer cases, including mechanical shift, electrical shift-on-the-Fly, torque on demand, and dual-offset transfer cases; NexTrac Interactive Torque Coupler that"
JTEKTINDIA,Jtekt India Limited,,Consumer Cyclical,Auto Parts,3200.0,1.32,,"JTEKT India Limited engages in the manufacture and sale of steering systems and auto components for the passenger car and utility vehicle manufacturers in the automobile sector in India. It offers steering systems, including column and gear; driveline, such as driveshaft and HUB unit; bearing solutions, including SBB (single ball bearings) and TRB (tapered roller bearings); and machine tools, such"
CARRARO,Carraro India Limited,,Consumer Cyclical,Auto Parts,3004.0,4.93,,"Carraro India Limited manufactures and sells automotive equipment, parts, and components in India and internationally. The company offers mechanical transmissions, clutches, hydraulic lifts and planetary drives, and axles for agricultural tractors; and construction equipment, including components, parts and spares, backhoe loaders, soil compactors, cranes, self-loading concrete mixers, and small m"
TALBROAUTO,Talbros Automotive Components Limited,,Consumer Cyclical,Auto Parts,2885.0,6.98,,"Talbros Automotive Components Limited engages in the manufacturing and sells automotive and industrial components in India. The company offers gaskets with electrical control, multi-layer steel, post coated/selective area coated, exhaust and hot, rubber and edge molded, fiber, heat shield gaskets, and plastic moulded components. It also offers forging products, such as companion flanges, hydraulic"
INDNIPPON,India Nippon Electricals Limited,,Consumer Cyclical,Auto Parts,2802.0,4.2,,"India Nippon Electricals Limited manufactures and sells electronic ignition systems for the automotive industry in India and internationally. The company offers AC Generator/ Flywheel Magneto, Regulator and Rectifier, Integral Unit, and Ignition Coil; Controllers, such as Integrated Starter Generator and controller, electronic fuel injection, and electronic control units. It also provides position"
FMGOETZE,Federal-Mogul Goetze (India) Limited.,,Consumer Cyclical,Auto Parts,2443.0,39.92,,"Federal-Mogul Goetze (India) Limited manufactures, supplies, and distributes automotive components for automobiles in India and internationally. It provides pistons, piston rings, and wet and dry cylinder liners for a range of applications, including bi-wheelers, passenger cars, SUVs, tractors, light and heavy commercial vehicles, locomotive engines, stationary engines, and high output locomotive"
GNA,GNA Axles Limited,,Consumer Cyclical,Auto Parts,2425.0,13.9,,"G N A Axles Limited manufactures automotive transmission components for original equipment manufacturers in North America, Europe, South America, Australia, and Asia. The company offers rear axle shafts, spindles, and drive shafts, as well as non-flanged shafts. Its products are used in commercial vehicles, passenger vehicles, and off-highway vehicles. The company was incorporated in 1993 and is b"
RANEHOLDIN,Rane Holdings Limited,,Consumer Cyclical,Auto Parts,2243.0,1.47,,"Rane Holdings Limited, together with its subsidiaries, engages in the manufacturing and marketing of automotive components for the transportation industry in India and internationally. It manufactures steering and suspension systems, brake components, engine components, occupant safety systems, and light metal casting products for the transportation industry, including passenger vehicles, commerci"
RACLGEAR,RACL Geartech Limited,,Consumer Cyclical,Auto Parts,2027.0,7.56,,"RACL Geartech Limited manufactures and sells automotive components. The company offers pin gear T49; actuator shaft; assy diff, bevel gear FRT; balancer, clutch, output, and input shaft assembly; bearing fixed pin; counter balancer gear and shaft; driven pulley shaft; gear timing drive LH, EGR rear; gear wheel with spiral; journal; primary gear; rider foot peg comp RH; tab Ay driving gear timing d"
NDRAUTO,Ndr Auto Components Limited,,Consumer Cyclical,Auto Parts,1747.0,1.14,,"NDR Auto Components Limited manufactures, fabricates, assembles, sells, and trades in automotive components for passenger cars and utility vehicles in India. The company provides seat frames, and trims to be used in passenger cars, and utility vehicles; two-wheeler and four-wheeler vehicles, as well as other accessories relating to car seats; and spare parts and components for seats. NDR Auto Comp"
RICOAUTO,Rico Auto Industries Limited,,Consumer Cyclical,Auto Parts,1737.0,9.22,,"Rico Auto Industries Limited, an engineering company, manufactures and supplies high precision fully machined aluminum, and ferrous components and assemblies to original equipment manufacturers for automotive, powertrain technologies including hybrid vehicles, electric vehicles (EVs), and internal combustion engines (ICEs) internationally. Its integrated services include design, development, tooli"
MENONBE,Menon Bearings Limited,,Consumer Cyclical,Auto Parts,1709.0,2.25,,"Menon Bearings Limited manufactures and sells auto components in India. The company offers bi-metallic engine bearings; engine bushing and PTFE bushings; thrust washers; and flange bearings. Its products are used in automotive, agriculture, industrial, and heavy engineering applications. The company also exports its products to the United States, Japan, the United Kingdom, Italy, France, China, Me"
STUDDS,Studds Accessories Limited,,Consumer Cyclical,Auto Parts,1694.0,1.75,,"Studds Accessories Limited engages in the designing, manufacturing, marketing, and sale of helmets and riding accessories in India and internationally. The company offers full face, flip up face, open face, and off road helmet; arm sleeves, balaclava, cable lock, riding jackets, and motorcycle side luggage; and protective googles. It sells its products under the STUDDS and SMK brands. It serves da"
KROSS,Kross Limited,,Consumer Cyclical,Auto Parts,1657.0,10.18,,"Kross Limited engages in the manufacture and supply of trailer axles, suspension, and automotive components in India and internationally. It offers trailer axles and suspensions; tractor components, including axle shafts, PTO and hydraulic lift shafts, planetary ring gears, differential bevel gears, control spring assemblies, spindle front axle and hydraulic parts, differential spiders, and pin fr"
IGARASHI,Igarashi Motors India Limited,,Consumer Cyclical,Auto Parts,1335.0,2.03,,"Igarashi Motors India Limited manufactures and sells electric micro motors and motor components in India, the United States, Japan, Germany, Hong Kong, and internationally. The company operates through two segments, Automotive and Non-Automotive. Its products include ceiling fans; and electrical equipment, general purpose, and special purpose machinery and equipment. The company also offers engine"
BHARATSE,Bharat Seats Limited,,Consumer Cyclical,Auto Parts,1334.0,2.7,,"Bharat Seats Limited manufactures and sells seating systems and moulded carpets and extruded components for the automotive and surface transport industries in India. It offers seats for four-wheeler, two-wheeler, and railway chair cars; carpets; roof and windshield modeling products; and two-wheeler frame parts. The company also offers NVH components like floor carpet, silencer dash inner, silence"
JAYBARMARU,Jay Bharat Maruti Limited,,Consumer Cyclical,Auto Parts,1189.0,2.79,,"Jay Bharat Maruti Limited engages in the manufacture and sale of auto components and assembly systems in India. The company offers sheet metal components and assemblies, welded and muffler assemblies, tools and dies, exhaust systems, fuel fillers, front and rear axle, chassis and suspension systems, tubular components, engine mounting, cross-car beam, frame assemblies, progressive tooling, and hot"
PRECAM,Precision Camshafts Limited,,Consumer Cyclical,Auto Parts,1115.0,1.55,,"Precision Camshafts Limited, together with its subsidiaries, engages in the manufacture and sale of castings and machined camshafts for the auto industry in India, Asia, Europe, and internationally. The company offers chilled cast iron, ductile iron, hybrid, and assembled camshafts; fuel injector, such as nozzle holder body, nozzle retaining nuts, etc.; stainless steel components; and diesel engin"
MUNJALAU,Munjal Auto Industries Limited,,Consumer Cyclical,Auto Parts,1057.0,4.49,,"Munjal Auto Industries Limited manufactures and sells auto components for motor vehicles in India. It operates through Auto Components and Composite Products & Moulds segments. The company offers cross bars, exhaust systems, steel and spoke wheel rim, and accessories; and complete assembly including BIW parts, B&C pillars, cross car beam, battery tray, control arm, and tie end bars, as well as acc"
OMAXAUTO,Omax Autos Limited,,Consumer Cyclical,Auto Parts,410.0,1.05,,"Omax Autos Limited manufactures and sells automotive sheet metal components, frames, long members, and assemblies in India. The company offers chassis assemblies, cross members, bumpers, cross car beam sub-assemblies, fender support brackets, holding brackets for number plates and rear tail lights, rear cross members, side rails, and sub structures for commercial vehicles. It also provides roofs,"
AUTOIND,Autoline Industries Limited,,Consumer Cyclical,Auto Parts,380.0,1.31,,"Autoline Industries Limited manufactures and sells sheet metal stampings, welded assemblies, and molds for the automotive industries in India and internationally. The company offers small mechanical assemblies, including pedal boxes, parking brakes, door hinges, cab stay and cab tilt assemblies, and battery brackets; exhaust systems; medium stamp parts/assemblies; large stamp assemblies; non-autom"
PSB,Punjab & Sind Bank,,Financial Services,Banks - Regional,15575.0,2.28,,"Punjab & Sind Bank provides various banking and financial products and services in India. It offers deposit products, including saving accounts, current accounts, salary, fixed deposits. The company also provides loans, such as home, auto, education, commercial vehicle, personal, doctor, mortgage, vyapar, e-vahan, gold, mudra, MSME, and agri loans; and SME liquid plus and contractor plus products,"
UTKARSHBNK,Utkarsh Small Finance Bank Limited,,Financial Services,Banks - Regional,2491.0,14.45,,"Utkarsh Small Finance Bank Limited provides banking and financial services in India. It operates through Corporate/Wholesale Banking, Retail Banking, Treasury, and Other Banking Operations segments. The company offers savings, salary, current, term and recurring deposit, escrow, and RERA banking accounts; term, fixed, and recurring deposits; locker facilities; digital products; investment products"
ESAFSFB,ESAF Small Finance Bank Limited,,Financial Services,Banks - Regional,2031.0,1.8,,"ESAF Small Finance Bank provides banking products and services to rural and semi-urban markets in India. The company operates through four segments: Treasury, Wholesale Banking, Retail Banking, and Other Banking Operations. It offers savings and current accounts; fixed, recurring, green, and FCNR deposits; debit and credit cards; and home, gold, vehicle, MSME, Agri, clean energy, QR, and micro fin"
SURYODAY,Suryoday Small Finance Bank Limited,,Financial Services,Banks - Regional,1562.0,3.64,,"Suryoday Small Finance Bank Limited provides financial products to micro-entrepreneurs and underserved communities and individuals in India. It operates through Treasury, Retail Banking, Corporate Banking, and Other Banking Operation segments. The company offers savings, salary, current, and special accounts; and term and fixed deposits, recurring, and double joy deposits. It also provides two-whe"
DHANBANK,Dhanlaxmi Bank Limited,,Financial Services,Banks - Regional,1162.0,1.41,,"Dhanlaxmi Bank Limited provides various banking and financial services in India. The company operates through Treasury, Retail Banking, Corporate/Wholesale Banking, and Other Banking Business segments. It offers deposit products, including savings and current accounts, and term deposits; debit and credit cards; and loans comprising home, vehicle, commercial, education, green, and business loans, a"
FINOPB,Fino Payments Bank Limited,,Financial Services,Banks - Regional,1122.0,2.16,,"Fino Payments Bank Limited provides financial solutions and services in India. The company offers savings, current, and salary accounts; personal, home and property, gold, and referral loans; debit and prepaid cards; and life, health, general, motor, and shopkeeper insurance products, as well as fixed deposit and sweep account facility. It also provides cash management services to various sectors,"
SDBL,Som Distilleries & Breweries Limited,,Consumer Defensive,Beverages - Brewers,1416.0,2.72,,"Som Distilleries & Breweries Limited manufactures and sells beer and Indian made foreign liquor in India and internationally. The company offers beer under the Hunter, Woodpecker, Black Fort, Legend, Power 10000, and Power Cool brands; whisky under the Pentagon Gold, Milestone Blue, Super Power, Genius, Milestone 100, Bhimbetka, Legend Premium, and Mahavat brands; rum under the Pentagon XO and Bla"
VINCOFE,Vintage Coffee And Beverages Limited,,Consumer Defensive,Beverages - Non-Alcoholic,2569.0,39.27,,"Vintage Coffee and Beverages Limited, through its subsidiaries, primarily engages in the manufacture, export, and sale of coffee and beverage products in India and internationally. The company was formerly known as Spaceage Products Limited and changed its name to Vintage Coffee and Beverages Limited in July 2021. Vintage Coffee and Beverages Limited was incorporated in 1980 and is based in Hydera"
GLOBUSSPR,Globus Spirits Limited,,Consumer Defensive,Beverages - Wineries & Distilleries,2614.0,5.67,,"Globus Spirits Limited manufactures and sells bulk alcohol and alcoholic products in India and internationally. It operates through two segments: Manufacturing and Consumer. The company offers Indian-made Indian liquor and Indian-made foreign liquor products; and produces and sells ethanol, extra neutral alcohol, rectified spirit, and premium spirits. It also provides distillery products, includin"
GMBREW,GM Breweries Limited,,Consumer Defensive,Beverages - Wineries & Distilleries,2164.0,2.08,,"G.M. Breweries Limited manufactures and sells alcoholic beverages in India. The company offers Indian made foreign liquor and country liquor. It offers its products under the G.M.SANTRA, G.M.DOCTOR, G.M.LIMBU PUNCH, and G.M.DILBAHAR SOUNF brand names. The company was incorporated in 1981 and is based in Mumbai, India."
ASALCBR,Associated Alcohols & Breweries Ltd.,,Consumer Defensive,Beverages - Wineries & Distilleries,1309.0,1.31,,"Associated Alcohols & Breweries Limited engages in liquor manufacturing, distillation, and bottling activities in India and internationally. It operates through two segments, Potable Alcohols and Ethanol. The company offers extra neutral alcohol, grain-based ethanol, and malt spirit manufacturing, as well as Indian Made Indian Liquor and Indian Made Foreign Liquor. It also provides beers, spirits,"
SULA,Sula Vineyards Limited,,Consumer Defensive,Beverages - Wineries & Distilleries,1135.0,2.98,,"Sula Vineyards Limited manufactures, purchases, and sells wine and other alcoholic beverages in India and internationally. It offers white, red, rosé, and sparkling wines; and spirits under the RASA, The Source, Dindori, SULA CLASSICS, and York brands. The company also owns and operates wine tourism venues, including vineyard resorts and tasting rooms, as well as restaurants. It sells its products"
BCLIND,Bcl Industries Limited,,Consumer Defensive,Beverages - Wineries & Distilleries,983.0,1.84,,"BCL Industries Limited, an agro-processing and manufacturing company, engages in the edible oil, rice milling, grain-based distillery, and real estate businesses in India. It provides grain-based ethanol production, extra neutral alcohol, country liquor, and biofuels. The company also constructs residential houses. The company was incorporated in 1976 and is based in Chandigarh, India."
ZOTA,Zota Health Care LImited,,Healthcare,Biotechnology,4460.0,5.65,,"Zota Health Care Limited develops, manufactures, and markets pharmaceutical products in India and internationally. The company offers pharmaceutical, nutraceutical, ayurvedic, and over-the-counter products. It also provides various medicines for chronic ailments, such as diabetes, cardiac, and thyroid disorders. The company operates its retail stores under the DAVAINDIA name. Zota Health Care Limi"
DCAL,Dishman Carbogen Amcis Limited,,Healthcare,Biotechnology,2673.0,3.04,,Dishman Carbogen Amcis Limited provides contract development and manufacturing organization (CDMO) services for the pharmaceutical and healthcare industries worldwide. It operates through Integrated CDMO Platform and Marketable Molecules segments. The company offers cholesterol and vitamin D analogs; soft gel capsules and formulations; intermediate and active pharmaceutical ingredients (APIs) whic
PANACEABIO,Panacea Biotec Limited,,Healthcare,Biotechnology,2304.0,3.67,,"Panacea Biotec Limited, a biotechnology company, engages in the research, development, manufacture, and marketing of vaccines, pharmaceutical formulations, nutraceuticals, and food and nutrition products in India and internationally. It operates through Vaccines and Pharmaceutical formulations & Nutrition segments. The company's product portfolio includes prescription products in various therapeut"
3BBLACKBIO,3B Blackbio Dx Limited,,Healthcare,Biotechnology,,2.5,,"3B Blackbio Dx Limited engages in the design, development, manufacturing, and commercialization of molecular diagnostic solutions for infectious diseases, oncology, human genetics and antimicrobial resistance in India. The company offers qPCR-based and lateral flow assays rapid tests and Next Gen Sequencing -based molecular diagnostic kits for accurate and reliable testing on patient samples under"
AQYLON,Aqylon Nexus Limited,,Communication Services,Broadcasting,479.0,2.24,,"Aqylon Nexus Limited provides AI data centers, semiconductors, and AI technology services in India and internationally. The company development and operation of ai-ready data centre infrastructure; computing and accelerated computing infrastructure; data storage, networking and related infrastructure; semiconductor design and related technology solutions; machine learning and data engineering serv"
ZEEMEDIA,Zee Media Corporation Limited,,Communication Services,Broadcasting,479.0,1.54,,"Zee Media Corporation Limited publishes and broadcasts satellite television channels in India and internationally. The company sells television programs and contents; and provides advertisement, subscription, and content distribution services. It serves through news channels in various languages, including global English news channel under the WION name; regional news channels, such as Zee 24 Taas"
MIDWESTLTD,Midwest Limited,,Basic Materials,Building Materials,3574.0,1.46,,"Midwest Limited engages in the exploration, exploitation, manufacturing, processing, and selling of dressed granite blocks and slabs in India and internationally. The company offers black galaxy granite, absolute black granite, color granite, laza grey, quartz grit and powder, quartzite, and cristobalite; heavy mineral sand products, such as rutile, ilmenite, zircon, monazite, and sillimanite; and"
HEIDELBERG,HeidelbergCement India Limited,,Basic Materials,Building Materials,3211.0,3.37,,"HeidelbergCement India Limited manufactures and sells cement in India and internationally. The company offers Portland pozzolana cement under the mycem, mycem Primo, mycem Power, and mycem Power Shield brands. It also manufactures and sells clinkers; and sells scrap materials. In addition, the company provides concrete solution labs, including mobile technical lab services. The company was formerl"
MANGLMCEM,Mangalam Cement Limited,,Basic Materials,Building Materials,2778.0,8.6,,"Mangalam Cement Limited manufactures and sells cement and clinker products in India. The company offers Portland Pozzolana, 43 grade, 53 grade, and fly ash-based PPC cement under the Mangalam ProMaxX and Birla Uttam Cement brands, as well as medium density fibre boards. It sells its products directly to customers, as well as through intermediates, distributors, and dealers. The company serves inst"
EUROPRATIK,Euro Pratik Sales Limited,,Basic Materials,Building Materials,2289.0,4.99,,"Euro Pratik Sales Limited sells and markets decorative wall panels and laminates. It offers wall panels, translucent panels and highlighters, adhesives, interior films, and designer laminates. The company was founded in 2003 and is based in Mumbai, India."
KCP,KCP Limited,,Basic Materials,Building Materials,2055.0,2.13,,"The KCP Limited engages in cement, heavy engineering, power generation, and hospitality businesses in India. It operates through Cement Unit, Engineering Unit, Hotel, and Sugar segments. The company manufactures and sells cement; generates power from various sources, including thermal, hydel, solar, wind, and waste heat recovery; and produces refined sugar products under VARELLA brand. It also man"
DECCANCE,Deccan Cements Limited,,Basic Materials,Building Materials,795.0,1.32,,"Deccan Cements Limited engages in the manufacture and sale of cement in India. The company offers ordinary Portland cement (OPC), portland pozzolana, and sulphate resistance portland cement products, as well as other specialty cement products, such as rapid hardening, sulphate-resistant, high alumina, oil well cement, and 53-S grade OPC for railway applications. It also engages in the production a"
PRINCEPIPE,Prince Pipes And Fittings Limited,,Industrials,Building Products & Equipment,2943.0,4.15,,"Prince Pipes and Fittings Limited manufactures and sells piping solutions in India. The company offers the SMARTFIT PLUS chlorinated polyvinyl chloride (CPVC) hot and cold potable water plumbing systems, EASYFIT unplasticized polyvinyl chloride (UPVC) plumbing systems, and EASYFIT RE reclaim piping systems; Onefit Corzan CPVC industrial piping system, GREENFIT poly propylene random copolymer (PPR)"
RAMCOIND,Ramco Industries Limited,,Industrials,Building Products & Equipment,2832.0,3.86,,"Ramco Industries Limited engages in the building products, textiles, and power generation businesses in India. The company operates through three segments: Building Products, Textile and Wind Power Generation segments. It offers G.I. channels and ceiling sections, connecting clips, soffit cleat, rawl plug, fibre tape mesh, self-drilling, tapping screws, and jointing compounds; pre-coated wall angl"
SOMANYCERA,Somany Ceramics Limited,,Industrials,Building Products & Equipment,2417.0,5.84,,"Somany Ceramics Limited manufactures and trades in decor solutions in India. It offers ceramic wall and floor, polished vitrified, and glazed vitrified tiles;sanitaryware, such as toilets, basins, cisterns, and urinals; bath fittings, including faucets, showers, bath accessories, and health faucets; smart bath ware products; and adhesives, grouts, waterproofing systems, protective coatings and pri"
APOLLOPIPE,Apollo Pipes Limited,,Industrials,Building Products & Equipment,2369.0,16.11,,"Apollo Pipes Limited manufactures and trades in polyvinyl chloride (PVC) pipes and fittings in India. The company offers cPVC, uPVC, and PPR-C plumbing systems; uPVC pressure pipes and fittings, and garden pipes; HDPE PLB duct pipes and MDPE and HDPE gas piping system; SWR drainage system, underground drainage system, and DWC pipes; and agri pipes and fitting, HDPE pipes, coils, and sprinkler syst"
POKARNA,Pokarna Limited,,Industrials,Building Products & Equipment,2272.0,5.05,,"Pokarna Limited, together with its subsidiaries, engages in the quarrying, manufacturing, processing, and selling of granites in India, China, the United States, and internationally. It operates through the Granite and Quartz Surfaces segments. The company offers granite raw blocks, processed slabs, tiles, countertops, and monuments in various colors and patterns. It also manufactures, processes,"
NITCO,Nitco Limited,,Industrials,Building Products & Equipment,2260.0,4.21,,"NITCO Limited engages in the tiles and marble business in India and internationally. It operates in two segments, Tiles and Related Products; and Real Estate. The company provides vitrified tiles, such as glazed, DCH, heavy duty and SST; wooden tiles, including wall, floor, ceramic and vitrified; ceramic wall and floor tiles; and digital, Italian, and porcelain tiles. It also offers anti-bacterial"
ASIANTILES,Asian Granito India Limited,,Industrials,Building Products & Equipment,1520.0,15.16,,"Asian Granito India Limited, together with its subsidiaries, engages in the manufacture and trade of tiles, marbles, and allied products in India and internationally. The company offers floor, wall, and parking tiles; glazed and polished vitrified tiles; countertops; quartz and marble surfaces; sanitary ware comprising showers, water closets, basins, urinals, cisterns, and seat covers; bath ware;"
BIRLANU,BirlaNu Limited,,Industrials,Building Products & Equipment,1047.0,1.09,,"BirlaNu Limited, together with its subsidiaries, manufactures and distributes home and building products and services in India, Europe, and internationally. The company operates through five segments: Roofs, Walls, Pipes and Construction Chemicals, Floors, and Others. It offers fiber cement, fortune fiber cement, ultracool fiber cement, and colored steel roofs, as well as leakproof sealing and str"
VISAKAIND,Visaka Industries Limited,,Industrials,Building Products & Equipment,824.0,1.81,,"Visaka Industries Limited manufactures and sells manufacture of cement fibre sheets, fibre cement boards and panels, solar panels, and synthetic yarn in India and internationally. It operates through two segments, Building Products and Synthetic Yarn. The company provides fibre cement boards for interior and semi-exposed applications; integrated solar roofing systems; cement roofing sheets, such a"
ORIENTBELL,Orient Bell Limited,,Industrials,Building Products & Equipment,577.0,1.8,,"Orient Bell Limited manufactures, trades in, and sells ceramic, wall, and floor tiles in India and internationally. The company also offers bathroom, kitchen, room, marble, vitrified, flexi, and subway tiles. It sells its products through channel partners. The company was incorporated in 1977 and is headquartered in New Delhi, India."
FLAIR,Flair Writing Industries Limited,,Industrials,Business Equipment & Supplies,2517.0,1.53,,"Flair Writing Industries Limited manufactures and sells writing instruments, stationeries, and other allied products in India and internationally. The company offers ball, fountain, gel, roller, plastic, and metal pens; mechanical pencils, correction pens, and refills; sketch pens, colour pencils, wax crayons, oil pastels, activity kits and school stationery sets; art and hobby products; calculato"
CONTROLPR,Control Print Limited,,Industrials,Business Equipment & Supplies,958.0,1.37,,"Control Print Limited engages in the manufacture and sale of coding and marking machines and consumables in India and internationally. It offers continuous inkjet printers, thermal inkjet printers, high-resolution printers, thermal transfer over printers, hot roller and quick coders, laser printers, and large character printers, as well as consumables. The company provides surgical face masks and"
SGFIN,SG Finserve Limited,,Financial Services,Capital Markets,4107.0,10.57,,"SG Finserve Limited operates as a non-banking financial company in India. It offers dealer financing, retailer financing, logistics and transporter financing, and tailor-made term lending solutions, as well as vendor supplier financing for corporates. The company was formerly known as Moongipa Securities Limited. SG Finserve Limited was incorporated in 1994 and is based in Ghaziabad, India."
MONARCH,Monarch Networth Capital Limited,,Financial Services,Capital Markets,2869.0,3.26,,"Monarch Networth Capital Limited, together with its subsidiaries, provides financial services to retail investors, mutual funds, institutional investors, foreign institutional investors, financial institutions and corporate clients in India. The company operates through three segments: Broking & other Finance Market Services; Non-Banking Finance Business; and Insurance Business. The company offers"
GEOJITFSL,Geojit Financial Services Limited,,Financial Services,Capital Markets,2287.0,2.51,,"Geojit Financial Services Limited, an investment services company, provides broking and financial services in India, Oman, Kuwait, the United Arab Emirates, and Saudi Arabia. The company offers equity, Mutual fund, portfolio management, Alternate Investment Fund, Currency Futures Trading, Initial Public Offer investment, Sovereign Gold Bond Scheme, insurance, Depository, Margin Trading Funding, Pr"
ALGOQUANT,Algoquant Fintech Limited,,Financial Services,Capital Markets,2049.0,8.37,,"Algoquant Fintech Limited engages in the trading of financial instruments in India. The company was formerly known as Hindustan Everest Tools Limited and changed its name to Algoquant Fintech Limited in November 2021. The company was incorporated in 1962 and is based in New Delhi, India. Algoquant Fintech Limited is a subsidiary of Algoquant Financial LLP."
SMCGLOBAL,SMC Global Securities Limited,,Financial Services,Capital Markets,1707.0,3.64,,"SMC Global Securities Limited, together with its subsidiaries, engages in the provision of various financial services in India and internationally. It operates through three segments: Broking, Distribution, and Trading; Insurance Broking Services; and Financing Services. The Broking, Distribution, and Trading segment engages in the brokerage and proprietary trading in dealing in equity securities,"
GCSL,Gretex Corporate Services Limited,,Financial Services,Capital Markets,1492.0,37.77,,"Gretex Corporate Services Limited, a merchant banking company, provides financial and consultancy services in the areas of capital markets advisory, corporate finance, corporate restructuring, debt syndication, and compliance advisory in India. The company offers initial public offerings, follow-on public offers, rights issues and qualified institutional placements, and open offers, exit offers, a"
PNBGILTS,PNB Gilts Limited,,Financial Services,Capital Markets,1384.0,2.38,,"PNB Gilts Ltd. operates as a government securities dealer in India. The company involved in underwriting and bidding government securities issuances; trading of fixed income instruments, such as government securities, treasury bills, state development loans, corporate bonds, and interest rate swaps, as well as various money market instruments, including certificates of deposits, commercial papers,"
MASTERTR,Master Trust Limited,,Financial Services,Capital Markets,1079.0,2.87,,"Master Trust Limited provides financial services in India. It offers multi-asset brokerage and trading solutions, research and advisory services, wealth management, merchant banking, depository and custody services, and NBFC lending services. In addition, it also provides equity trading, derivatives trading, wealth management, currency trading, insurance, commodity trading, algo trading systems, m"
DAMCAPITAL,Dam Capital Advisors Limited,,Financial Services,Capital Markets,971.0,2.81,,"DAM Capital Advisors Limited provides investment banking services. The company operates through two segments, Stock Broking Services and Investment Banking Services. It offers equity capital markets services, including initial public offerings, qualified institutional placements, follow-on public offerings, block and bulk deal execution, offer for sale transactions, rights issues, and preferential"
ARIHANTCAP,Arihant Capital Markets Limited,,Financial Services,Capital Markets,895.0,1.35,,"Arihant Capital Markets Limited, together with its subsidiaries, provides financial advisory, brokerage, and consultancy services in India. It offers stock, commodities, and insurance broking services, as well as portfolio management, financial, real estate, and other related services. The company is also involved in the Retail broking, and depository services; Serving banks, insurance companies,"
INDOTHAI,Indo Thai Securities Limited,,Financial Services,Capital Markets,438.0,1.97,,"Indo Thai Securities Limited engages in the stock and share broking, depository participants, and other related ancillary businesses in India. The company operates through Equity, F&O, Currency Derivatives, Mutual Fund, Income from Depository Operations, and Commodity segments. It is involved in the trading of equity broking, commodity broking, currency broking, algorithmic trading, institutional"
RPEL,Raghav Productivity Enhancers Limited,,Basic Materials,Chemicals,7771.0,19.4,,"Raghav Productivity Enhancers Limited manufactures, trades in, and sells ramming mass and other quartz related items in India and internationally. It offers silica ramming mass and refractory products for use in creating linings for furnaces, incinerators, kilns, and reactors. The company also exports its products. It serves recycled steel manufacturers, as well as foundry, steel, casting, and inc"
FOSECOIND,Foseco India Limited,,Basic Materials,Chemicals,5032.0,10.6,,"Foseco India Limited engages in manufacturing of additives and consumables for the metallurgical industry in India and internationally. It offers feeder sleeves and risers, coatings for sand molds and cores, filters and gating systems, metal treatment for nonferrous alloys, crucibles and retorts, binders and molding materials, and ferrous metal treatment, as well as melt shop refractories and flow"
EPIGRAL,Epigral Limited,,Basic Materials,Chemicals,4793.0,5.0,,"Epigral Limited manufactures and sells chlor-alkali and derivative products in India and internationally. The company offers chlorinated polyvinyl chloride (CPVC) resin, epichlorohydrin, chloromethanes value chain, hydrogen peroxide, caustic soda and potash, chlorine, hydrogen, chloromethanes, captive power plant (CPP), and chlorotoluene value chain, as well as operates wind-solar hybrid power pla"
GUJALKALI,Gujarat Alkalies and Chemicals Limited,,Basic Materials,Chemicals,4623.0,6.16,Chlor-Alkali & Soda Ash,"Gujarat Alkalies and Chemicals Limited engage in the manufacture and marketing of various chemical products in India. It provides caustic soda lye, caustic soda flakes and prills, sodium sulphate, hydrochloric acid, sodium hypochlorite, liquid chlorine, and compressed hydrogen gas; caustic potash lye and flakes, and potassium carbonate powder and granules; hydrogen peroxide; and chlorinated paraff"
BEPL,Bhansali Engineering Polymers Limited,,Basic Materials,Chemicals,3188.0,15.68,,"Bhansali Engineering Polymers Limited operates a petrochemical company in India and internationally. The company manufactures and sells thermoplastic resins that include acrylonitrile butadiene styrene (ABS) and styrene acrylate (SAN) resins. Its products include general purpose, heat resistant, flame retardant, and extrusion ABS resins for automobiles, home appliances, television, electronics, he"
CHEMPLASTS,Chemplast Sanmar Limited,,Basic Materials,Chemicals,2864.0,3.62,Chlor-Alkali & Soda Ash,"Chemplast Sanmar Limited engages in manufacturing and selling of specialty chemicals in India. The company offers specialty paste PVC resins; custom manufactured chemicals, such as organic chemicals, and phyto chemicals comprising colchicine and thiocolchicoside; and hydrogen peroxide. It also provides caustic chlor products, including caustic soda lye and flakes, chlorine, hydrochloric acid, and"
SANSTAR,Sanstar Limited,,Basic Materials,Chemicals,2250.0,1.7,,"Sanstar Limited manufactures and sells plant-based specialty products and ingredient solutions in India and internationally. It provides liquid glucose products, dried glucose solids, maltodextrin powders, dextrose monohydrates, native starches, modified starches, and co-products, such as germs, gluten, fiber, and enriched protein products, and others. The company also offers native maize starch,"
IGPL,IG Petrochemicals Limited,,Basic Materials,Chemicals,1776.0,4.95,,"I G Petrochemicals Limited manufactures and sells chemical products in India and internationally. The company offers phthalic anhydride, maleic anhydride, benzoic acid, and diethyl phthalate. Its products are used in plasticizers, paints and coatings, construction and infrastructure, automotive, FRP/composites, food and beverage, pharmaceuticals, cosmetics and fragrances, agrochemicals, electrical"
INDOBORAX,Indo Borax & Chemicals Limited,,Basic Materials,Chemicals,1488.0,6.53,,"Indo Borax & Chemicals Limited manufactures and sells boron-based products in India. It offers borax products, such as decahydrate crystals and granular; boric acid products that include boric acid Indian pharmacopoeia grade, and technical grade granular, and powders; boron oxide; and disodium octaborate tetrahydrate. The company was incorporated in 1980 and is based in Mumbai, India."
DCW,DCW Limited,,Basic Materials,Chemicals,1342.0,5.31,Chlor-Alkali & Soda Ash,"DCW Limited engages in the manufacture and sale of heavy chemical products in India. The company offers specialty chemicals, including chlorinated poly vinyl chloride, synthetic iron oxide pigment, and synthetic rutile; intermediate chemicals comprising sodium bicarbonate, hydrochloric acid, liquid chlorine, trichloroethylene, perchloroethylene, ferric chloride, sodium hypochlorite, and ammonium b"
ANDHRSUGAR,The Andhra Sugars Limited,,Basic Materials,Chemicals,1288.0,4.55,,"The Andhra Sugars Limited, together with its subsidiaries, manufactures and sells organic and inorganic chemicals in India. It operates through Sugars, Chlor Alkali, Power Generation, Industrial Chemicals, and Others segments. The company offers chemicals and fertilizers, including poly aluminum chlorides, super phosphates, sulphuric acids, hydrogen gases, sodium hypochlorite, hydrochloric acids,"
GODAVARIB,Godavari Biorefineries Limited,,Basic Materials,Chemicals,1241.0,1.81,,"Godavari Biorefineries Limited manufactures and sells sugar in India. It provides distillery, including ethanol, bio-chemicals, and other bio products; and classic and brown sugar, plantation white sugar, and refined sugar. The company also offers perfumery and pharmaceutical grade ethanol, rectified spirits, anhydrous alcohol, and extra neutral alcohol; hand sanitizers; sugarcane wax; and sugarca"
VALIANTORG,Valiant Organics Limited,,Basic Materials,Chemicals,1186.0,1.88,,"Valiant Organics Limited, a chemical manufacturing company, manufactures and markets specialty chemicals in India and internationally. The company offers para chloro phenol; ortho chloro phenol; 2,4 di chloro phenol; 2,4,6 tri chloro phenol; n-isopropyl para chloro aniline; meta chloro aniline; para flouro aniline; 4-flouro-N-isopropylaniline; 2,4-dichlorophenoxyacetic acid; para nitro aniline; or"
TGVSL,TGV Sraac Limited,,Basic Materials,Chemicals,1146.0,1.12,,"TGV SRAAC Limited engages in the manufacture and sale of chlor-alkali chemicals, chloromethane, castor oil derivatives, and fatty acids in India and internationally. It operates through Chemicals and Oils and Fats segments. The Chemicals segment offers caustic soda, caustic potash, chlorine, and chloro methanes. Its Oils and Fats segment produces castor oil derivatives, soap noodles, hydroxy stear"
GULPOLY,Gulshan Polyols Limited,,Basic Materials,Chemicals,1054.0,2.77,,"Gulshan Polyols Limited engages in the mineral and grain processing, and ethanol distillery businesses in India. The company provides starch sugar products, such as sorbitol 70% solution, dextrose monohydrate, malto dextrine powder, liquid glucose, brown rice syrups, and rice syrup solids; organic sweeteners; native starches; and animal nutrition products comprising dried distillers grain solids,"
GEMAROMA,Gem Aromatics Limited,,Basic Materials,Chemicals,787.0,1.35,,"Gem Aromatics Limited manufactures and sells specialty ingredients in India, the United States, China, Brazil, Singapore, and internationally. The company offers mint and mint derivatives, such as peppermint, spearmint, and menthol; clove and clove derivatives, including clove oil, and eugenol and eugenol derivatives; phenol comprising anethole; and other ingredients, such as eucalyptus and eucaly"
DMCC,DMCC SPECIALITY CHEMICALS LIMITED,,Basic Materials,Chemicals,712.0,1.33,,"DMCC Speciality Chemicals Limited manufactures and sells specialty and commodity chemicals in India and internationally. The company offers base, boron, functional, and life science chemicals. It also provides custom manufacturing and technology services. The company's products are used in agrochemicals, construction chemicals, cosmetics, detergents, dyes, electroplating, emulsions, fertilizers, f"
BHARATCOAL,Bharat Coking Coal Limited,,Basic Materials,Coking Coal,,12.43,,"Bharat Coking Coal Limited produces and sells coal in India. The company offers coking coal, non-coking coal, and washed coking and power coal products, as well as rejects and slurries. Its products are used in power, steel, cement, fertilizer, and glass manufacturing applications. The company serves the power and non-power sectors. The company was incorporated in 1972 and is based in Dhanbad, Ind"
AVANTEL,Avantel Limited,,Technology,Communication Equipment,3854.0,10.53,,Avantel Limited engages in the manufacturing of wireless communications products in India. The company offers software defined radios; satellite communication equipment; HF communication equipment; radar systems; network management systems and application software; and embedded systems and digital signal processing solutions. It also provides mobile satellite services (MSS) network that offers voi
PACEDIGITK,Pace Digitek Limited,,Technology,Communication Equipment,3343.0,8.57,,"Pace Digitek Limited operates as a service providers in power management, optic fiber laying, and energy management solutions in India and internationally. It operates through three segments: Telecom, Energy, and Others. The company offers telecom power solutions include power management solutions, such as switch mode power supply, power management unit, integrated power management unit, hybrid DC"
NELCO,NELCO Limited,,Technology,Communication Equipment,2251.0,19.04,,"Nelco Limited provides satellite communication connectivity systems and solutions. The company offers VSAT satellite communication services for bank atm, bank branches, renewable energy, enterprise, and maritime and aero, as well as oil, energy, and gas areas; installation and annual maintenance contract; network management; and satellite communication and internet services. It also designs, suppl"
PARACABLES,Paramount Communications Limited,,Technology,Communication Equipment,1997.0,9.13,Cables & Wires,"Paramount Communications Limited, together with its subsidiaries, engages in the manufacture and sale of wires and cables in India. The company provides power cables, including high tension and low-tension power and aerial bunch, screened and unscreened cables, control cables, instrumentation cables, and certified cables for housing and renewables; railways cables comprising signaling, railway pow"
DLINKINDIA,D-Link (India) Limited,,Technology,Communication Equipment,1511.0,2.19,,"D-Link (India) Limited engages in the marketing and distribution of D-Link branded networking products for small and medium businesses, residential users, and service providers in India and internationally. It offers home networking products, such as Wi-Fi systems, 4G/5G, cameras, smart home, switches, and adapters, as well as switches, wireless, nuclias, IP surveillance, industrial switches, and"
GTLINFRA,GTL Infrastructure Limited,,Technology,Communication Equipment,1447.0,3.73,,"GTL Infrastructure Limited, an independent and neutral telecom tower company, owns, builds, operates, and maintains telecom towers and related infrastructure, supporting multiple technologies including 2G, 3G, 4G, 5G, IoT, and enterprise data systems primarily in India. It provides telecom towers on a shared basis for telecommunications service providers to host their active network components; an"
BIRLACABLE,Birla Cable Limited,,Technology,Communication Equipment,1167.0,11.29,,"Birla Cable Limited engages in the manufacture and sale of cables in India and internationally. The company offers wires and cables, lighting poles, solar energy systems and components trading, and fiber optic products and requisites trading.It also provides structured cable accessories, including patch cords, keystones, patch panels, faceplates, and connectors; telecom fibre accessories, such as"
KAVDEFENCE,Kavveri Defence & Wireless Technologies Limited,,Technology,Communication Equipment,456.0,1.82,,"Kavveri Defence & Wireless Technologies Limited engages in the design, development, and manufacture of radio frequency (RF) products and antennas for telecom, defense, and space applications in India and internationally. The company offers omnidirectional antenna, directional panel antennas, sectoral antennas, patented field-adjustable sectoral designs, Yagi and dipole antennas, flat-omni antennas"
EBGNG,GNG Electronics Limited,,Technology,Computer Hardware,7872.0,62.01,,"GNG Electronics Limited refurbishes, repairs, and sells laptops, desktops, tablets, servers, smartphones, mobile workstations, and accessories in India. The company offers other value added services, such as Information Technology Asset Disposition (ITAD) and e-waste management services, warranties, doorstep service, onsite installation, flexible pay options, easy upgrades, assured buyback progra"
IDEAFORGE,Ideaforge Technology Limited,,Technology,Computer Hardware,3808.0,17.75,,"ideaForge Technology Limited engages in the manufacture and marketing of unmanned aerial vehicle (UAV) systems for security and surveillance applications in India and internationally. The company provides BlueFire Touch, a ground control software for controlling and managing UAVs and autopilot subsystems; and BlueFire Live, a live streaming and payload control software, as well as autopilot and re"
BAJAJHIND,Bajaj Hindusthan Sugar Limited,,Consumer Defensive,Confectioners,4821.0,59.95,,"Bajaj Hindusthan Sugar Limited, together with its subsidiaries, manufactures and sells sugar products from sugarcane in India. It operates through Sugar, Distillery, and Power segments. The company also provides sugar by-products, such as molasses, bagasse, fly ash, and press mud; bio-compost/bio-manure; and industrial alcohol and ethanol products. In addition, the company generates and sells powe"
DALMIASUG,Dalmia Bharat Sugar and Industries Limited,,Consumer Defensive,Confectioners,3109.0,11.01,,"Dalmia Bharat Sugar and Industries Limited engages in the sugar business in India and internationally. It operates through Sugar, Distillery, and Others segments. The company offers refined sugar and double sulphitation sugars; alcohol-based hand sanitizers; and sulphur free white crystal sugar and natural brown sugar under the Dalmia Utsav brand name. It also provides alcohol, including rectified"
AVADHSUGAR,Avadh Sugar & Energy Limited,,Consumer Defensive,Confectioners,1466.0,11.01,,"Avadh Sugar & Energy Limited manufactures and sells sugar and its by-products in India. The company operates through Sugar, Distillery, Co-generation, and Others segments. It offers molasses, bagasse, and press-mud products. In addition, the company provides industrial spirits, including ethanol and fusel oils. Further, the company is involved in generation and transmission of power, as well as tr"
DHAMPURSUG,Dhampur Sugar Mills Limited,,Consumer Defensive,Confectioners,1044.0,11.55,,"Dhampur Sugar Mills Limited, together with its subsidiaries, manufactures and sells sugar and its byproducts in India. It operates in six segments: Sugar, Chemicals, Ethanol, Potable Spirits, Power, and Other. The company offers branded, white, and raw sugar; ethyl acetate; RS, ethanol, extra-neutral alcohol (ENA), and industrial alcohol; and country liquor. It also engages in the sale of petrol a"
UTTAMSUGAR,Uttam Sugar Mills Limited,,Consumer Defensive,Confectioners,977.0,7.12,,"Uttam Sugar Mills Limited manufactures and sells sugar products under the Uttam brand in India and internationally. It operates through three segments: Sugar, Cogeneration, and Distillery. The company offers pharma, double refined, planation white, and demerara sugar, as well as invert sugar syrup; and liquid, natural brown, sulphur free and bura, icing, superfine, mishri candi, white sachet, brow"
DWARKESH,Dwarikesh Sugar Industries Limited,,Consumer Defensive,Confectioners,758.0,18.16,,"Dwarikesh Sugar Industries Limited engages in the manufacture and sale of sugar in India. It is also involved in the co-generation and sale of power; manufacture of industrial alcohol, molasses, and ethanol; and production of hand sanitizers and liquid carbon dioxide. The company was formerly known as Dwarka Sugar Limited and changed its name to Dwarikesh Sugar Industries Limited in April 1994. Dw"
MAGADSUGAR,Magadh Sugar & Energy Limited,,Consumer Defensive,Confectioners,689.0,1.89,,"Magadh Sugar & Energy Limited manufactures and sells sugar and its by-products in India and internationally. It operates in three segments: Sugar, Distillery, and Co-Generation. The company offers white crystal sugar, ethanol, industrial spirits, and bio-compost; and by-products, including molasses and press-mud. It also generates and transmits bagasse-based power. The company exports its products"
UGARSUGAR,The Ugar Sugar Works Limited,,Consumer Defensive,Confectioners,628.0,4.09,,"The Ugar Sugar Works Limited manufactures and sells sugar, and industrial and potable alcohol in India. The company operates through Sugar, Industrial Alcohol, Potable Alcohol, Co-Generation, and Petroleum Products Sales segments. It offers white crystal sugar and its byproducts, such as bagasse, filter cake, and final molasses. The company also provides various distillery products, such as IML pr"
MAWANASUG,Mawana Sugars Limited,,Consumer Defensive,Confectioners,491.0,3.68,,"Mawana Sugars Limited manufactures and sells sugar products in India. It operates through Sugar, Power, and Distillery segments. The company produces plantation white, refined, and specialty sugars, as well as IP grade sugar for pharmaceutical applications. It is also involved in the cogeneration of power from bagasse; and manufacturing and sale of anhydrous and hydrous ethanol, including denature"
DAVANGERE,Davangere Sugar Company Limited,,Consumer Defensive,Confectioners,363.0,5.07,,"Davangere Sugar Company Limited manufactures and sells sugar and molasses primarily in India. The company operates through four segments: Sugar, Co-Generation, Aviation, and Distillery. It engages in the co-generation of electricity related activities with a capacity of 24.45 megawatts. The company is also involved in the production of ethanol products, as well as aviation related business that co"
PONNIERODE,Ponni Sugars (Erode) Limited,,Consumer Defensive,Confectioners,304.0,1.42,,Ponni Sugars (Erode) Limited manufactures and sells sugar in India. It operates through Sugar and Cogeneration segments. The company is involved in the provision of bagasse and molasses; and cogeneration of power. It also exports its products. Ponni Sugars (Erode) Limited was formerly known as SPB Sugars and Chemicals Limited and changed its name to Ponni Sugars (Erode) Limited in January 2000. Po
HNDFDS,Hindustan Foods Limited,,Industrials,Conglomerates,7494.0,4.27,,"Hindustan Foods Limited engages in the business of contract manufacturing of fast-moving consumer goods in India and internationally. The company offers breakfast cereals, instant porridges, rice crispies, instant mixes, soups and soup powders, spices and masala, sauces, dips, pastes, jams, jellies, preserves, gravies, cookies, protein and granola bars, chikkis, and muesli; and hot and cold bevera"
SINDHUTRAD,Sindhu Trade Links Limited,,Industrials,Conglomerates,4420.0,5.01,,"Sindhu Trade Links Limited, together with its subsidiaries, primarily engages in the mining, transportation, and loading services in India. It operates through Transportation & Logistics, Oil, Lubricants, & Spares, Finance & Investment, Generation & Supply of Electricity, and Oil Drilling Operations segments. The company is involved in the development of food park for food processing industries; t"
BALMLAWRIE,Balmer Lawrie & Company Limited,,Industrials,Conglomerates,2839.0,2.27,,"Balmer Lawrie & Co. Ltd. engages in industrial packaging, greases and lubricants, chemicals, travel and vacations, logistic services and infrastructure, cold chain, and refinery and oil field businesses in India. The company offers industrial packaging products, including plain steel, lacquer lined, composite, galvanized, conical, internally painted, necked in, and tall drums; and automotive lubri"
SBC,SBC Exports Limited,,Industrials,Conglomerates,2343.0,38.82,,"SBC Exports Limited manufactures and sells hosiery fabrics and garments in India and internationally. The company operates through three segments: Garments Manufacturing; Information Technology Services; and Travel and Tour Operations. It offers T-shirts, denims, sweatshirts, trousers, jackets, leggings, etc. under the SBC DESIGN+, F-ROUTE, IEDEE, FEMAS FASHIONS, FEMAS LINGERIE'S, and FEMAS JEANS"
JISLJALEQS,Jain Irrigation Systems Limited,,Industrials,Conglomerates,2271.0,5.4,,"Jain Irrigation Systems Limited manufactures and sells precision-irrigation systems in India, Europe, North America, and internationally. The company operates through Hi-Tech Agri Input Products; Plastic Division; and Agro Processing Division segments. It provides drip irrigation; micro and mini sprinklers; sprinkler irrigation systems; filters, dosing pumps, and injectors; PVC and PE pipes and fi"
NIBE,NIBE Limited,,Industrials,Conglomerates,2125.0,4.65,,"Nibe Limited engages in the fabrication and machining of components in the defense sector in India and internationally. It offers pinaka launcher system, modular bridge system, hull and turret, canister, cassette, underframe, deflector, brahmos missiles canister, rudder blade assembly, short-span bridging system, track width mine plough, universal vertical launch mechanism, road mobile launcher, a"
PVP,PVP Ventures Limited,,Industrials,Conglomerates,1621.0,14.88,,"PVP Ventures Limited, together with its subsidiaries, engages in the development of urban infrastructure in India and internationally. It operates through Real Estate, Health Care Services, and Others Segments. PVP Ventures Limited was incorporated in 1991 and is based in Hyderabad, India. PVP Ventures Limited operates as a subsidiary of Platex Limited."
ZUARIIND,ZUARI INDUSTRIES LIMITED,,Industrials,Conglomerates,812.0,1.38,,"Zuari Industries Limited engages in agriculture, heavy engineering, infrastructure, lifestyle, and services businesses in India and internationally. It operates through the Engineering Services, Furniture, Real Estate, Sugar, Power, Financial Services, Ethanol, and Management Services segments. The Engineering Services segment offers technology, basic engineering, detailed engineering, project man"
VOEPL,Virtuoso Optoelectronics Limited,,Technology,Consumer Electronics,1693.0,4.01,,"Virtuoso Optoelectronics Limited engages in the manufacturing, sale, and marketing of white goods in India. It offers split air conditioners; LED lighting; water dispensers; commercial freezers; washing machines; compressors; and EMS-circuit boards through online platforms. The company also provides plastic molding, sheet metal, powder coating, copper tubing systems, heat exchangers, EMS manufactu"
BHAGYANGR,Bhagyanagar India Limited,,Basic Materials,Copper,1450.0,3.25,,"Bhagyanagar India Limited manufactures and distributes copper products in India. The company offers copper bus bars, wires and rods, foils and sheets, nuggets, tubes and pipes, paper insulated copper conductors, enameled strips and wires, continuous transpose conductors, and yoke assembly and solenoid switch products. It also provides solar flat plate collectors, solar fins, field coils and armatu"
PAISALO,Paisalo Digital Limited,,Financial Services,Credit Services,8488.0,131.75,,"Paisalo Digital Limited, a non-banking financial company, engages in providing loans through its financial products in India. It offers small income generation loans, including Umeed loans, Pragati loans, and Vikas loans for self-employed individuals and small business owners in rural and semi-urban areas, supporting sectors like agriculture, retail, and handicrafts. The company also provides mobi"
TFCILTD,Tourism Finance Corporation of India Limited,,Financial Services,Credit Services,6484.0,128.41,,"Tourism Finance Corporation of India Limited, a financing institution, engages in the provision of financial assistance services in India. The company offers financial assistance by way of loans and investment in debt instruments to tourism/ hospitality, manufacturing, residential/commercial real estate, NBFCs/HFCs/MFIs, and other sectors, as well as social infrastructure, such as educational inst"
KISSHT,OnEMI Technology Solutions Limited,,Financial Services,Credit Services,6426.0,52.16,,"OnEMI Technology Solutions Limited operates as a digital lending platform in India and internationally. It offers financial technology solutions. The company also provides personal loans and loans against property products, leveraging data analytics, alternative credit scoring, and technology infrastructure. In addition, it offers Kissht, a trusted financial platform; and PaywithRING, a cutting-ed"
MASFIN,MAS Financial Services Limited,,Financial Services,Credit Services,5301.0,6.08,,"MAS Financial Services Limited, a non-banking finance company (NBFC), provides retail financing services for individuals and businesses in India. It operates through Financing Activities and Others segments. The company offers micro-enterprise, small and medium enterprise, business, two-wheeler, used car, salaried personal, commercial vehicle and property, and housing finance loans; project loans"
NORTHARC,Northern Arc Capital Limited,,Financial Services,Credit Services,5164.0,43.84,,"Northern Arc Capital Limited, a non-banking financial company, provides lending and allied services in India. It operates through Financing Activity, Investment Advisory Services, and Investment Management Services segments. The company offers rural financing services; loans for personal, microfinance, vehicle finance, as well as buy now pay later solutions; education loans; insurance premium fina"
AYE,Aye Finance Limited,,Financial Services,Credit Services,4618.0,20.54,,"Aye Finance Limited, a non-banking financial company, provides loans to micro, small, and medium enterprises in India. The company offers a range of business loans for working capital and business expansion needs against hypothecation of working assets or against security of property to customers across manufacturing, trading, service, and allied agriculture sectors. It also provides secured and u"
INDOSTAR,IndoStar Capital Finance Limited,,Financial Services,Credit Services,3807.0,2.38,,"IndoStar Capital Finance Limited, a non-banking financial company, provides various financing services in India. The company offers vehicle finance products for new and used commercial vehicles, including medium and heavy commercial vehicles, light commercial vehicles, intermediate commercial vehicles, small commercial vehicles, pick-ups, and buses; new and used passenger vehicles; new and used co"
MUTHOOTMF,Muthoot Microfin Limited,,Financial Services,Credit Services,3167.0,4.43,,"Muthoot Microfin Limited, a non-deposit taking non-banking financial company, provides micro loans to women entrepreneurs in rural regions of India. The company offers income generating, Pragathi, Suvidha, and individual loans; education, mobile phones, solar lighting product, and household appliances product loans; sanitation improvement loans; and secured loans. It also provides value-added serv"
FUSION,Fusion Finance Limited,,Financial Services,Credit Services,2986.0,9.63,,"Fusion Finance Limited, a non-banking financial company, provides micro finance and MSME lending services in India. The company offers income generation, top up, emergency, and cross sell loans; secured loans; and life insurance products. It provides its services underserved and unserved women in rural and semi-rural areas. The company was formerly known as Fusion Micro Finance Limited and changed"
MUFIN,Mufin Green Finance Limited,,Financial Services,Credit Services,2619.0,6.48,,"Mufin Green Finance Limited, a non-banking financial company, provides financing and investing services in India. The company offers Mediclaim insurance premium financing, salary-linked loans to government employees, electric vehicles and solar ecosystem financing, and loans to corporates and MSMEs. It also provides operating or financial lease services to fleet operators for vehicles, including t"
SATIN,Satin Creditcare Network Limited,,Financial Services,Credit Services,2432.0,3.94,,"Satin Creditcare Network Limited, a non-banking finance company, provides micro finance services in India. The company offers microcredit to economically active women in rural, semi-urban, and urban regions; loans for income generating purposes, such as agriculture, transportation, trading, and production related business activities; water and sanitation loans; loans for clean energy and various b"
ARMANFIN,Arman Financial Services Limited,,Financial Services,Credit Services,2073.0,4.63,,"Arman Financial Services Limited, together with its subsidiary, operates as a non-banking finance company in India. The company offers micro, small, and medium enterprise loans; two wheeler loans; and micro finance loans as well as individual business loans and loan against property. The company was formerly known as Arman Lease and Finance Limited and changed its name to Arman Financial Services"
SPANDANA,Spandana Sphoorty Financial Limited,,Financial Services,Credit Services,2027.0,2.09,,"Spandana Sphoorty Financial Limited engages in the microfinance business in India. The company provides joint liability group based microfinance for women entrepreneurs; loans against the property; and individual loans. It serves low-income customers in semi-urban and rural areas. Spandana Sphoorty Financial Limited was founded in 1998 and is based in Hyderabad, India."
PFS,PTC India Financial Services Limited,,Financial Services,Credit Services,1717.0,1.23,,"PTC India Financial Services Limited, a non-banking finance company, provides project financing services for entire energy value chain through investment and lending into power generation, transmission and distribution, and fuel sources and related infrastructure projects; offers debt assistance to projects; long and short term loans; advisory services; and equity investment services for green and"
UGROCAP,Ugro Capital Limited,,Financial Services,Credit Services,1258.0,1.38,,"UGRO Capital Limited, a non-banking financial company, engages in the lending business in India. The company offers business loans to healthcare, education, chemicals, food processing/FMCG, hospitality, electrical equipment and components, auto components, textile, micro enterprises, and light engineering sectors. It also provides lending services for enterprise mortgages, school funding programs,"
FEDDERSHOL,Fedders Holding Limited,,Financial Services,Credit Services,1239.0,6.7,,"Fedders Holding Limited operates as a corporate and transaction advisory company in the real estate and distress debt resolution advisory sectors in India and internationally. The company offers corporate transactional advisory services, which include commercial viability, regulatory clearances, technical requirements, business strategies advisory, transaction services, commercial leasing, workspa"
LAXMIINDIA,Laxmi India Finance Limited,,Financial Services,Credit Services,657.0,2.24,,"Laxmi India Finance Limited, a non-banking finance company, provides financial products and services to individuals, businesses, and institutions in India. It offers MSME, wholesale, business, personal, term, and residential construction loans, and other credit solutions, as well as vehicle loans including two-wheeler, tractors, used cars, commercial vehicles, and electric vehicle loans. The compa"
CSLFINANCE,CSL Finance Limited,,Financial Services,Credit Services,496.0,1.2,,"CSL Finance Limited, a non-banking financial company, provides SME and wholesale loaning businesses in India. The company offers structured finance for real estate developers, such as loans against property and securities; loans for small builders, including construction finance, refinance and inventory funding, and partner with developers; corporate loans, which include construction linked disbur"
MANCREDIT,Mangal Credit and Fincorp Limited,,Financial Services,Credit Services,479.0,2.94,,"Mangal Credit and Fincorp Limited operates as a non-banking financial company in India. The company offers small and medium enterprises, gold, and personal loans, as well as loan against property; and credit services. The company was formerly known as Tak Machinery & Leasing Limited and changed its name to Mangal Credit and Fincorp Limited in June 2013. Mangal Credit and Fincorp Limited was incorp"
IITL,Industrial Investment Trust Limited,,Financial Services,Credit Services,299.0,1.53,,"Industrial Investment Trust Limited, a non-banking financial company, engages in the investment activities in India. It invests in equity shares, mutual funds, fixed deposits, and treasury bills. The company also provides loan against property and securities; lease rental discounting; and corporate loans. In addition, it engages in the real estate activities and construction of residential complex"
ASHIKAG,Ashika Global Securities Limited,,Financial Services,Credit Services,,1.5,,"Ashika Global Securities Limited provides investment and lending solutions in India. It provides loans and advances, loans against securities, inter-corporate deposits, and investment in shares and securities. The company also offers retail broking; lending; investment banking; global family office services; alternative investment funds; research advisory; institutional broking; private equity ser"
SHOPERSTOP,Shoppers Stop Limited,,Consumer Cyclical,Department Stores,4353.0,1.37,,"Shoppers Stop Limited engages in the retailing of household and consumer products through departmental stores under the Shoppers Stop brand in India. The company offers women's Indian wear for weddings, festivals, and occasions under the Kashish brand; festive and ceremonial ethnic wear for men under the Bandeya brand; Smart casual products under the Fratini brands; family fashion products under t"
PATELRMART,Patel Retail Limited,,Consumer Cyclical,Department Stores,679.0,1.36,,"Patel Retail Limited operates a chain of retail supermarkets in India. It also manufactures and sells whole spices and grounded spices, wheat flour, and refined wheat flour under the Indian Chaska brand name; and home improving products, such as detergents, phenyl, dish wash liquids, mops, plastic buckets, etc. under the Patel Essential brand name; ready-to-cook instant mixes under the Patel Fresh"
VIMTALABS,Vimta Labs Limited,,Healthcare,Diagnostics & Research,2754.0,8.84,,"Vimta Labs Limited provides contract research and testing services in India and internationally. The company offers drug discovery, development, and drug life cycle management support services in the areas of preclinical research, clinical research, and analytical services for biopharmaceutical companies; preclinical research and testing services for medical device companies; and contract research"
SURAKSHA,Suraksha Diagnostic Limited,,Healthcare,Diagnostics & Research,1818.0,3.35,,"Suraksha Diagnostic Limited provides pathological and radiological services through diagnostic centers in India. It offers home collection services; pathology services, such as microbiology, serology, molecular biology, histopathology, cytopathology, clinical pathology, haematology, clinical biochemistry and immunology, immunohistochemistry, fluorescence in-situ hybridization, cytogenetics, flow c"
KRSNAA,Krsnaa Diagnostics Limited,,Healthcare,Diagnostics & Research,1799.0,2.37,Diagnostics,"Krsnaa Diagnostics Limited provides diagnostic services in India. It offers mammography, stress tests, dual-energy X-ray absorptiometry scans, bone mineral density tests, computed tomography scans, and magnetic resonance imaging services, as well as tele-radiology and tele-pathology services. The company was incorporated in 2010 and is based in Pune, India."
SANOFI,Sanofi India Limited,,Healthcare,Drug Manufacturers - General,7087.0,4.81,Pharma - Domestic Formulations,"Sanofi India Limited manufactures and trades in drugs and pharmaceutical products in India, Singapore and internationally. The company offers pharmaceutical products in various therapeutic areas, such as diabetes, cardiology, anti-infectives, and central nervous system under the Lantus, Toujeo, Soliqua, Clexane, Amaryl, Cardace, Lasix, Lasilactone, Glimepiride, Cetapin, Targocid, Frisium, Targocio"
SENORES,Senores Pharmaceuticals Limited,,Healthcare,Drug Manufacturers - General,6425.0,27.41,,"Senores Pharmaceuticals Limited develops, manufactures, sells, and trades in pharmaceutical and allied products in India, the United States, the United Kingdom, Canada, and internationally. It offers pharmaceutical solutions, such as analgesic/antipyretic, anesthetics and allied products, antibacterial/antibiotic, antiviral, antifungal, antioxidants, antineoplastic, blood line, cardiovascular, neu"
SMSPHARMA,SMS Pharmaceuticals Limited,,Healthcare,Drug Manufacturers - General,4369.0,19.95,Active Pharma Ingredients,"SMS Pharmaceuticals Limited manufactures and sells active pharmaceutical ingredients (APIs) and its intermediates in India and internationally. It offers anti-retroviral, anti-inflammatory, anti-viral, anti-diabetic, anti-fungal, anti-epileptic, anti-migraine, anti-coagulant, anti-psychotic, anti-aginal, and anti-ulcer products. It is also involved in contract research activities on peptides. The"
SAIPARENT,Sai Parenterals Limited,,Healthcare,Drug Manufacturers - General,2257.0,3.28,,"Sai Parenteral's Limited, a pharmaceutical formulations company, engages in the branded generic formulations and contract development and manufacturing businesses in India and internationally. Its portfolio includes formulation products across various therapeutic areas, such as cardiovascular, neuropsychiatry, anti-diabetic, respiratory health, antibiotics, gastroenterology, vitamins, minerals and"
NGLFINE,NGL Fine-Chem Limited,,Healthcare,Drug Manufacturers - General,1688.0,2.18,,"NGL Fine-Chem Limited develops and manufactures veterinary APIs, human APIs, intermediates, and finished dosage forms in India, Europe, the Asia Pacific, the United States, and internationally. The company offers afoxolaner, amitraz, atovaquone, buparvaquone, butaphosphan, carprofen, clorsulon, closantel base, closantel sodium, decoquinate, diminazene diaceturate, febantel, fenbendazole, fluazuron"
TTKHLTCARE,TTK Healthcare Limited,,Healthcare,Drug Manufacturers - General,1517.0,3.4,,"TTK Healthcare Limited engages in the animal welfare, consumer product, medical device, protective device, food, and other businesses in India. It operates through Animal Welfare, Consumer Products, Medical Devices, Foods, Protective Devices and Other segments. The Animal Welfare segment offers various feed supplements, liver correctives, fertility inducers, antibiotics, antiparasiticides, antispa"
KOPRAN,Kopran Limited,,Healthcare,Drug Manufacturers - General,1368.0,12.88,,"Kopran Limited, an integrated pharmaceutical company, engages in the development, manufacture and marketing of active pharmaceutical ingredients and finished dosage forms in India and internationally. The company offers its products in various dosage forms, including tablets, capsules, syrups, dry powder, suspension, and injectables, as well as branded and generic formulations. It also provides dr"
SYMBIOTEC,Symbiotec Pharmalab Limited,,Healthcare,Drug Manufacturers - General,,156.71,,"Symbiotec Pharma Lab Pvt. Ltd. develops, manufactures, and markets active pharmaceutical ingredients (APIs), with a primary focus on cortico-steroids and steroid-hormone APIs in both sterile and non-sterile forms. The company synthesizes progestin, estrone, testosterone, their derivatives, and anabolic steroids, supplying these in commercial volumes globally. It offers APIs and intermediate pharma"
ASTRAZEN,AstraZeneca Pharma India Limited,,Healthcare,Drug Manufacturers - Specialty & Generic,16625.0,3.21,,"AstraZeneca Pharma India Limited, a biopharmaceutical company, manufactures, markets, and trades in pharmaceutical products in India and internationally. It provides medicines for cancers, including pancreatic cancer, certain blood cancers, and cancers within breast, lung, ovary, and prostate; rare diseases; and cardiovascular, renal and metabolism, and respiratory and immunology, as well as diabe"
SUVEN,Suven Life Sciences Limited,,Healthcare,Drug Manufacturers - Specialty & Generic,9548.0,19.64,,"Suven Life Sciences Limited, a clinical-stage biopharmaceutical company, develops novel therapeutics for central nervous system disorders and unmet needs in mental health in India, the United States, Europe, and internationally. It engages in the development of Masupirdine (SUVN-502), a 5-HT6 receptor antagonist for the treatment of cognitive and neuropsychiatric symptoms of Alzheimer's disease; a"
PGHL,Procter & Gamble Health Limited,,Healthcare,Drug Manufacturers - Specialty & Generic,9135.0,4.74,,"Procter & Gamble Health Limited manufactures and markets pharmaceutical and chemical products in India and internationally. It offers over-the-counter products, vitamins, minerals, and supplements under the Betamil, Polybion, Cosome, Evion, Neurobion, Seven Seas, Nasivion, and Livogen brand names. The company was formerly known as Merck Limited and changed its name to Procter & Gamble Health Limit"
BLISSGVS,Bliss GVS Pharma Limited,,Healthcare,Drug Manufacturers - Specialty & Generic,7034.0,16.78,,"Bliss GVS Pharma Limited engages in the development, manufacturing and marketing of pharmaceutical formulations in India and internationally. The company offers anti-diabetic, anti-infective, anti-inflammatory, antifungal, antihemorrhoidal, antimalarial, antiseptic, cardiovascular, dermatological, gastrointestinal, gynaecology, neoro/cns, ophthalmic, otc drugs, respiratory, urology, and supplement"
INNOVACAP,Innova Captab Limited,,Healthcare,Drug Manufacturers - Specialty & Generic,6857.0,8.92,,"Innova Captab Limited, an integrated pharmaceutical company, engages in the research and development, manufacture, distribution, and marketing of drugs and pharmaceutical products in India and internationally. The company provides contract development and manufacturing organization services to Indian pharmaceutical companies. It is also offers various generic formulation products, including cephal"
MOREPENLAB,Morepen Laboratories Limited,,Healthcare,Drug Manufacturers - Specialty & Generic,6704.0,210.34,,"Morepen Laboratories Limited develops, manufactures, markets, and sells active pharmaceutical ingredients (APIs), branded and generic formulations, and home health products in India, the United States, and internationally. The company offers APIs for anti-histaminic, anti-asthmatic, anti-lipemic, anti-hypertensive, anti-diabetic, anti-coagulant, anti-ulcerative, and anti-depressant drugs; and home"
IOLCP,IOL Chemicals and Pharmaceuticals Limited,,Healthcare,Drug Manufacturers - Specialty & Generic,5956.0,90.8,Active Pharma Ingredients,"IOL Chemicals and Pharmaceuticals Limited manufactures and sells pharmaceutical and chemical products in India and internationally. It operates through two segments: Pharmaceuticals and Specialty Chemicals. The Chemical segment offers ethyl acetate, iso butyl benzene, acetyl chloride, mono chloro acetic acid, and acetic anhydride to the food processing, flexible packaging, pharmaceuticals, textile"
FDC,FDC Limited,,Healthcare,Drug Manufacturers - Specialty & Generic,5900.0,4.57,Pharma - Domestic Formulations,"FDC Limited, together with its subsidiaries, manufactures and trades in pharmaceutical products in India, the United States, and internationally. The company offers pharmaceutical formulations for various therapeutic segments, including anti-infectives, gastroenterology, ophthalmology, anti-diabetics, cardiovascular care, respiratory care, gynaecology, dermatology, paediatrics, analgesics, vitamin"
ORCHPHARMA,Orchid Pharma Limited,,Healthcare,Drug Manufacturers - Specialty & Generic,5487.0,5.91,,"Orchid Pharma Limited, a pharmaceutical company, engages in the development, manufacture, and marketing of active pharmaceutical ingredients, bulk actives, finished dosage formulations, and nutraceuticals in India. Its active pharmaceutical ingredients product portfolio includes oral cephalosporins, injectable cephalosporins; human and veterinary products; and antibiotics, including beta-lactam. I"
GUJTHEM,Gujarat Themis Biosyn Limited,,Healthcare,Drug Manufacturers - Specialty & Generic,5384.0,28.43,,"Gujarat Themis Biosyn Limited engages in the manufacture of pharmaceuticals, medicinal chemicals, and active pharmaceutical ingredients in India and internationally. The company offers bulk drugs on job work basis in India. Its products include Rifamycin-S, an intermediate for the treatment of tuberculosis, Mycobacterium avium complex, leprosy, and Legionnaires' disease; Rifamycin-O, an antibiotic"
NOVARTIND,Novartis India Limited,,Healthcare,Drug Manufacturers - Specialty & Generic,4948.0,6.1,,"Novartis India Limited is involved in the pharmaceutical business in India. The company offers therapeutic products in the areas of bone and pain products under the Voveran brand; transplantation immunology products under the Simulect, Certican, Sandimmun, Neoral, and Myfortic brands. It also offers neuroscience products under the Tegrital and Exelon brands. Novartis India Limited was incorporated"
RPGLIFE,RPG Life Sciences Limited,,Healthcare,Drug Manufacturers - Specialty & Generic,4565.0,3.88,,"RPG Life Sciences Limited, an integrated pharmaceutical company, develops, manufactures, and markets branded formulations, generic, and synthetic active pharmaceutical ingredients (APIs) in India and internationally. The company offers synthetic APIs in various therapeutic categories, including immunosuppressants, anti-psychotic, anti-anginal, anthelmintics, anti-convulsant, anti-spasmodic, etc. I"
GUFICBIO,Gufic Biosciences Limited,,Healthcare,Drug Manufacturers - Specialty & Generic,4369.0,3.18,,"Gufic Biosciences Limited manufactures and markets active pharmaceutical ingredients (APIs), generic pharmaceuticals, and related services in India, Africa, Asia, Europe, Australia, North America, and South America. The company manufactures APIs and bulk drugs, such as antifungals, anaethetics, immuno suppressants, anginotensin receptor blocker, and intermediates for antifungals. It also manufactu"
UNICHEMLAB,Unichem Laboratories Limited,,Healthcare,Drug Manufacturers - Specialty & Generic,3806.0,4.19,,"Unichem Laboratories Limited, a pharmaceutical company, manufactures and sells pharmaceutical products in Asia, Europe, Africa, CIS, the United States, and internationally. The company offers formulation products that address various therapeutic areas, such as gastroenterology, cardiology, diabetology, psychiatry, neurology, anti-bacterial, anti-infective, and pain management. It also offers activ"
SOLARA,Solara Active Pharma Sciences Limited,,Healthcare,Drug Manufacturers - Specialty & Generic,3634.0,31.4,Active Pharma Ingredients,"Solara Active Pharma Sciences Limited manufactures, produces, processes, formulates, sells, imports, exports, merchandises, distributes, trades in, and deals in active pharmaceutical ingredients (API) in India, Asia Pacific, Europe, North America, South America, and internationally. It offers APIs for amyotrophic lateral sclerosis, anesthetics, anthelmintic, anti hyperlipidemic, anti-arrhythmic ag"
INDSWFTLAB,Ind-Swift Laboratories Limited,,Healthcare,Drug Manufacturers - Specialty & Generic,3299.0,22.9,,"Ind-Swift Laboratories Limited, together with its subsidiaries, develops, manufactures, and sells active pharmaceutical ingredients (APIs), intermediates, and formulations in India and internationally. The company offers APIs in various therapeutic areas, including macrolide antibiotic, cardiovascular, antihistaminic, antidiabetic, antipsychotic, bone resorption inhibitor, Parkinson's disease, hyp"
HIKAL,Hikal Limited,,Healthcare,Drug Manufacturers - Specialty & Generic,2825.0,13.65,,"Hikal Limited, together with its subsidiaries, manufactures and sells various chemical intermediates, specialty chemicals, and active pharma ingredients to pharmaceutical, biotechnology, life sciences, animal health, crop protection, and specialty chemicals indusries. It operates through two segments, Pharmaceuticals and Crop Protection. The company also manufactures pesticides and herbicides, whi"
SAKAR,Sakar Healthcare Limited,,Healthcare,Drug Manufacturers - Specialty & Generic,2543.0,13.45,,"Sakar Healthcare Limited research, develops, manufactures, and sells pharmaceutical products in India. The company offers general and oncology products in various forms, such as liquid orals, cephalosporin tablets, capsules, dry powder syrups and injections, liquid injectable (SVP) in ampoules, vials and lyophilized injections, and oral solid dosages. It also exports its products to Southeast Asia"
SHUKRAPHAR,Shukra Pharmaceuticals Limited,,Healthcare,Drug Manufacturers - Specialty & Generic,2439.0,10.83,,"Shukra Pharmaceuticals Limited engages in the manufacturing, marketing, and export of pharmaceutical formulations in India and internationally. The company offers various products, such as antibiotics, anti biotics, macrolides, quinolones, anti bacterial, anti fungal, anti malarial, anti viral, anti protozoal, anti anthelmintic, sedative and tranquilliser, anti depressant, anti manic, anti emetic,"
INDOCO,Indoco Remedies Limited,,Healthcare,Drug Manufacturers - Specialty & Generic,2374.0,6.86,Pharma - Domestic Formulations,"Indoco Remedies Limited manufactures and markets formulations and active pharmaceutical ingredients in India and internationally. It offers products for gastrointestinal, anti-infectives, respiratory, stomatological, vitamins/minerals/nutrients, urological, ophthal/ontological, dermatology, pain/analgesic, cardiac, anti-diabetic, and gynaecological therapeutic areas. The company also provides bran"
WINDLAS,Windlas Biotech Limited,,Healthcare,Drug Manufacturers - Specialty & Generic,2331.0,10.69,,"Windlas Biotech Limited, a contract development and manufacturing organization, manufactures and trades in pharmaceutical products in India. The company offers contract manufacturing; customized formulations; contract research and manufacturing services; customized formulation; and regulatory services. It also manufactures tablets, capsules, oral solids, modified-release formulations, chewable and"
FREDUN,Fredun Pharmaceuticals Limited,,Healthcare,Drug Manufacturers - Specialty & Generic,2266.0,4.19,,"Fredun Pharmaceuticals Limited manufactures and sells pharmaceutical formulations, dietary/herbal supplements, nutraceuticals, animal healthcare products, cosmeceuticals, mobility and rehabilitation products, and other healthcare products in India, Africa, Southeast Asia, Commonwealth of Independent States countries, MENA region, and Latin America. The company offers allopathic formulations, inclu"
VENUSREM,Venus Remedies Limited,,Healthcare,Drug Manufacturers - Specialty & Generic,2132.0,4.21,,"Venus Remedies Limited engages in the pharmaceutical business in India, Latin America, Europe, the Middle East, Africa, Asia, and internationally. The company is involved in the research and development of solutions focusing on antimicrobial resistance, oncology, skin and wound care, and pain management. It also provides analgesic, analgesic and antipyretic, antibiotic, antidiabetic anticoagulant,"
BETA,Beta Drugs Limited,,Healthcare,Drug Manufacturers - Specialty & Generic,2094.0,3.26,,"Beta Drugs Limited develops, manufactures, and sells anti-cancer bulk drugs and finished dosages in India. The company offers cosmeceutical and oncology products. It also manufactures active pharmaceutical ingredients (API) and pharmaceutical formulation intermediates (PFI). The company exports its products. Beta Drugs Limited was founded in 1985 and is based in Panchkula, India."
SYNCOMF,Syncom Formulations (India) Limited,,Healthcare,Drug Manufacturers - Specialty & Generic,1866.0,20.58,,"Syncom Formulations (India) Limited manufactures, markets, and sells pharmaceutical formulation products in India and internationally. It operates through Manufacturing and Dealing in Pharmaceutical Drug and Formulations, Trading of Commodities, and Renting of Properties segments. The company offers antibiotics/antiinfectives, anthelmintics, antimalarial, cardiac, derma, gastro, dry syrups and sus"
HESTERBIO,Hester Biosciences Limited,,Healthcare,Drug Manufacturers - Specialty & Generic,1862.0,1.01,,"Hester Biosciences Limited manufactures and trades in veterinary vaccines and health products in India and internationally. It operates through two segments, Poultry Healthcare and Animal Healthcare. The company provides poultry vaccines for newcastle disease, infectious bronchitis, infectious bursal, fowl pox, marek's disease, infectious coryza, fowl cholera, inclusion body hepatitis, fowl typhoi"
JAGSNPHARM,Jagsonpal Pharmaceuticals Limited,,Healthcare,Drug Manufacturers - Specialty & Generic,1496.0,1.42,,"Jagsonpal Pharmaceuticals Limited engages in the manufacturing, selling, and trading of pharmaceutical products and active pharmaceutical ingredients in India and internationally. It offers pharmaceutical formulations and products in the areas of gynaecology, orthopaedics, dermatology, and paediatrics. The company provides drugs in the form of tablets, softgels, injections, capsules, and syrups. J"
AMRUTANJAN,Amrutanjan Health Care Limited,,Healthcare,Drug Manufacturers - Specialty & Generic,1434.0,2.67,,"Amrutanjan Health Care Limited manufactures, supplies, and sells ayurvedic pain balms and women hygiene products in India and internationally. It operates through OTC Products, Beverages, Women's Hygiene & Personal Care, and Others segments. The company provides pain management products comprising pain balms and roll-ons, back pain roll-ons, stick-on patch, and joint muscle sprays; dental pain gel"
AHCL,Anlon Healthcare Limited,,Healthcare,Drug Manufacturers - Specialty & Generic,1395.0,10.55,,"Anlon Healthcare Limited manufactures and sells active pharmaceutical ingredients in India and internationally. The company also offers bulk drugs; advanced pharmaceutical intermediates; nutraceutical API products; and drug intermediates. It also manufactures loxoprofen sodium dihydrate, ketoprofen, and dexketoprofen trometamol products for pain management and anti-inflammatory therapies. Anlon He"
FERMENTA,Fermenta Biotech Limited,,Healthcare,Drug Manufacturers - Specialty & Generic,1360.0,4.3,,"Fermenta Biotech Limited, together with its subsidiaries, engages in the manufacturing and marketing of chemicals, bulk drugs, enzymes, pharmaceutical formulations, and environmental solution products in India, Europe, the United States, and internationally. It operates through Chemicals/Bulk Drug and Property segments. The company offers vitamin D3, including crystalline oil, resin oil, cold wate"
LINCOLN,Lincoln Pharmaceuticals Limited,,Healthcare,Drug Manufacturers - Specialty & Generic,1205.0,1.83,,"Lincoln Pharmaceuticals Limited engages in manufacturing and trading of pharmaceutical products in India and internationally. The company offers products in the areas of anticold, antibiotic, otolaryngology, pain management, gastro, anti-malarial, anti-fungal, corticosteroids and cosmo-derma, anti-diabetic, anti-hypertensive, anti-infective, anti-bacterial, gynecology, cardio and CNS, respiratory"
SIGACHI,Sigachi Industries Limited,,Healthcare,Drug Manufacturers - Specialty & Generic,1190.0,16.79,,"Sigachi Industries Limited manufactures and sells microcrystalline cellulose and cellulose powder in India. The company provides cellulose-based products under the HiCel, AceCel, CoatCel, GloCel, and BARETab brand names to pharmaceutical, nutraceutical, cosmetic, and chemical industries. It also provides croscarmellose sodium, pharmaceutical coatings, nutritional premix and food solutions, and all"
THEMISMED,Themis Medicare Limited,,Healthcare,Drug Manufacturers - Specialty & Generic,1151.0,1.59,,"Themis Medicare Limited, together with its subsidiaries, manufactures and sells pharmaceutical products in India and internationally. It provides active pharmaceutical ingredients (APIs) and formulations used in various therapeutic areas, including analgesic and anti-inflammatory, analgesic and antispasmodic, analgesics, anesthesia, antacid-antiflatulent, anti-fungal, antibiotic, anti-diabetic, an"
BAJAJHCARE,Bajaj Healthcare Limited,,Healthcare,Drug Manufacturers - Specialty & Generic,1130.0,2.92,,"Bajaj HealthCare Limited, a pharmaceutical company, develops, manufactures, markets, and sells active pharmaceutical ingredient, intermediates, and finished dosage forms and nutraceuticals for pharmaceutical, nutraceuticals, and food industries in India and internationally. The company offers active pharmaceutical ingredient in various therapeutic categories, including anthelmintic, anti viral, an"
ANUHPHR,Anuh Pharma Limited,,Healthcare,Drug Manufacturers - Specialty & Generic,939.0,1.22,,"Anuh Pharma Limited engages in the manufacture and sale of bulk drugs and chemicals in India. It offers active pharmaceutical ingredients, including macrolides, anti-TB, anti-malarial, anti-hypertension, expectorant, anti-diabetics, anti-bacterial, anti-gout, anti asthmatics, quinolones, anti biotic, anti platelet, anti-histamines, and intermediates; and corticosteroids, including anti-inflammator"
SGRL,Shree Ganesh Remedies Limited,,Healthcare,Drug Manufacturers - Specialty & Generic,925.0,1.04,,"Shree Ganesh Remedies Limited engages in the manufacture and sale of pharmaceutical drug intermediates for active pharmaceutical ingredient (API) and fine chemicals in India and internationally. The company offers anti-arrhythmic, anti-cancer, anti-depressant, anti-diabetic, anti-diarrheal, antifungal, antihistamine, anti-inflammatory, anti-parasitic, anti-psychotic, anticholinergic, birth-control"
WANBURY,Wanbury Limited,,Healthcare,Drug Manufacturers - Specialty & Generic,796.0,2.55,,"Wanbury Limited manufactures and sells formulations and active pharmaceutical ingredients (API) in India and internationally. It offers formulations for anti-infectives, pain and analgesics, gastroenterology, rheumatology, respiratory, gynecology, and central nervous system, as well as for vitamins, minerals, and nutrition. The company also provides API products for antidiabetics, antidepressants,"
ZIMLAB,Zim Laboratories Limited,,Healthcare,Drug Manufacturers - Specialty & Generic,716.0,1.4,,"ZIM Laboratories Limited engages in the development, manufacture, and supply of generic pharmaceutical and nutraceutical products in India and internationally. It provides its products in pre- formulation intermediates and finished formulations in the oral solid dosage forms, such as pellets, taste-masked powders, directly compressible granules, tablets, capsules, dry syrup, and oral thin films. T"
VALIANTLAB,Valiant Laboratories Limited,,Healthcare,Drug Manufacturers - Specialty & Generic,690.0,1.81,,"Valiant Laboratories Limited operates as an active pharmaceutical ingredient/bulk drug manufacturing company in India and internationally. The company manufactures paracetamol in various grades, such as Indian/British/European/the United States pharmacopoeias for the treatment of headaches, muscle aches, arthritis, back aches, toothaches, cold, and fever. It also offers specialty chemicals. The co"
MEDICAMEQ,Medicamen Biotech Limited,,Healthcare,Drug Manufacturers - Specialty & Generic,432.0,2.42,,"Medicamen Biotech Limited, a pharmaceutical company, research, develops, manufactures, markets, sells, and distributes pharmaceutical formulations in India and internationally. The company offers drugs in various forms, including tablet, capsule, syrups, oral solution, and drops. Its products are used in therapeutic areas comprising cancer care, cardiology, CNS, diabetology, anti-infective, anti-m"
AAREYDRUGS,Aarey Drugs & Pharmaceuticals Limited,,Healthcare,Drug Manufacturers - Specialty & Generic,341.0,1.73,,"Aarey Drugs & Pharmaceuticals Limited manufactures and sells active pharmaceutical ingredients, intermediates, and specialty chemicals for various industrial applications in India. The company offers intermediates, including mono methyl urea, di methyl urea, ortho para nitro anisole, 2-bromomethyl-1,3-dioxolane, and uracil. It also provides active pharmaceutical ingredients, such as metformin HCl,"
KPL,Kwality Pharmaceuticals Limited,,Healthcare,Drug Manufacturers - Specialty & Generic,,11.31,,"Kwality Pharmaceuticals Limited, together with its subsidiary, manufactures finished pharmaceutical formulations in India and internationally. The company offers its products in various dosage forms, including capsules, eye and ear drops, ointments and creams, pouches and sachets, sanitizers, tablets, suppositories, injectable vials and ampoules, liquid orals, lyophilized products, syrups, and var"
SEIL,Shanti Educational Initiatives Limited,,Consumer Defensive,Education & Training Services,2975.0,4.98,,"Shanti Educational Initiatives Limited provides educational services in India. The company engages in educational projects for K-12 schools, pre-schools, and higher studies. It also provides consultancy for affiliation formalities; project planning and execution; school infrastructure design; academic programs and delivery; human resources; teacher's empowerment; manuals & SOP's; marketing and pro"
NIITMTS,NIIT Learning Systems Limited,,Consumer Defensive,Education & Training Services,2967.0,2.19,,"NIIT Learning Systems Limited provides managed training services in India, the United States, Europe, and internationally. Its managed training services include custom content and curriculum design, learning administration and delivery, strategic sourcing, learning technology, and learning and development (L&D) consulting services. The company also offers digital transformation and IT training, im"
VERANDA,Veranda Learning Solutions Limited,,Consumer Defensive,Education & Training Services,2212.0,5.25,,"Veranda Learning Solutions Limited operates as an education company in India. The company offers educational services and integrated learning solutions in online, offline hybrid and offline blended models to students, professional career aspirants, graduates, professionals, and working professionals enrolled with courses through career-defining competitive exams, professional courses, exam-oriente"
NIITLTD,NIIT Limited,,Consumer Defensive,Education & Training Services,1241.0,2.98,,"NIIT Limited engages in providing learning and knowledge solutions to individuals, enterprises, and various institutions in India and internationally. The company offers a variety of training programs, certifications, and solutions for career seekers and working professionals. The company also offers a program portfolio such as AI/ML, generative AI, data science, full-stack product engineering, 5g"
JARO,Jaro Institute of Technology Management and Research Limited,,Consumer Defensive,Education & Training Services,1058.0,4.95,,"Jaro Institute of Technology Management and Research Limited, together with its subsidiaries, provides student enrolments and program management services in India. The company offers educational courses and degrees offered by the universities/institutes. Its program management services include providing online education through Learning Management System and maintaining conference rooms throughout"
GLOBAL,Global Education Limited,,Consumer Defensive,Education & Training Services,665.0,1.71,,"Global Education Limited provides educational and consultancy services in India. It operates through two segments, Educational Training and Development Activities; and Educational Business Support Activities. The company offers infrastructural facilities, online examinations, and training, including medical training, soft skill development, marketing, and publicity through various modes, such as p"
PRECWIRE,Precision Wires India Limited,,Industrials,Electrical Equipment & Parts,8660.0,26.02,,"Precision Wires India Limited manufactures and sells insulated enamelled winding wires and other insulated electric conductors in India and internationally. The company offers enamelled round and rectangular winding wires, continuously transposed conductors, paper/mica/nomex insulated copper conductors, and submersible winding wires. It serves static and rotating electric equipment, auto-electrica"
GENUSPOWER,Genus Power Infrastructures Limited,,Industrials,Electrical Equipment & Parts,8599.0,74.11,,"Genus Power Infrastructures Limited, together with its subsidiaries, provides smart metering solutions in India and internationally. The company offers various electricity meters, including residential, commercial, and industrial meters; prepayment and smart meters; distribution transformer metering products; non-utility business or segment meters, such as panel, and net ABT meters; and open acces"
KSHINTL,KSH International Limited,,Industrials,Electrical Equipment & Parts,6993.0,29.65,,"KSH International Limited manufactures magnet winding wires in India. The company offers round enamelled, paper insulated rectangular, rectangular enamelled, and wrapped rectangular copper/aluminum magnet winding wires, as well as transposed conductors and bunched paper insulated copper magnet winding wires under the brand name of KSH. Its products are components of transformers, motors, alternato"
MARINE,Marine Electricals (India) Limited,,Industrials,Electrical Equipment & Parts,5819.0,27.2,,"Marine Electricals (India) Limited manufactures and sells various marine and industrial electrical and electronic components in India and internationally. The company operates through Marine and Industry segments. It provides marine and defence solutions that offer power generation and distribution solutions, including main switch boards, automated power management systems, motor control centers/g"
SPECTRUM,Spectrum Electrical Industries Limited,,Industrials,Electrical Equipment & Parts,5453.0,1.99,,"Spectrum Electrical Industries Limited designs, manufactures, and sells electrical, automobile, and irrigation components in India. The company provides distribution boards, AC boxes, modular electric board panels, mini MCB bases and covers, tools, moulds, electric bulb holders, auto and irrigation equipment, lamp angle holders, EV chargers, control panel, metal junction boxes, electrical safety d"
RAMRAT,Ram Ratna Wires Limited,,Industrials,Electrical Equipment & Parts,5135.0,16.1,,"Ram Ratna Wires Limited, together with its subsidiaries, manufactures and sells winding wires in India and internationally. It operates through the Winding Wires and Strips, Copper Tubes and Pipes, and Other segments. The company is involved in the manufacture of BLDC motors for air conditioners, hub motors, HVLS fans, submersible pumps, and related products, as well as the manufacture of fabricat"
UNIVCABLES,Universal Cables Limited,,Industrials,Electrical Equipment & Parts,5126.0,17.9,Cables & Wires,"Universal Cables Limited engages in the manufacture and sale of electrical and other cables, wires, conductors, accessories for cables and conductors, capacitors and capacitor banks, harmonic filters, and static VAR generators under the UNISTAR brand in India and internationally. The company offers XLPE cables, such as extra high voltage, medium voltage, low voltage, and aeriel bunched cables. It"
SHILCTECH,Shilchar Technologies Limited,,Industrials,Electrical Equipment & Parts,4549.0,6.4,,"Shilchar Technologies Limited engages in the manufacture and sale of transformers and parts in India and internationally. It provides power and distribution transformers, furnace transformers, linear transformers, telecom transformers, standard line transformers, R- core transformers, high frequency transformers, toroidal transformers, control transformers, HV choke, and inductors and chokes for s"
HIRECT,Hirect Limited,,Industrials,Electrical Equipment & Parts,4266.0,6.36,,"Hirect Limited designs, develops, manufactures, and markets power semiconductors, power electronic equipment, and railway transportation equipment in India and internationally. The company provides traction and AUX transformers for railways, IGBT propulsion systems manufacturers and suppliers, auxillary converters and battery chargers, on-board AC to DC rectifiers systems, traction motor, electric"
INDOTECH,Indo Tech Transformers Limited,,Industrials,Electrical Equipment & Parts,3519.0,4.5,,"Indo Tech Transformers Limited engages in the manufacture and sale of transformers in India and internationally. The company offers distribution and power transformers; large power transformers, including generator step up/down, two and three winding, and auto transformers, as well as skid-mounted substations. It serves various sectors, such as transmission, generation, hydro, wind, solar, steel,"
BBL,Bharat Bijlee Limited,,Industrials,Electrical Equipment & Parts,2472.0,4.23,,"Bharat Bijlee Limited operates as an electrical engineering company in India and internationally. It operates through Power Systems and Industrial Systems segments. The company is involved in the design, manufacture, commission, and marketing of power transformers; EPC projects for electrical substations, such as delivery, rectification, commissioning, and servicing of transformers; and marketing"
MVELECTRO,MV Electrosystems Limited,,Industrials,Electrical Equipment & Parts,2407.0,364.87,,"MV Electrosystems Limited engages in research, design, development, and manufacturing of electrical and power electronics equipment used in railway rolling stock, railway propulsion equipment, and cable assemblies. The company provides rolling stock electrics and propulsion systems, including IGBT based traction converter, auxiliary power converters, vehicle control units/ TCMS, driver display uni"
EVEREADY,Eveready Industries India Limited,,Industrials,Electrical Equipment & Parts,2339.0,2.96,,"Eveready Industries India Limited manufactures and markets dry cell batteries, flashlights, and lighting and electrical products in India and internationally. The company offers carbon zinc, alkaline, coin cells, lithium AA/ AAA, and rechargeable batteries, as well as chargers; and rechargeable lanterns/rechargeable headlamps, brass, aluminum, and rechargeable torches. It also provides consumer li"
EXICOM,Exicom Tele-Systems Limited,,Industrials,Electrical Equipment & Parts,2248.0,19.84,,"Exicom Tele-Systems Limited manufactures and sells electric vehicle chargers and lithium-ion batteries in India and internationally. It operates through Critical Power and EV Charger segments. The company offers energy storage solutions; switched mode power supply; and switched module rectifier. It also provides DC power conversion systems, hybrid power systems, solar chargers, telecom batteries,"
DYCL,Dynamic Cables Limited,,Industrials,Electrical Equipment & Parts,2218.0,34.79,,"Dynamic Cables Limited manufactures and supplies cables and conductors in India and internationally. The company offers 66 kV, MV, and LV unarmored aluminum cables; MV single-core aluminum armored and LV copper power cables; MV aerial bunched, LV aluminum multicore FRLS, LV copper armored, railway signaling, LV aerial bunched, UL, solar power AC/DC, and FR-LSH cables; MV covered, ACSR, bare copper"
MARSONS,Marsons Limited,,Industrials,Electrical Equipment & Parts,2191.0,38.41,,"Marsons Limited engages in manufacturing and selling of power and distribution transformers in India. The company offers distribution, power, dry type, pad mounted, WTG, furnace and inverter duty, liquid-filled power, substation power, generator step-up, and specialty transformers. It also provides after sales services. The company was incorporated in 1976 and is based in Kolkata, India."
HPL,HPL Electric & Power Limited,,Industrials,Electrical Equipment & Parts,1821.0,2.23,,"HPL Electric & Power Limited manufactures and sells electric equipment under the HPL brand in India and internationally. The company operates through two segments: Metering, Systems & Services and Consumer, Industrial & Services. It offers digital panel and energy, multi-function, load managers, demand controllers, power quality, projection, dual source energy, HTCT, and keypad based prepaid energ"
VIDYAWIRES,Vidya Wires Limited,,Industrials,Electrical Equipment & Parts,1817.0,6.61,,"Vidya Wires Limited manufactures and sells winding and conductivity products in India. It offers enameled copper and aluminium winding wires, enameled copper and aluminium rectangular strips, enameled copper rectangular wires, fibre glass covered copper/aluminium conductors, paper insulated copper/aluminium conductors, multi paper insulated copper conductors/connection cables/lead wires, twin/trip"
SERVOTECH,Servotech Renewable Power System Limited,,Industrials,Electrical Equipment & Parts,1622.0,2.44,,"Servotech Renewable Power System Limited manufactures and sells light-emitting diode (LED) lights, electric vehicle (EV) chargers, and solar power products in India and internationally. The company's products include EV chargers, solar products, such as solar inverter, servport, solar management unit, solar batteries, solar lithium battery, and solar panels; servo and backup, including battery and"
MODISONLTD,MODISON LIMITED,,Industrials,Electrical Equipment & Parts,1481.0,5.67,,"Modison Limited, together with its subsidiaries, manufactures and sells electrical contacts for low, medium, and high voltage switchgear industries in India and internationally. It provides low voltage electrical contacts, such as silver tin oxide; silver brazing alloy; silver, steel, ni, and cupro nickel backed contracts; fine silver powder and granules; solid and bimetal rivets; silver cadmium o"
SALZERELEC,Salzer Electronics Limited,,Industrials,Electrical Equipment & Parts,967.0,2.1,,"Salzer Electronics Limited manufactures and supplies CAM operated rotary switches, selector switches, wiring ducts, voltmeter switches, copper wires and cables, and allied products in India and internationally. The company offers industrial components, including cable ducts, operated rotary switches, sensors, limit and foot switches, terminal connectors, load break and photo voltaic switches, chan"
PROSTARM,Prostarm Info Systems Limited,,Industrials,Electrical Equipment & Parts,756.0,1.96,,"Prostarm Info Systems Limited engages in the designing, manufacturing, assembling, sale, service and supply of energy storage equipment and power conditioning equipment in India and internationally. It provides uninterrupted power supply (UPS) systems, including line interactive UPS, APFC online UPS, online UPS with isolation transformers, online UPS with IGBT rectifier, and modular UPS, as well a"
MEIL,Mangal Electrical Industries Limited,,Industrials,Electrical Equipment & Parts,738.0,1.63,,"Mangal Electrical Industries Limited engages in the manufacture and trade of electrical transformers, cold rolled grain oriented (CRGO) electrical steel, electrical accessories, and other related products under the Mangal Electrical brand name in India and internationally. It offers transformer components, including transformer components, including CRGO slit coils, transformer laminations, amorph"
CORDSCABLE,Cords Cable Industries Limited,,Industrials,Electrical Equipment & Parts,459.0,7.15,,"Cords Cable Industries Limited engages in the manufacturing and sale of control and instrumentation cables in India. The company offers control and electrical wiring cables; power cables; instrumentation, signal, and data cables; thermocouple cables; and fieldbus, fire survival, EPR, silicone, xtreme temp, flexible, low tox, tox free, oil resist, super oil resist, railway jelly filled quad, and eu"
ELIN,Elin Electronics Limited,,Industrials,Electrical Equipment & Parts,444.0,1.46,,"Elin Electronics Limited engages in the design, manufacture, and sale of electronics motors, tools, moulds, dies, kitchen appliances, personal care and lighting products, and automotive components in India and internationally. The company offers LED lighting, fans, and switches, including LED Lighting and flashlights, fans, switches; small appliances, such as dry and steam irons, mixer grinders, h"
RMC,RMC Switchgears Limited,,Industrials,Electrical Equipment & Parts,229.0,1.04,,"RMC Switchgears Limited engages in the switchgear engineering business in India. The company also manufactures smart-meter enclosures, feeder pillars, distribution and junction boxes, fibre-reinforced plastic safety products, V-cross arms, gratings, cable trays, transformer fencing, electrical panels and bus bars. In addition, it is involved in the turnkey projects: and transmission and distributi"
LUMINO,Lumino Industries Limited,,Industrials,Electrical Equipment & Parts,,228.83,,"Lumino Industries Limited manufactures and sells conductors, power cables, electrical wires, and other products and components for power distribution and transmission industries in India and internationally. It offers aluminium conductors; LV XLPE/PVC insulated power, LV XLPE/PVC insulated control, LV aerial bunch, railway signalling, concentric, screened and instrumentation, solar, LV FR/FRLSH/FR"
CENTUM,Centum Electronics Limited,,Technology,Electronic Components,6996.0,17.57,,"Centum Electronics Limited designs, manufactures, and exports electronic products In Europe, Middle East, Asia, and North America. It engages in design, development, production, and manufacturing of energy management controllers, electrical AC and DC converters, embedded computers, test means, digital and hardware in the loop simulators, actuator controllers, and smart actuators for auxiliary func"
IKIO,IKIO Technologies Limited,,Technology,Electronic Components,1636.0,7.57,,"IKIO Technologies Limited, together with its subsidiaries, manufactures and sells light emitting diode lighting solutions in India and internationally. It offers ODM for LED lights; switches and hardware components; LED refrigeration lights and controls; recreational vehicle components; and LED drivers. The company also provides LED lighting solutions, including architectural lighting, product dis"
RPTECH,Rashi Peripherals Limited,,Technology,Electronics & Computer Distribution,5391.0,23.97,,"Rashi Peripherals Limited operates as a distribution partner for information and communications technology (ICT) products of various brands in India. The company provides personal computing, enterprise, cloud solutions, lifestyle and IT essentials. It also offers solutions, such as remote access, identity access management, privileged access management, remote monitoring and management, patch mana"
CNL,Creative Newtech Limited,,Technology,Electronics & Computer Distribution,1711.0,2.87,,"Creative Newtech Limited distributes information technology (IT), gaming, imaging, lifestyle, and security products in India and internationally. It operates through Enterprise Business (EB); Fast Moving Social - Media Gadgets (FMSG); Fast Moving Electronics Goods (FMEG); and Fast Moving Consumer Technology (FMCT) segments. The company offers monitors, TVs, IFPs, PC casing and cooling products, la"
DCI,Dc Infotech And Communication Limited,,Technology,Electronics & Computer Distribution,447.0,4.93,,"DC Infotech and Communication Limited engages in the provision of networking and security solutions in India and internationally. The company offers KVM, PRO-AV intelligence, and PDC/Cables under Aten brand; router, switches, wireless, surveillance structured, and cabling and network rack products under D-link brand. It also provides managed/smart/unmanaged poe/non poe switches; chassis switches;"
EMPOWER,Empower India Limited,,Technology,Electronics & Computer Distribution,264.0,2.34,,"Empower India Limited, together with its subsidiaries, provides IT infrastructure management and sustainable power solutions in India. It offers IT solutions, including IT infrastructure management, network infrastructure design and optimization, and data backup and disaster recovery services for data center operations. The company also provides renewable energy solutions, such as solar module ins"
GRINFRA,G R Infraprojects Limited,,Industrials,Engineering & Construction,7981.0,1.86,,"G R Infraprojects Limited provides civil construction services in India. It operates through the Engineering, Procurement, and Construction; Built, Operate and Transfer/Annuity Projects; and Others segments. It offers engineering, procurement, construction (EPC), and project management services for roads and highways, bridges, airport runway, railways and metro, hydro and tunneling, power transmis"
CEIGALL,Ceigall India Limited,,Industrials,Engineering & Construction,6619.0,17.23,,"Ceigall India Limited, an infrastructure construction company, engages in the engineering, procurement, and construction businesses in India. The company undertakes specialized structural works, including elevated roads, flyovers, bridges, railway overbridges, tunnels, highways, expressways, and runways, as well as metro, airports, solar, specialized infrastructure, water/irrigation, and utility s"
MANINFRA,Man Infraconstruction Limited,,Industrials,Engineering & Construction,4902.0,26.32,,"Man Infraconstruction Limited provides engineering, procurement, and construction services in India and internationally. The company's services include port infrastructure construction of onshore container terminals and freight stations; land reclamation; soil consolidation; and provision of operational services, including firefighting, sewerage, drainage systems, etc. It is also involved in the c"
GVPIL,GE Power India Limited,,Industrials,Engineering & Construction,4631.0,12.48,,"GE Power India Limited engages in the engineering, procurement, manufacturing, construction, maintenance, and servicing of power plants and power equipment in India and internationally. The company offers steam power services. It also provides automation and control; boilers; mills; and air quality control systems. The company serves power generating utilities, cement, iron and steel, chemical and"
JKIL,J.Kumar Infraprojects Limited,,Industrials,Engineering & Construction,3628.0,2.33,,"J. Kumar Infraprojects Limited engages in the construction business in India. The company executes contracts of various infrastructure projects, including transportation engineering, irrigation projects, civil construction, piling work, etc. Its transportation engineering projects includes roads, underground and elevated metros, bridges, flyovers, subways, road over bridges, skywalks, railway term"
VINDHYATEL,Vindhya Telelinks Limited,,Industrials,Engineering & Construction,3381.0,24.08,,"Vindhya Telelinks Limited engages in the manufacture and sale of cables in India. The company operates in two segments, Cable Manufacturing; and Engineering, Procurement, and Construction (EPC). It offers fiber optic cables, such as aerial, underground duct, micro duct, micromodule, FTTX, specialty, and indoor cables. The company also provides telecom fiber accessories, such as connectors, adapter"
PSPPROJECT,PSP Projects Limited,,Industrials,Engineering & Construction,3251.0,3.2,,"PSP Projects Limited, a construction company, provides construction and allied services for industrial, institutional, commercial, residential, hospitality, hospital, and landmark government projects in India. It constructs industrial buildings for pharmaceutical plants, food processing units, engineering, manufacturing and processing facilities; and buildings for hospitals and healthcare services"
INTERARCH,Interarch Building Solutions Limited,,Industrials,Engineering & Construction,2875.0,6.97,,"Interarch Building Solutions Limited provides pre-engineered steel construction solutions in India. It offers pre-engineered steel building (PEB) systems; roofing and cladding system; non-industrial buildings; and suspended ceiling systems. The company also provides turnkey project management; logistics and delivery; and customized value addition, as well as metal false ceiling and light gauge fra"
DREDGECORP,Dredging Corporation of India Limited,,Industrials,Engineering & Construction,2785.0,7.38,,"Dredging Corporation of India Limited provides dredging services to various ports, the Indian navy, fishing harbors, and other maritime organizations in India. The company offers capital dredging, maintenance dredging, beach nourishment, land reclamation, inland/shallow water dredging, project management consultancy, hydrographic and survey services, and marine construction services. It operates t"
PATELENG,Patel Engineering Limited,,Industrials,Engineering & Construction,2459.0,5.14,,"Patel Engineering Limited, together with its subsidiaries, provides infrastructure and construction services in India and internationally. The company operates through EPC and Real Estate segments. It undertakes construction of dams, tunnels, micro-tunnels, hydroelectric, irrigation, highways, roads, bridges, railways, refinery, real estate, and township projects. The company is also involved in r"
EPACKPEB,EPack Prefab Technologies Limited,,Industrials,Engineering & Construction,2431.0,8.74,,"EPack Prefab Technologies Limited engages in manufacturing Pre-engineered and Prefabricated Building Solutions and EPS (Expanded Polystyrene) Packaging. Pre-engineered and Prefabricated Building Solutions engages in the designing, manufacturing, installation, and erection of pre-engineered steel buildings, pre-fabricated structures, and its components in India and internationally. It offers sandwi"
RAMKY,Ramky Infrastructure Limited,,Industrials,Engineering & Construction,2194.0,1.22,,"Ramky Infrastructure Limited, together with its subsidiaries, provides integrated construction, infrastructure development, and management services primarily in India. The company operates through Construction Business and Developer Business segments. It constructs water and waste water projects, such as water treatment plants, water transmission and distribution systems, elevated and ground level"
EMSLIMITED,EMS Limited,,Industrials,Engineering & Construction,2023.0,6.72,,"EMS Limited constructs, designs, and installs water, wastewater, and domestic waste treatment facilities in India. It provides electrical transmission and distribution, road and allied works, operation and maintenance of water and wastewater treatment plants, and water supply scheme projects for government authorities. The company also offers turnkey services in water and wastewater collection, tr"
SIMPLEXINF,Simplex Infrastructures Limited,,Industrials,Engineering & Construction,1983.0,2.64,,"Simplex Infrastructures Limited, together with its subsidiaries, operates as a diversified infrastructure company in India and internationally. The company offers construction and engineering services for the piling, energy and power, building and housing, marine, roads and highways, railways, urban infrastructure, real estate, and other sectors. It also builds rail infrastructure, including rail"
BGRENERGY,BGR Energy Systems Limited,,Industrials,Engineering & Construction,1937.0,1.52,,"BGR Energy Systems Limited, together with its subsidiaries, manufactures and sells capital equipment for power plants, petrochemical and process industries, and refineries in India and internationally. The company is involved in the provision of turnkey engineering, procurement, and construction services for power plants; supply of sub and super critical steam turbines and generators, and single a"
INDIANHUME,Indian Hume Pipe Company Limited,,Industrials,Engineering & Construction,1912.0,1.57,,"The Indian Hume Pipe Company Limited engages in construction contract activities in India. It operates through two segments, Construction and Real estate. The. The company engages in manufacturing, supplying, laying, jointing, testing, and commissioning of pipelines; undertakes water supply projects for the supply of drinking and irrigation water; provides sewer and drainage pipelines for cities a"
CAPACITE,Capacit'e Infraprojects Limited,,Industrials,Engineering & Construction,1650.0,8.23,,"Capacit'e Infraprojects Limited, together with its subsidiaries, engages in the engineering, procurement, and construction business in India. The company offers design, build, and contracting services for high-rise and super high-rise structures, retail and commercial complexes, institutional buildings, office spaces, gated communities, hospitals, malls, factories, hotels, data centers, industrial"
GARUDA,Garuda Construction and Engineering Limited,,Industrials,Engineering & Construction,1645.0,7.34,,"Garuda Construction and Engineering Limited offers civil construction services in India. It constructs residential, residential cum commercial, hospitality, infrastructure, and commercial and industrial projects. The company also constructs concrete building structures and composite steel structures. In addition, it provides operations and maintenance services; and mechanical, electrical, and plum"
KPEL,K.P. Energy Limited,,Industrials,Engineering & Construction,1575.0,6.52,,"K.P. Energy Limited provides balance of plant solutions for wind energy sector in India. The company offers solutions for wind project and wind-solar hybrid power project development, which comprises site identification and acquisition, site preparation and logistics, erection, power evacuation, and operations and maintenance services, as well as engineering, procurement, construction, and commiss"
GPTINFRA,GPT Infraprojects Limited,,Industrials,Engineering & Construction,1496.0,1.25,,"GPT Infraprojects Limited, together with its subsidiaries, carries out civil and infrastructure projects in India and internationally. The company operates through Infrastructure and Concrete Sleepers segments. It engages in construction and repair of railways bridges, steel superstructures, structured steel fabrication, large-span steel superstructure, road construction, and railway tracks instal"
CEINSYS,Ceinsys Tech Limited,,Industrials,Engineering & Construction,1486.0,4.18,,"Ceinsys Tech Limited provides enterprise geospatial and engineering services in India and internationally. It offers geospatial data services, including GIS mapping, LiDAR, photogrammetry, and satellite imagery; feasibility modeling, predictive analytics and risk estimation, change management, and impact analytics; energy management, BIM, water management, and project management consultancy; model"
MBEL,M & B Engineering Limited,,Industrials,Engineering & Construction,1458.0,2.56,,"M & B Engineering Limited, an engineering company, engages in the design, manufacturing, and installation of pre-engineered metal buildings, self-supported steel roofing, and complex steel components. The company manufactures structural steel components for projects, including construction of bridges, flyovers, power plant structures, and other industrial applications. It serves general engineerin"
VIKRAN,Vikran Engineering Limited,,Industrials,Engineering & Construction,1448.0,5.2,,"Vikran Engineering Limited operates as an engineering, procurement, and construction company in India. It is involved in the design, engineering, procurement, construction, testing, and commissioning of high-voltage transmission lines, air-insulated and gas-insulated substations, underground EHV cables, high-voltage switching and distribution substations, as well as feeder bay augmentations, rural"
SPMLINFRA,SPML Infra Limited,,Industrials,Engineering & Construction,1414.0,3.08,,"SPML Infra Limited operates as an infrastructure development company in India. It offers water loss management, water reservoirs and pumping stations, pipeline network design, smart metering system, and water reuse and recycling; battery energy storage systems; metering and billing; effluent, sewage, and tertiary treatment plants; integrated sewage network; and smart water management solution. The"
WALCHANNAG,Walchandnagar Industries Limited,,Industrials,Engineering & Construction,1366.0,9.03,,"Walchandnagar Industries Limited operates as a heavy engineering and project execution company in India and internationally. It operates through Heavy Engineering; Foundry and Machine Shop; and Others segments. The company provides booster motor casings and nozzles for aerospace applications; and design, engineering, manufacture, supply, project management, and supervision services for cement plan"
BLKASHYAP,B. L. Kashyap and Sons Limited,,Industrials,Engineering & Construction,1163.0,3.02,,"B.L. Kashyap and Sons Limited, together with its subsidiaries, engages in the construction and infrastructure development activities in India. The company constructs factories and manufacturing facilities, IT campuses, commercial and residential complexes, retail and malls, and institutions. It undertakes engineering, procurement, and construction (EPC) projects to set up power generation plants,"
ARIS,Arisinfra Solutions Limited,,Industrials,Engineering & Construction,1162.0,23.36,,"Arisinfra Solutions Limited, together with its subsidiaries, engages in the trading, procuring, supplying, and distributing of raw materials for the creation of infrastructure, buildings, and construction in India. Its product portfolio includes aggregates, ready-mix concrete, walling, construction, chemicals, steel, cement, tiles, electricals, plumbing and other allied construction materials solu"
GAYAPROJ,Gayatri Projects Limited,,Industrials,Engineering & Construction,1142.0,1.58,,"Gayatri Projects Limited engages in the construction business in India. The company is involved in engineering, procurement and construction of roads, irrigation, rail, airports development, power, and industrial works, as well as transportation, water works, land development, and mining projects. It also engages in the ownership of infrastructure assets. It also engages in the ownership of infras"
RIIL,Reliance Industrial Infrastructure Limited,,Industrials,Engineering & Construction,1065.0,2.64,,"Reliance Industrial Infrastructure Limited engages in the infrastructure and support services activities in India. The company is involved in setting up and operating industrial infrastructure; transportation of petroleum products, natural gas, and raw water through its pipelines; and other infrastructure support services. It primarily operates in Mumbai and the Rasayani regions of Maharashtra, as"
SEPC,SEPC Limited,,Industrials,Engineering & Construction,989.0,4.36,,"SEPC Limited provides integrated design, engineering, procurement, construction, and project management services in India and internationally. It offers turnkey contracting solutions, including design, engineering, and construction for ferrous and non-ferrous industries, cement plants, coke oven and by-product plants, process plants, and material handling plants, as well as transportation; water a"
SRM,SRM Contractors Limited,,Industrials,Engineering & Construction,966.0,3.65,,"SRM Contractors Limited engages in the provision of engineering and construction services in India. The company is involved in the development of roads, bridges, tunnels, slope stabilization, and miscellaneous civil infrastructure projects. It is also involved in undertaking subcontracting assignments from third party major infrastructure and construction entities. SRM Contractors Limited was inco"
DENTA,Denta Water and Infra Solutions Limited,,Industrials,Engineering & Construction,737.0,2.66,,"Denta Water and Infra Solutions Limited, a water and infrastructure solution company, engages in the design, installation, and commissioning of water management infrastructure projects in India. The company provides groundwater recharging and construction projects in the field of railways and highways. It also offers operation and maintenance services for water management infrastructure projects."
VIVIANA,Viviana Power Tech Limited,,Industrials,Engineering & Construction,736.0,1.53,,"Viviana Power Tech Limited engages in power transmission, distribution, and industrial engineering, procurement, and construction (EPC) space project businesses in India. The company offers a range of services, such as supply, erection, testing, and commissioning of power transmission lines and EHV substations, as well as turnkey jobs of electrical systems; distribution network establishment; unde"
VPRPL,Vishnu Prakash R Punglia Limited,,Industrials,Engineering & Construction,425.0,1.69,,"Vishnu Prakash R Punglia Limited engages in engineering, procurement, and construction of infrastructure projects in India. The company undertakes various projects, including water supply and sewerage networks; railways, highways, and bridges; roads; irrigation network projects; multistorey buildings and warehouses; and tunnels in hydropower, railways, metro rail, roads, and highways, as well as o"
GENCON,Generic Engineering Construction and Projects Limited,,Industrials,Engineering & Construction,231.0,1.18,,"Generic Engineering Construction and Projects Limited engages in the construction of commercial, residential, industrial, health and leisure, and institutional buildings in India. It focuses on general contracting, design-build, engineering, and procurement and construction work for data centers, hospitals, schools, cold storages, and other types of industrial and residential buildings. The compan"
ATALREAL,Atal Realtech Limited,,Industrials,Engineering & Construction,174.0,27.16,,"Atal Realtech Limited, a construction company, provides integrated civil works contracting and engineering services for structural construction and infrastructure sector projects in India. The company engages in contracting and sub-contracting for various government and private projects, including the construction of commercial and industrial structures; and the provision of project management ser"
OMPOWER,Om Power Transmission Limited,,Industrials,Engineering & Construction,,1.39,,"Om Power Transmission Limited, an engineering, procurement, and construction company, executes high-voltage and extra-high voltage transmission line, substations, and underground cabling projects. The company constructs transmission lines of voltage levels; undertakes high tension and low tension underground cabling providing services, such as trenching, cable laying, jointing, and termination; an"
IMAGICAA,Imagicaaworld Entertainment Limited,,Communication Services,Entertainment,2992.0,4.29,,"Imagicaaworld Entertainment Limited engages in the development and operation of theme-based entertainment destinations in India. It operates through Tickets, Food and Beverage, Merchandise, Rooms, and Other Operations segments. The company operates theme, water, and snow parks under the Imagicaa brand; and operates hotel under the Novotel Imagicaa brand. It also provides merchandise products, park"
HATHWAY,Hathway Cable & Datacom Limited,,Communication Services,Entertainment,1765.0,1.26,,"Hathway Cable and Datacom Limited provides cable television network and Internet services. It operates through Broadband Business, Cable Television, and Dealing in Securities segments. The company provides home and business broadband services. In It also offers management, technical, and consultancy services. Further, the company engages in the cable TV services business in cities and towns in Ind"
PANORAMA,Panorama Studios International Limited,,Communication Services,Entertainment,1430.0,1.66,,"Panorama Studios International Limited, together with its subsidiaries, engages in the entertainment, film production and distribution, and media business in India. It offers project development, production, postproduction, distribution, music, equipment rental and publicity design services. The company was formerly known as Apunka Invest Commercial Limited. Panorama Studios International Limited"
SUNSHINE,Sunshine Pictures Limited,,Communication Services,Entertainment,1340.0,121.22,,"Sunshine Pictures Limited engages in the business of film production, content development, media distribution, and allied entertainment services in India. The company offers production of feature films, web series, and television content. It is also involved in music production and distribution. It serves the entertainment industry by creating and distributing diverse media content across various"
BALAJITELE,Balaji Telefilms Limited,,Communication Services,Entertainment,1140.0,1.31,,"Balaji Telefilms Limited, together with its subsidiaries, engages in the television content business in India and internationally. The company operates through the Commissioned Programmes, Films, and Digital segments. Its Commissioned Programmes segment provides television serials to channels and digital content to OTT platforms. The Films segment is involved in the production and / or distributio"
AJAXENGG,Ajax Engineering Limited,,Industrials,Farm & Heavy Construction Machinery,6437.0,3.73,,"Ajax Engineering Limited manufactures and sells self-loading concrete mixers, concrete batching plants, and concrete pumps in India and internationally. The company also offers transit mixers, stationary concrete pumps, boom pumps, self-propelled boom pumps, 3D concrete printers, and concrete slip-form pavers, as well as dumpers, planetary mixers, and twin shaft mixers. It serves roadways, waterwa"
UNIPARTS,Uniparts India Limited,,Industrials,Farm & Heavy Construction Machinery,3857.0,15.02,,"Uniparts India Limited, together with its subsidiaries, manufactures and supplies engineering systems, solutions, and assemblies primarily for off-highway vehicles in India, the United States, the Asia Pacific, Europe, Japan, and internationally. The company offers 3-point linkage systems, including rear and front hitch; precision machined parts, such as pins, brushes, and others; and fabrication"
VSTTILLERS,V.S.T Tillers Tractors Limited,,Industrials,Farm & Heavy Construction Machinery,3713.0,2.98,,"V.S.T. Tillers Tractors Limited manufactures and trades agricultural machinery in India and internationally. The company offers power tillers, power weeders, power reapers, brush cutters, and tractors; spare parts, lubricants, diesel engines, and electric pumps; crankshafts, camshafts, and connecting rods; cylinder blocks and heads; locomotive parts; rotary tillers; crankcase and transmission case"
TIL,TIL Limited,,Industrials,Farm & Heavy Construction Machinery,2116.0,1.71,,"TIL Limited, together with its subsidiary, TIL Overseas PTE Limited, provides materials handling solutions in India and internationally. It offers material handling, lifting, port, and road construction equipment; rough terrain empty containers reach stackers, truck, pick and carry, and articulating cranes; manitowoc crawler and grove cranes; and reach stackers, forklift trucks, and container hand"
EIMCOELECO,Eimco Elecon (India) Limited,,Industrials,Farm & Heavy Construction Machinery,1320.0,5.22,,"Eimco Elecon (India) Limited engages in the manufacture and sale of equipment for the mining and construction sectors in India. Its products include air motors, chair lift man-riding, coal haulers, drill machines, load haul dumpers, dump trucks, piling rigs, rocker shovel loaders, side dump loaders, and wheel loaders, as well as continuous miner package. The company was incorporated in 1974 and is"
INDOFARM,Indo Farm Equipment Limited,,Industrials,Farm & Heavy Construction Machinery,689.0,1.09,,"Indo Farm Equipment Limited manufactures and sells agricultural, industrial, and construction equipment in India and internationally. The company operates through the Tractor, Crane, NBFC, and Others segments. It offers tractors, rotary tillers, and harvesters, as well as hydraulic pick and carry cranes, and tower cranes. The company also provides financing for new tractors and refinancing for pre"
VENKEYS,Venky's (India) Limited,,Consumer Defensive,Farm Products,2311.0,12.82,,"Venky's (India) Limited primarily engages in the production and sale of poultry products in India and internationally. It operates through three segments: Poultry and Poultry Products, Animal Health Products, and Oilseed. The Poultry and Poultry Products segment produces and sells day old broiler and layer chicks, pathogen free eggs, processed chicken products, grownup commercial broiler, poultry"
AEROPLANE,Amir Chand Jagdish Kumar (Exports) Limited,,Consumer Defensive,Farm Products,2082.0,11.86,,"Amir Chand Jagdish Kumar (Exports) Limited engages in the procurement, storage, processing, producing, marketing, exports, and sale of rice other FMCG products in India. Its products are categorized into two segments: Rice and FMCG. The Rice segment includes basmati rice and other specialty rice such as kolam rice, sona masuri, idli rice and ponni rice, and is further classified into premium, medi"
APEX,Apex Frozen Foods Limited,,Consumer Defensive,Farm Products,1099.0,4.54,,"Apex Frozen Foods Limited engages in the farming, processing, production, and sale of shrimps in India. It provides ready-to-cook whiteleg and black tiger shrimps, which include head on and whole, headless and shell-on, easy peel, peeled, and cooked peeled & deveined-tail-on, cooked in shell, dusted and breaded, par-fried, butterfly, skewered, seasoned, peeled and deveined-tail-on, peeled and un-d"
DBOL,Dhampur Bio Organics Limited,,Consumer Defensive,Farm Products,745.0,2.77,,"Dhampur Bio Organics Limited, together with its subsidiaries, manufactures and sells sugar in India and internationally. The company operates through three segments: Sugar; Biofuels and Spirits; and Country Liquor. It offers sulphurless sugar and sugar byproducts under the Dhampure brand name; ethanol and biogenic carbon dioxide; spirit and liquor; extra neutral alcohol; bagasse; and organic ferti"
SHINDL,Sharat Industries Limited,,Consumer Defensive,Farm Products,,3.65,,"Sharat Industries Limited engages in shrimp aquaculture activities in India. The company offers raw and cooked white shrimps, cultured marine worms, and vannamei seedlings. It is also involved in the manufacture and sale of shrimp feeds under the VANNASTAR and AQUAASTAR brand names; and frozen shrimp under the Sharat Star brand name. The company also exports its products. In addition, its customer"
ARSSBL,Anand Rathi Share and Stock Brokers Limited,,Financial Services,Financial Conglomerates,3129.0,7.05,,"Anand Rathi Share and Stock Brokers Limited provides stock brokerage services in India and internationally. The company offers equities, derivatives, alternative investment funds, IPOs, mutual funds, portfolio management services, investment basket, margin trading facility, NRI investing, commodities, currencies, fixed income, and insurance products. It also provides TradeMobi, an online app for t"
CARERATING,CARE Ratings Limited,,Financial Services,Financial Data & Stock Exchanges,4897.0,6.18,,"CARE Ratings Limited, a credit rating agency, provides various rating and related services in India and internationally. It offers rating services for bank loan, debt instrument, bonds, long and short term instruments, InvITs, resolution plan, and non-convertible debentures; CDs for banks, bonds, mutual funds, and hybrid instruments; bank debt and capital market instruments, such as commercial pap"
ICRA,ICRA Limited,,Financial Services,Financial Data & Stock Exchanges,4375.0,12.51,,"ICRA Limited operates as an independent and professional investment information, and credit rating agency in India and internationally. It offers data and knowledge process operations, digital transformation, data application development, financial intelligence, ESG analytics, and model development services; credit risk solutions and data platforms, including internal rating solution, early warnin"
DODLA,Dodla Dairy Limited,,Consumer Defensive,Food Distribution,6426.0,2.25,,"Dodla Dairy Limited, together with its subsidiaries, engages in the production and sale of milk and value-added dairy products in India and internationally. The company offers flavoured, toned, standardized, full cream, ultrahigh temperature processed (UHT)-toned, UHT cow, and UHT-double toned milk; and milk products, such as butter milk, lassi, ghee, paneer, cheese, curd, flavored milk, yoghurt,"
BIL,Bhartiya International Limited,,Consumer Cyclical,Footwear & Accessories,1401.0,1.49,,"Bhartiya International Ltd., together with its subsidiaries, manufactures and trades in leather and textile products in India. The company offers leather outerwear, bags, accessories, belts, wallets, fur products, and other small leather goods, as well as textile apparel, knitted and woven garments, sleepwear, puffers, jackets, non-leather bags, leather finishing; and design studio services. It al"
TTKPRESTIG,TTK Prestige Limited,,Consumer Cyclical,"Furnishings, Fixtures & Appliances",7189.0,3.41,,"TTK Prestige Limited, together with its subsidiaries, manufactures and sells kitchen and home appliances under the Prestige and Judge brands in India and internationally. The company offers pressure cookers; cookware; cooking appliances, such as gas stoves, induction/infrared cooktops, rice cookers, OTG, and air fryers; food preparation products, including mixers and wet grinders, hand blenders, h"
STYLAMIND,Stylam Industries Limited,,Consumer Cyclical,"Furnishings, Fixtures & Appliances",5419.0,9.81,,"Stylam Industries Limited engages in the manufacture and sale of laminates and allied products under the STYLAM brand name in India. It offers woodgrain, marble, abstract, fabric, solids, patterns, and synchro high pressure laminates; and compact laminates, such as cuboid, fascia, tablex, kitchenate, unicore, play and slay, stella, and lab mate. It also provides specialty laminates, including mirr"
BOSCH-HCIL,BOSCH HOME COMFORT INDIA LIMITED,,Consumer Cyclical,"Furnishings, Fixtures & Appliances",4584.0,6.22,,"Bosch Home Comfort India Limited manufactures and distributes air conditioners, chillers, refrigerators, air purifiers, and variable refrigerant flow systems in India and internationally. It operates through Cooling Products for Comfort and Commercial Use; and Design and Development Services segments. The company offers inverter and non-inverter, fixed speed, split, non-inverter, hot and cold, pac"
HAWKINCOOK,Hawkins Cookers Limited,,Consumer Cyclical,"Furnishings, Fixtures & Appliances",4318.0,1.27,,"Hawkins Cookers Limited manufactures, trades, and sells kitchenware in India and internationally. The company offers pressure cookers; and cookware, including tavas, frying pans, deep-fry pans, saucepans, cook-n-serve bowls, handis, stewpots, sauté pans, Uttapam pan, Tpan, casserole and mini casserole, appe pan, grill pan, dutch ovens, shallow kadhai, pizza makers and cake bakers, spatula, and coo"
SYMPHONY,Symphony Limited,,Consumer Cyclical,"Furnishings, Fixtures & Appliances",4105.0,3.38,,"Symphony Limited, together with its subsidiaries, manufactures and trades in air coolers and other appliances under the Symphony brand for residential, commercial, and industrial customers in India and internationally. The company offers household coolers, such as desert, room, personal, and spot; air cooler; industrial air coolers; portable cooler; commercial coolers; large space venti-cooling; t"
ORIENTELEC,Orient Electric Limited,,Consumer Cyclical,"Furnishings, Fixtures & Appliances",3585.0,2.03,,"Orient Electric Limited manufactures, purchases, and sells lifestyle electrical products in India and internationally. It operates in two segments, Electrical Consumer Durables, and Lighting and Switchgear. The company offers table, stand, wall, lifestyle, exhaust, personal, and silent fans; ceiling fans, including BLDC, high speed, smart, under light, remote controllable, and chandelier fans; mix"
BOROLTD,Borosil Limited,,Consumer Cyclical,"Furnishings, Fixtures & Appliances",3123.0,3.68,,"Borosil Limited manufactures, sells, and trades in consumer ware products in India. The company offers laboratory glassware, including beakers, bottles, burettes, cones, condensers, cylinders, dessiciators, dishes, distilling apparatus, flasks, funnels, funnels, filtration assembly, volumetric flask, gas generator, jars, kettles, pipettes, tubes, HPLC VIALS, microscope slides, and lab accessories,"
CARYSIL,CARYSIL LIMITED,,Consumer Cyclical,"Furnishings, Fixtures & Appliances",3029.0,8.05,,"Carysil Limited, together with its subsidiaries, manufactures and trades in quartz kitchen and stainless steel kitchen sinks, bath products, tiles, kitchen appliances, and accessories in India. It provides faucets and food waste disposers; kitchen surfaces; built-in kitchen appliances, which includes chimneys, cook-tops, wine chillers, dishwashers, built-in ovens, microwave ovens, hobs, cooking ra"
NILKAMAL,Nilkamal Limited,,Consumer Cyclical,"Furnishings, Fixtures & Appliances",2828.0,4.9,,"Nilkamal Limited, together with its subsidiaries, manufactures and sells plastic products in India and internationally. The company offers bins and crates, pallets, material handling equipment, shelving and racking systems, insulated boxes, waste management solutions, road safety barriers for infrastructure management, and hospitality sector products for commercial food preparation and service, as"
STOVEKRAFT,Stove Kraft Limited,,Consumer Cyclical,"Furnishings, Fixtures & Appliances",2699.0,8.11,,"Stove Kraft Limited engages in the manufacture and sale of kitchen and home solutions in India and internationally. The company offers pressure cookers, cookware, cooktop, induction and infrared cooktops, chimney, and hobs; mixer grinders, wet grinders, nutri mixer, airfryer, airfryer + oven, coffee maker, cold press juicer, kettles, oven, pop up toaster, sandwich maker, rice cooker, and portable"
LAOPALA,La Opala RG Limited,,Consumer Cyclical,"Furnishings, Fixtures & Appliances",1794.0,2.23,,"La Opala RG Limited manufactures, markets, and sells glass and glassware products in India and internationally. Its opal glass tableware products include plates, bowls, dinner sets, cup and saucer sets, coffee mugs and cups, tea and soup sets, dessert sets, etc., as well as crystalware, such as barware, including tumblers and stemware; and vases. The company offers its products under the La Opala,"
EPACK,EPACK Durable Limited,,Consumer Cyclical,"Furnishings, Fixtures & Appliances",1730.0,6.98,,"EPACK Durable Limited manufactures original design of room air conditioners in India. The company provides window air conditioners, window inverter air conditioners, indoor units, and outdoor units; small domestic appliances, including induction cooktops, mixer-grinders, air fryers, vacuum cleaner and nutri blenders, and water dispensers; and large domestic appliances, such as washing machines and"
HINDWAREAP,Hindware Home Innovation Limited,,Consumer Cyclical,"Furnishings, Fixtures & Appliances",1477.0,1.42,,"Hindware Home Innovation Limited engages in the manufacturing, selling and trading of building products and consumer products in India. The company offers kitchen appliances comprising chimneys, built-in hobs, dishwashers, cooktops, built-in ovens, cooking range, water purifiers, and sinks; air coolers and ceiling fans; and pedestal fans, kitchen& furniture fittings, water heaters, and room heater"
ONIDA,Onida Electronics Limited,,Consumer Cyclical,"Furnishings, Fixtures & Appliances",1268.0,1.44,,"Onida Electronics Limited engages in manufacturing and trading of electronics and consumer durables in India. The company offers mini-LED, karaoke, QLED, 4K Ultra HD, Full HD, and HD ready televisions; inverter and fixed air conditioners; mobile phone; LED light speaker system; HD media player; and home appliances, such as washing machines, washers, refrigerators, and air coolers under the Onida b"
WEL,Wonder Electricals Limited,,Consumer Cyclical,"Furnishings, Fixtures & Appliances",1026.0,9.98,,"Wonder Electricals Limited engages in the manufacture and supply of ceiling, exhaust, pedestal, and TPW and BLDC fans in India. The company also manufactures processes, such as in-house blade fabrication, cover and rotor machining, copper winding, surface treatment, powder coating, and assembly. In addition, it exports its products. The company was formerly known as Wonder Fibromats Limited and ch"
DECNGOLD,Deccan Gold Mines Limited,,Basic Materials,Gold,4362.0,26.33,,"Deccan Gold Mines Limited engages in the exploration, development, extraction, processing, and sale of gold in India. The company explores copper, platinum group elements, and nickel. Its flagship project is the Jonnagiri Gold Project located in Andra Pradesh, India. The company also provides mineral exploration consultancy services. The company was incorporated in 1984 and is based in Bengaluru,"
MEDIASSIST,Medi Assist Healthcare Services Limited,,Healthcare,Healthcare Plans,2514.0,5.04,,"Medi Assist Healthcare Services Limited, together with its subsidiaries, provides third-party administration services for health insurance claims in India and internationally. The company offers MAtrix, a claims administration platform; MAven, a fraud, waste, and abuse prevention platform; MAven IDP, an intelligent document processing platform; MAven Insights, an analytics and decision intelligenc"
BUILDPRO,Shankara Buildpro Limited,,Consumer Cyclical,Home Improvement Retail,3104.0,9.11,,"Shankara Buildpro Limited engages in retail, supply, distribution, and promotion of home improvement and building products in India. Shankara Buildpro Limited was incorporated in 2023 and is based in Bengaluru, India."
SHANKARA,Shankara Building Products Limited,,Consumer Cyclical,Home Improvement Retail,358.0,1.06,,"Shankara Building Products Limited operates as a retailer of home improvement and building products in India. The company offers structural steel products, cement, TMT bars, hollow blocks, pipes and tubes, roofing solutions, welding accessories, primers, solar heaters, fittings, plumbing products, tiles, sanitary ware, water tanks, plywood, kitchen sinks, and lighting, flooring, electricals, inter"
PGHH,Procter & Gamble Hygiene and Health Care Limited,,Consumer Defensive,Household & Personal Products,24105.0,8.54,,"Procter & Gamble Hygiene and Health Care Limited manufactures and sells branded packaged fast-moving consumer goods in the feminine care and healthcare businesses in India and internationally. It operates through Health care Products and Hygiene Products segments. The company offers health care products, including ointments and creams, cough drops, and tablets; and hygiene products, such as femini"
BAJAJCON,Bajaj Consumer Care Limited,,Consumer Defensive,Household & Personal Products,6731.0,42.88,,"Bajaj Consumer Care Limited manufactures, markets, and distributes hair care, cosmetics, toiletries, and other personal care products in India and internationally. The company offers hair oil and serum, shampoo, body lotion, and soap under the Bajaj Almond Drops brand name; and castor, coconut, virgin coconut, olive, kalonji, and jojoba oil under the Bajaj 100% Pure brand. It also provides face sc"
ALLTIME,All Time Plastics Limited,,Consumer Defensive,Household & Personal Products,1352.0,2.28,,"All Time Plastics Limited manufactures and sells plastic molded articles under the alltime brand name in India. The company offers chopping boards, strainers, mixing bowls, colander, measuring jugs, measuring cups and spoons, kitchen tools, spatula and spreader sets, orange squeezers; crisper containers, store fresh containers, lock and safe containers, bestow boxes, frostee containers, polka cont"
SGMART,SG Mart Limited,,Industrials,Industrial Distribution,9208.0,16.47,,"SG Mart Limited, together with its subsidiaries, trades in building material products in India and internationally. The company offers various steel and building products, such as TMT bars, plain strut and slotted channels, fasteners, welding rods, wire mesh, door frames, and steel sheets; hot rolled coils, steel billets, and structural steel; zinc ingots; PVC resin; chemicals; and metal plates an"
ESDS,ESDS Software Solution Limited,,Technology,Information Technology Services,19255.0,299.58,,"ESDS Software Solution Limited operates as a provider of cloud and data center services, offering integrated solutions across cloud infrastructure, managed services, and software platforms. The company provides cloud infrastructure solutions, including Infrastructure as a Service (IaaS), Software as a Service (SaaS), and managed services. It offers government community cloud (GCC) and enterprise c"
RSYSTEMS,R Systems International Limited,,Technology,Information Technology Services,2880.0,3.34,,"R Systems International Limited, a digital product engineering company, designs and builds chip-to-cloud software products and platforms in Europe, the United States, and internationally. It provides information technology and business process outsourcing services. It also offers modernization solutions, such as legacy system and cloud modernization, hyper automation and managed services, and data"
RPSGVENT,RPSG VENTURES LIMITED,,Technology,Information Technology Services,2791.0,1.75,,"RPSG Ventures Limited, together with its subsidiaries, owns, operates, invests, and promotes business in the fields of information technology, business process outsourcing, property, entertainment, fast moving consumer goods, and sports activities in India. The company offers application development and management; setup, and operations and maintenance of IT network and infrastructure; data center"
SASKEN,Sasken Technologies Limited,,Technology,Information Technology Services,2598.0,3.13,,"Sasken Technologies Limited, together with its subsidiaries, provides product engineering and digital transformation services in India, North America, Europe, the Middles East, and the Asia Pacific. It operates in two segments, Software Services and Product Solutions. The company offers hardware design and development, platform and application software, and modem and embedded software development;"
PROTEAN,Protean eGov Technologies Limited,,Technology,Information Technology Services,2399.0,12.43,,"Protean eGov Technologies Limited, together with its subsidiaries, develops and implements citizen-centric and population-scale e-governance solutions and digital public infrastructure in India. It offers PAN and tax deduction, and collection account number issuance; electronic tax deducted at source return processing; online PAN verification; digital enrolment, Electronic National Pension System,"
SILVERTUC,Silver Touch Technologies Limited,,Technology,Information Technology Services,2038.0,6.84,,"Silver Touch Technologies Limited provides information technology solutions in India, the United Kingdom, the United States, Canada, and France. The company offers enterprise software services, including digital engineering, enterprise architecture, cloud applications development, mobile applications, and enterprise DevOps; and managed security services, such as SOC-as-a-service, cloud security, e"
SAKSOFT,Saksoft Limited,,Technology,Information Technology Services,1884.0,3.41,,"Saksoft Limited, an information technology company, provides digital transformation solutions in Europe, the United States, the Asia Pacific, and internationally. It operates through Banking and Financial Services (BSF); Logistics; Emerging Vertical; and Commerce segments. The company offers services in the field of AI innovation lab, digital product engineering, agentic AI and intelligent solutio"
XTRANET,Xtranet Technologies Limited,,Technology,Information Technology Services,1785.0,74.51,,"Xtranet Technologies Limited provides integrated information technology solutions. It offers enterprise applications, digital services, managed services, proprietary platforms, and technology partnerships for clients across industries and geographies. The company's IT system integration services include network and security solutions, virtualization and cloud integration, infrastructure management"
MCLOUD,Magellanic Cloud Limited,,Technology,Information Technology Services,1473.0,4.28,,"Magellanic Cloud Limited provides IT solutions in India. It operates through IT-Surveillance, IT/ITES Services, and Drone segments. The company offers artificial intelligence, cloud computing, data engineering, platform development, and digital transformation. It also provides product engineering, product development, quality assurance, DevOps, data analytics, multi-cloud and DevOps automation, pr"
EXPLEOSOL,Expleo Solutions Limited,,Technology,Information Technology Services,1371.0,2.14,,"Expleo Solutions Limited, together with its subsidiaries, primarily provides software validation and verification services to the banking, financial services, and insurance industries worldwide. The company offers computer programming, consultancy and related activities, quality management, software development, software testing, AI and digital transformation, product and process engineering, qual"
DSSL,Dynacons Systems & Solutions Limited,,Technology,Information Technology Services,1316.0,2.97,,"Dynacons Systems & Solutions Limited provides IT solutions and related services in India and internationally. It operates through System Integration and Technology Workforce Augmentation Services segments. The company offers system integration services, such as architecture, integration, and management of custom application and information infrastructures; and datacenter solutions comprising hyper"
IVALUE,Ivalue Infosolutions Limited,,Technology,Information Technology Services,1209.0,3.79,,"iValue Infosolutions Limited operates as an enterprise technology solutions provider in India and internationally. The company provides digital assets protection and data, network and application management with associated services through channel networks. It also offers managed security, professional, enterprise security management, infrastructure managed, and big data services, as well as produ"
ORIENTTECH,Orient Technologies Limited,,Technology,Information Technology Services,1077.0,2.47,,"Orient Technologies Limited provides information technology services in India and internationally. It operates through IT Infrastructure Solutions; and IT Infrastructure and Application Services segments. The company provides IT infrastructure and technology services, such as infrastructure design, systems integration, data centres, cloud, hyperconverged infrastructure, software defined wide area"
CSM,CSM Technologies Limited,,Technology,Information Technology Services,558.0,1.2,,"CSM Technologies Limited provides information technology (IT) consulting and software development services in India and internationally. The company specializes in providing government technology solutions and digital transformation services. The company also engages in designing, developing, and implementing e-governance platforms and digital infrastructure, as well as operates as a long-term dig"
ACSTECH,ACS Technologies Limited,,Technology,Information Technology Services,,1.44,,"ACS Technologies Limited provides system integration, security and surveillance, IOT solutions, and software products and services in India and internationally. The company provides smart transport, smart energy, smart water, smart surveillance, smart emergency response, information services, intelligent advertising, and home automation solutions; IoT and Automation products for homes, offices, ap"
BLUECLOUDS,Blue Cloud Softech Solutions Limited,,Technology,Information Technology Services,,2.33,,"Blue Cloud Softech Solutions Limited engages in design, development, and marketing of computer software in India and internationally. Its products include Access Genie, an AIoT-powered security response platform; BluHawk, a threat hunting solution; BluTact, a mobile device management platform; BluHealth, an AI-enabled healthcare screener and nano-bio sterilizer; EduGenie, an AI-based learning mana"
BFUTILITIE,BF Utilities Limited,,Industrials,Infrastructure Operations,2005.0,2.22,,"BF Utilities Limited, together with its subsidiaries, engages in the infrastructure business in India. The company develops the Bangalore Mysore Infrastructure Corridor Project and operates a 30 kilometers bypass road connecting the twin cities of Hubli and Dharwad in North Karnataka. In addition, the company involved in electricity generation through windmills. The company was incorporated in 200"
TECHNOCRAF,Technocraft Ventures Limited,,Industrials,Infrastructure Operations,1733.0,52.13,,"Technocraft Ventures Limited engages in the engineering, procurement, and construction (EPC) turnkey projects. It develops EPC of water supply scheme projects (WSSPs), sewerage networks, sewerage treatment plants (STPs), wastewater treatment plants, transmission mains, and reservoirs water and wastewater infrastructures; EPC of road and highway projects; residential buildings; power transmission a"
MARKOLINES,Markolines Pavement Technologies Limited,,Industrials,Infrastructure Operations,374.0,3.74,,"Markolines Pavement Technologies Limited provides highway operations and maintenance services in India. The company operates through Highway Maintenance Services; and Specialized Construction Services segments. It offers consultancy services; and major maintenance services involving bituminous comprising pavement milling and filling, bituminous overlay/resurfacing, rehabilitation with glass grid,"
ANNU,Annu Projects Limited,,Industrials,Infrastructure Operations,345.0,2.81,,"Annu Projects Limited engages in the design, development, implementation, operations and maintenance of essential overhead and underground utilities infrastructure across telecom infrastructure, sewerage infrastructure vertical, gas pipeline vertical and railway signalling vertical in India. The company offers services, such as surveying, designing, and installing cabling and tower infrastructures"
TURTLEMINT,Turtlemint Fintech Solutions Limited,,Financial Services,Insurance Brokers,,10.7,,"Turtlemint Fintech Solutions Limited operates as a tech-enabled insurance distribution platform that connects customers, insurance advisors and insurers in India. The company offers products, such as health, car, bike, retirement, and life insurance, as well as mutual funds, loans, and credit cards. It also develops Insurance Hub, a cloud-based platform that provides a suite of APIs offering acces"
SHADOWFAX,Shadowfax Technologies Limited,,Industrials,Integrated Freight & Logistics,16007.0,63.08,,"Shadowfax Technologies Limited operates as a technology-led third-party logistics company in India. The company offers express forward parcel delivery; reverse pickup logistics and hand-in-hand exchange; prime delivery; quick commerce; food and on-demand delivery, mobility, and other logistics services including critical logistics, insourcing of unbundled services, and dark store operations. It se"
LEAPIND,LEAP India Limited,,Industrials,Integrated Freight & Logistics,6427.0,60.86,,"LEAP India Limited provides supply chain asset pooling and management services, including pallet and asset rental, transportation, storage management, distribution, and warehousing solutions. The company offers asset pooling solutions for supply chains, such as the rental and management of pallets, crates, FLCs, and utility boxes. It delivers transportation, storage management, distribution, and w"
TCI,Transport Corporation of India Limited,,Industrials,Integrated Freight & Logistics,6202.0,1.61,,"Transport Corporation of India Limited provides end-to-end integrated supply chain and logistics solutions in India. The company operates through Freight Division, Supply Chain Solutions Division, Seaways Division, and Energy Division segments. It offers surface transport solutions, such as full truck load, less than truck load, over-dimensional cargo, and project heavy haul. In addition, the comp"
MAHLOG,Mahindra Logistics Limited,,Industrials,Integrated Freight & Logistics,3964.0,4.18,,"Mahindra Logistics Limited provides integrated logistics solutions in India and internationally. It operates through two segments, Supply Chain Management (SCM) and Enterprise Mobility Services. The company offers logistics solutions and services, including warehousing, transportation, inventory management, inbound and outbound logistics, in-plant logistics, just-in-time, returns, and value-added"
GATEWAY,Gateway Distriparks Limited,,Industrials,Integrated Freight & Logistics,2624.0,3.83,,"Gateway Distriparks Limited, together with its subsidiaries, provides integrated inter-modal logistics services in India. It offers general and bonded warehousing, rail and road transportation, and container handling services, as well as other value-added services, such as palletization and sheet wrapping. The company also provides temperature-controlled warehousing, transportation, and distributi"
TCIEXP,TCI Express Limited,,Industrials,Integrated Freight & Logistics,1855.0,1.68,,"TCI Express Limited provides express delivery solutions in India and internationally. It provides surface express; domestic and international air express; e-commerce express; C2C express; rail express; and cold chain express services. The company serves pharmaceuticals and cold chain, defense and aerospace, engineering, automobile and component, consumer durables, SME, textile and lifestyle, solar"
SKYWAYS,Skyways Air Services Limited,,Industrials,Integrated Freight & Logistics,1832.0,86.53,,"Skyways Air Services Limited operates as a logistics and freight forwarding service provider. It provides air freight forwarding, ocean freight forwarding, road transportation, courier, warehousing, and custom brokerage services. Skyways Air Services Limited has strategic alliances with Qatar Airways, Saudi Cargo, Air India Cargo, Turkish airlines, and Lufthansa for access to key international rou"
ALLCARGO,Allcargo Logistics Limited,,Industrials,Integrated Freight & Logistics,1645.0,20.59,,"Allcargo Logistics Limited provides integrated logistics solutions in India. It offers express logistics comprising ground and air express, and retail services; consultive logistics, including warehousing and storage, transportation management, in-plant management, stores and line feed, distribution and inbound logistics, and ecommerce order fulfillment. The company also offers express distributio"
AGL,Allcargo Global Limited,,Industrials,Integrated Freight & Logistics,1357.0,3.8,,"Allcargo Global Limited operates as a logistics company in India and internationally. The company engages in non-vessel operating common carriers in less-than-container load logistics; and operation of the ECU360, an end-to-end LCL digital platform. It also provides end-to-end multimodal logistics solutions in LCL, FCL, air freight, and door-to-door services; value-added services, including custom"
NAVKARCORP,Navkar Corporation Limited,,Industrials,Integrated Freight & Logistics,1333.0,2.07,,"Navkar Corporation Limited provides container freight station, inland container depot, rail terminal, container train operator, and warehousing and other logistics solutions in India. It operates private freight terminals, which are used for handling various types of cargo trains for steel cargo, bulk cargo, bagged cargo, containerized cargo, and automobiles; and railway terminals that are used fo"
RITCO,Ritco Logistics Limited,,Industrials,Integrated Freight & Logistics,807.0,1.8,,"Ritco Logistics Limited provides logistics services in India. The company offers contract logistics services, including warehouse management systems; B2B logistics management; free zone trans-shipment documentation; and storage facilities for dangerous goods, perishable, and temperature-regulated and outsize logistics, as well as value-added services, such as barcode technology, pick and pack, inv"
ISFT,Intrasoft Technologies Limited,,Consumer Cyclical,Internet Retail,150.0,1.09,,"IntraSoft Technologies Limited, through its subsidiaries, engages in the development and delivery of e-commerce and e-cards through internet platform in India and internationally. The company owns and operates 123stores.com, an e-commerce retail portal that provides sports and outdoor, home and kitchen, garden and outdoor, and tool and home. It also sells its products through online marketplaces."
WONDERLA,Wonderla Holidays Limited,,Consumer Cyclical,Leisure,3247.0,3.67,,"Wonderla Holidays Limited engages in the amusement park and resort business in India. The company operates through Amusement Parks and Resort, and Others segments. It operates amusement parks, rides, restaurants, banquet halls, food courts, and lounge bars. The company also provides hotel accommodation and other related services, as well as merchandise, cooked food, packed food, and beverages. Won"
VENTIVE,Ventive Hospitality Limited,,Consumer Cyclical,Lodging,13002.0,1.4,,"Ventive Hospitality Limited engages in the hotel and resorts operations in India and internationally. It operates through three segments: Hospitality, Commercial Leasing, and Others. The company is also involved in the leasing of commercial spaces; operation of a retail mall; and operation of windmills. It also operates restaurants under the Alto Vino, Paasha, and Ukiyo brand name; and outlets und"
ITDC,India Tourism Development Corporation Limited,,Consumer Cyclical,Lodging,5592.0,4.65,,"India Tourism Development Corporation Limited, together with its subsidiaries, operates in the travel, tourism, and hospitality industry in India. The company produces, distributes, and sells tourist publicity literature; and manages catering services. It also offers entertainment services, engineering related consultancy services, duty free shopping facilities to tourists, and tourism and hospita"
JUNIPER,Juniper Hotels Limited,,Consumer Cyclical,Lodging,4960.0,3.73,,"Juniper Hotels Limited provides hotel services in India. The company develops, manages, and operates hotels and serviced apartments under the Grand Hyatt Mumbai Hotel and Residences, Andaz Delhi, Hyatt Delhi Residences, Hyatt Regency Ahmedabad, Hyatt Regency Lucknow, Hyatt Raipur, and Hyatt Place Hampi names. It also provides accommodation, dining options, and personalized guest services; and vari"
ORIENTHOT,Oriental Hotels Limited,,Consumer Cyclical,Lodging,2573.0,11.5,,"Oriental Hotels Limited owns, operates, and manages hotels and resorts in India and Hong Kong. The company's hotel portfolio includes the Taj Coromandel, Chennai; Taj Fisherman's Cove Resort & Spa, Chennai; Taj Malabar Resort & Spa, Cochin; Vivanta, Coimbatore; Gateway Madurai and Coonoor; and Vivanta, Mangalore. It provides accommodation, restaurant, food, and catering services. Oriental Hotels L"
PARKHOTELS,Apeejay Surrendra Park Hotels Limited,,Consumer Cyclical,Lodging,2266.0,1.61,,"Apeejay Surrendra Park Hotels Limited owns and operates hotels in India. The company operates hotels under THE PARK, THE PARK Collection, Zone by The Park, Zone Connect by The Park, and Stop by Zone brand names. It also operates restaurants, night clubs, bars, cafes, and kiosks under the Flurys brand name. The company was formerly known as Budget Hotels Limited and changed its name to Apeejay Surr"
TAJGVK,Taj GVK Hotels & Resorts Limited,,Consumer Cyclical,Lodging,2062.0,1.9,,"TAJGVK Hotels & Resorts Limited engages in the business of owning, operating and managing hotels, palaces and resorts under TAJ brand in India. The company operates Taj Krishna, Taj Deccan, and Vivanta Begumpet in Hyderabad, as well as Taj Chandigarh in Chandigarh, Taj Santacruz in Mumbai, and Taj Club House in Chennai. It also offers food and beverages services; and banquets and other services. T"
KAMATHOTEL,Kamat Hotels (I) Limited,,Consumer Cyclical,Lodging,697.0,2.42,,"Kamat Hotels (India) Limited, together with its subsidiaries, engages in the hospitality business in India. The company operates hotels and resorts under The Orchid, Fort JadhavGadh, Lotus Resorts, Toyam by Orchid, Mahodadhi Palace, and IRA by Orchid brands. It also operates restaurants. Kamat Hotels (India) Limited was founded in 1958 and is based in Mumbai, India."
ADVENTHTL,Advent Hotels International Limited,,Consumer Cyclical,Lodging,683.0,1.54,,"Advent Hotels International Limited operates as a hospitality company. It focuses on the creation and ownership of luxury and upper-upscale hotels in prime micro-market in Mumbai and Delhi. The company was incorporated in 2006 and is based in Mumbai, India."
GREENLAM,Greenlam Industries Limited,,Basic Materials,Lumber & Wood Production,5837.0,1.09,,"Greenlam Industries Limited, together with its subsidiaries, manufactures and sells laminates, plywoods, and allied products in India and internationally. It offers decorative and compact laminates, exterior and interior clads, restroom cubicles and locker solutions, chipboards, decorative veneers, engineered wooden floorings, engineered door sets and frames, plywoods, and worktop surface solution"
GREENPLY,Greenply Industries Limited,,Basic Materials,Lumber & Wood Production,3621.0,3.26,,"Greenply Industries Limited, an interior infrastructure company, engages in the manufacture, sale, and trading of plywood and allied products in India and internationally. The company provides plywood, medium density fibreboard, WPC/PVC boards, frame and doors, flooring boards, pre-laminated boards, blockboards, decorative veneers, flush doors, and allied interior products under Green, Ecotec, Opt"
GREENPANEL,Greenpanel Industries Limited,,Basic Materials,Lumber & Wood Production,2029.0,4.66,,"Greenpanel Industries Limited engages in the manufacturing and sale of plywood, medium density fibre board (MDF), and allied products under the Greenpanel brand name in India and internationally. The company provides high-density fibreboard, fire-resistant, pre-laminated, HDWR boards, veneered MDF, wooden flooring, plywood, block boards, and wooden flooring and doors. Greenpanel Industries Limited"
TIMEX,Timex Group India Limited,,Consumer Cyclical,Luxury Goods,7164.0,20.61,,"Timex Group India Limited engages in designing, manufacturing, and trading of watches in India and internationally. It offers wrist watches for men, women, and children under the Timex, Guess, Gc, Versace, Salvatore Ferragamo, Nautica, Ted Baker, Furla, Adidas Originals, Philipp Plein, Plein Sports, Helix, Aston Martin, UNLTD., and TMX brand names. The company also provides after-sales services. T"
KDDL,KDDL Limited,,Consumer Cyclical,Luxury Goods,4928.0,8.91,,"KDDL Limited, together with its subsidiaries, engages in the manufacturing and sale of watch dials and hands, precision engineering components, and press tools. It operates through Precision and Watch Components; Watch, Accessories and Other Luxury Items and Related Services; and Other segments. The company operates retail stores of watches; retails and trades in luxury watches and accessories, an"
GOLDIAM,Goldiam International Limited,,Consumer Cyclical,Luxury Goods,4868.0,11.96,,"Goldiam International Limited, together with its subsidiaries, manufactures and sells diamond-studded gold and silver jewelry products in India. It operates in two segments: Jewellery Manufacturing Activity and Investment Activity. The company offers lab-grown diamond jewellery, engagement and anniversary rings, wedding bands, bridal sets, earrings, pendants, and necklaces. It also exports its pro"
TBZ,Tribhovandas Bhimji Zaveri Limited,,Consumer Cyclical,Luxury Goods,4229.0,82.78,,"Tribhovandas Bhimji Zaveri Limited designs, manufactures, retails, and sells jewelry in India. The company offers bangles, pendants, rings, necklaces, bracelets, earrings, coins, and mangalsutras. It also provides products in a various style, such as gold, diamond studded, precious and semi-precious stone studded, and plain and diamond studded platinum; lightweight and contemporary jewelry; temple"
DPABHUSHAN,D. P. Abhushan Limited,,Consumer Cyclical,Luxury Goods,3247.0,3.26,,"D. P. Abhushan Limited manufactures, sells, and trades gold, diamond, platinum, silver jewellery, and other precious metals in India. It also offers bars; gold and silver coins. The company was founded in 1940 and is based in Ratlam, India."
MOTISONS,Motisons Jewellers Limited,,Consumer Cyclical,Luxury Goods,2041.0,47.96,,"Motisons Jewellers Limited engages in the manufacture and retail of jewelry in India. It offers necklaces, earrings, pendants, bracelets, rings, and mangalsutras made of gold, diamond, kundan, pearl, silver, earth, platinum, precious, semi-precious stones, and other metals. The company also offers gold and silver coins, utensils, and various artifacts. It serves its customers through its online pl"
SHRINGARMS,Shringar House of Mangalsutra Limited,,Consumer Cyclical,Luxury Goods,2005.0,4.93,,"Shringar House of Mangalsutra Limited engages in the design, manufacture, and market of mangalsutras in India and internationally. It serves corporate clients, wholesale jewellers, and retailers. The company was founded in 1963 and is headquartered in Mumbai, India."
SHANTIGOLD,Shanti Gold International Limited,,Consumer Cyclical,Luxury Goods,1985.0,34.71,,"Shanti Gold International Limited engages in the design, manufacture, and wholesale of gold jewellery in India, the United States, the United Arab Emirates, Qatar, and Singapore. It offers bangles, rings, necklaces, chokers, pendants, chand balis, jhumkas, and jewellery sets. The company was founded in 2003 and is headquartered in Mumbai, India."
RGL,Renaissance Global Limited,,Consumer Cyclical,Luxury Goods,1735.0,13.44,,"Renaissance Global Limited, together with its subsidiaries, engages in the manufacture, retail, and trade of jewelry, gems, and diamonds in India and internationally. The company offers gold and diamond studded jewelry. It also trades in cut and polished diamonds, and gems. The company sells its products under the Enchanted Disney Fine Jewelry, Hallmark Fine Jewelry, and Irasva Fine Jewelry brands"
PNGSREVA,PNGS Reva Diamond Jewellery Limited,,Consumer Cyclical,Luxury Goods,1620.0,6.77,,"PNGS Reva Diamond Jewellery Limited engages in the retail of jewellery with diamond and precious and semi-precious stones. It offers rings, earrings, bracelets, sets, necklaces, mangalsutras, bangles, chains, and semi-precious jewellery. The company also engages in the trading of diamond jewellery and other precious stones. It offers its products under the Reva brand name. In addition, the company"
SHANKESH,Shankesh Jewellers Limited,,Consumer Cyclical,Luxury Goods,1346.0,47.84,,"Shankesh Jewellers Limited provides handcrafted gold jewelry products and customization services in India. The company provides wholesale trade of 22-karat and 18-karat gold jewellery, including bangles, bridal jewellery, chokers, jhumkas, long and short necklace sets, mangal sutras, rings, and combined jewellery set in categories, such as antique, semi-antique, Calcutta, temple, gheru polish, and"
MVGJL,Manoj Vaibhav Gems N Jewellers Limited,,Consumer Cyclical,Luxury Goods,1048.0,8.22,,"Manoj Vaibhav Gems 'N' Jewellers Limited engages in the jewelry retail business under the Vaibhav Jewellers brand in India. The company offers gold bangles, harams, vaddanam, locket, vanky, chains, rings, maang tikka, necklace, earrings, pendants, mangalsutra, chokers, and bracelets, and accessories, as well as gold coins; and diamond bangles, bracelets, earrings, mangalsutra, necklace, nosepins,"
RADHIKAJWE,Radhika Jeweltech Limited,,Consumer Cyclical,Luxury Goods,875.0,9.75,,"Radhika Jeweltech Limited engages in the manufacture and retail of jewelry in India. The company operates retail outlets that sell platinum, bespoke, gold and gold jewellery, loose diamond and diamond jewellery, as well as customized and polki jewelry. Radhika Jeweltech Limited was founded in 1987 and is based in Rajkot, India."
RBZJEWEL,RBZ Jewellers Limited,,Consumer Cyclical,Luxury Goods,687.0,2.51,,"RBZ Jewellers Limited manufactures and trades in jewelries and other accessories in India. The company offers haaram, bridal choker, round necklace, and occasional and daily wear on a wholesale and retail network basis. It also process and supply antique gold jewellery on job work basis to national retailers. In addition, the company operates retail showroom under the brand name H and Harit Zaveri"
PRIORITY,Priority Jewels Limited,,Consumer Cyclical,Luxury Goods,417.0,5.33,,"Priority Jewels Limited engages in the designing, manufacturing, and sale of diamond-studded gold and platinum fine jewellery in India. Its portfolio includes daily wear jewellery, such as rings, earrings, pendants, mangalsutras, neckwear, bracelets, and occasion couture jewellery, as well as customized lab-grown diamond jewellery. The company sells its products to jewellery chains, including Cara"
AUGMONT,Augmont Enterprises Limited,,Consumer Cyclical,Luxury Goods,,103.61,,"Augmont Enterprises Limited operates as an integrated gold and silver platform in India. It engages in procurement and refining, bullion trading, digital gold offerings, jewellery manufacturing, international sales and facilitating gold-backed financial services. The company operates its enterprise sales vertical through its Augmont SPOT' platform, a fully electronic, over-the-counter delivery-ba"
RAMBHAJO,Advit Jewels Limited,,Consumer Cyclical,Luxury Goods,,42.09,,"Advit Jewels Limited designs, manufactures, and sells traditional and contemporary handcrafted fine jewelry. The company offers necklaces, earrings, rings, bangles, and other customized jewelry pieces primarily with gold, diamonds, and colored stones. The company operates under the brand name Rambhajo. It sells its products through the B2B model, the B2C model, dealers, showrooms, wholesalers and"
SHREEJISPG,Shreeji Shipping Global Limited,,Industrials,Marine Shipping,11559.0,62.04,,"Shreeji Shipping Global Limited provides shipping and logistic solutions for dry bulk cargo at ports and jetties in India and Sri Lanka. It offers cargo handling services, which includes lightering and stevedoring services, as well as other port services, including cargo management services; transportation services for dry bulk cargo, such as port to premise drop off services. The company provides"
CORDELIA,Waterways Leisure Tourism Limited,,Industrials,Marine Shipping,8229.0,26.9,,"Waterways Leisure Tourism Limited operates a domestic ocean cruise vessel in India. The company offers a diverse range of experiences, including food, a children's academy, a gaming arcade, a spa and salon, retail outlets, a casino, a fitness center, a rock-climbing wall, and swimming pools. It also provides specialized arrangements for meetings, incentives, conferences, and exhibitions (MICE) eve"
KMEW,Knowledge Marine & Engineering Works Limited,,Industrials,Marine Shipping,7302.0,22.57,,"Knowledge Marine & Engineering Works Limited owns and operates marine crafts in India. The company operates through three segments: Dredging, Owning, and Operating Marine and Port Ancillary Crafts; Ship Building and Repair and Maintenance of Marine Crafts; and Marine Infrastructure. It also provides repair and maintenance/refitting services for marine crafts and marine infrastructure, as well as b"
SEAMECLTD,Seamec Limited,,Industrials,Marine Shipping,4334.0,12.21,,"Seamec Limited provides offshore diving support vessel services in India and internationally. The company's services include ROV operation support; inspection, maintenance, removal, and re-installation of single buoy moorings; pigging and retrieval of pigs; de burial and non-destructive testing of pipelines; scanning and magnetic particle inspection of platform members; location and arrest of gas"
MANIPALHOS,Manipal Health Enterprises Limited,,Healthcare,Medical Care Facilities,98278.0,88.35,,"Manipal Health Enterprises Limited operates hospitals in India. The company offers services, such as multi-specialty tertiary and quaternary care through its network of hospitals. Its services include accident and emergency care, cancer care, cardiology, organ transplants, obstetrics and gynaecology, neurology, nephrology, orthopaedics, proctology, rheumatology, and urology. The company also offer"
NEPHROPLUS,Nephrocare Health Services Limited,,Healthcare,Medical Care Facilities,7558.0,13.58,,"Nephrocare Health Services Limited provides dialysis healthcare services through a chain of kidney care clinics and dialysis centers in India, Uzbekistan, Nepal, and the Philippines. It provides In-clinic dialysis, dialysis on call, home hemodialysis, holiday dialysis, and dialysis on wheels services. The company was incorporated in 2009 and is based in Hyderabad, India."
KOVAI,Kovai Medical Center & Hospital Limited,,Healthcare,Medical Care Facilities,6761.0,2.59,,"Kovai Medical Center and Hospital Limited operates a multispecialty hospital and its satellite centers in India. It operates through two segments, Healthcare Services and Education Services. The company offers outpatient and inpatient medical services in the fields of cardiology, cardiac anesthesiology, cardiovascular and thoracic surgery, comprehensive cancer center, critical care medicine, denti"
INDRAMEDCO,Indraprastha Medical Corporation Limited,,Healthcare,Medical Care Facilities,3355.0,5.96,,"Indraprastha Medical Corporation Limited provides hospital services in India. The company offers services primarily in the areas of sugar, genomic medicine, elder care, anesthesiology, bariatric and metabolic surgery, bone marrow transplant, dental and cosmetic clinic, dermatology, dietetics and clinical nutrition, vascular and endovascular surgery, endocrinology, ENT, fetal medicine, general and"
KMCSHIL,K M C Speciality Hospitals (India) Limited,,Healthcare,Medical Care Facilities,2617.0,1.16,,"KMC Speciality Hospitals (India) Limited provides medical and healthcare services in India. The company offers healthcare services in the areas of anesthesiology, arthroscopy, breast clinic, cardiology, critical care, dermatology, dental maxillofacial, diabetology, emergency and urgent care, endocrinology, family clinic, fertility centre, general surgery, general medicine, geriatrics, gastroentero"
SHALBY,Shalby Limited,,Healthcare,Medical Care Facilities,1487.0,1.08,Hospitals,"Shalby Limited operates a chain of multi-specialty hospitals in India and internationally. The company operates through Healthcare Services and Manufacturing segments. It offers rheumatology, knee and hip joint replacement, spine surgery, Paediatric orthopedic and trauma, arthroscopy, and arthroplasty; cardiothoracic and vascular surgery, coronary angiography, angioplasty and stenting, and cardiol"
GKSL,Gujarat Kidney And Super Speciality Limited,,Healthcare,Medical Care Facilities,1444.0,6.89,,"Gujarat Kidney and Super Speciality Limited operates multi-specialty and super-specialty hospitals in India. It provides treatment for Oncology, Neurology, Gastroenterology, Urology, Nephrology, and Physiotherapy. It also offers Renal Surgery, Vascular Surgery, Gynecology and obstetrics, Robotic Surgery, Bariatric Surgery, Laparoscopic Surgery, Endocrine Surgery, Neurosurgery, and Joint Replacemen"
GPTHEALTH,GPT Healthcare Limited,,Healthcare,Medical Care Facilities,1357.0,1.69,,"GPT Healthcare Limited owns and operates a chain of hospitals under the ILS Hospitals brand name in India. The company offers healthcare services, including internal medicine and diabetology; nephrology with renal transplants; laparoscopic and general surgery; critical care; pediatrics; gastroenterology; gynecology and obstetrics; interventional cardiology; orthopedics and joint replacement; neuro"
GAUDIUMIVF,Gaudium IVF and Women Health Limited,,Healthcare,Medical Care Facilities,817.0,1.89,,"Gaudium IVF and Women Health Limited provides in vitro fertilization (IVF) treatment in India. The company offers fertility and reproductive health services, including intracytoplasmic sperm injection (ICSI), intrauterine insemination (IUI), and ovulation induction; polycystic ovarian syndrome (PCOS)/ polycystic ovarian disease (PCOD); endometriosis treatment; ovulation induction; and laser assist"
MOLBIO,Molbio Diagnostics Limited,,Healthcare,Medical Devices,14045.0,196.26,,"Molbio Diagnostics Limited, a point-of-care diagnostics company, provides healthcare technologies to diagnose infectious and non-communicable diseases. It manufactures and sells chip based diagnostic devices, chips and reagents, X-ray equipment's, and single/dual detectors. It also offers disposable POCT devices, which includes dengue, malaria, and COVID-19 tests; Tabletop analysers, a portable ma"
FISCHER,Fischer Medical Ventures Limited,,Healthcare,Medical Devices,2250.0,1.6,,"Fischer Medical Ventures Limited engages in the manufacture, distribution, leasing, and maintenance of medical equipment in India and internationally. Its product portfolio includes magnetic resonance imaging (MRI) systems; preventive health kiosks; e-health access points; software solutions; cancer, TB screening, and handheld x-ray; spincare technology; nutraceuticals; mental health solutions; co"
TARSONS,Tarsons Products Limited,,Healthcare,Medical Instruments & Supplies,1816.0,3.7,Medical Devices & Consumables,"Tarsons Products Limited manufactures and trades in scientific plastic labware products in India and internationally. The company offers bottles and carboys; boxes and racks; cell cell culture ware, centrifuge ware, clamps and stands, cryoware, desiccator, tubings and connectors, filtration, genomics and PCR consumables, laboratory equipment and utilities, liquid handling consumables and reusables"
LAXMIDENTL,Laxmi Dental Limited,,Healthcare,Medical Instruments & Supplies,1073.0,1.26,Medical Devices & Consumables,"Laxmi Dental Limited manufactures and sells dental products in India, the United States, the United Kingdom, and internationally. It offers custom-made crowns, bridges, clear aligners, thermoforming sheets, and aligner related products, and pediatric dental products. The company serves dental clinics, dental companies, and dentist. The company was incorporated in 2004 and is based in Mumbai, India"
INDOMIM,INDO-MIM Limited,,Industrials,Metal Fabrication,57431.0,198.81,,"INDO-MIM Limited provides end-to-end solutions for the manufacture of precision engineering components using metal injection molding (MIM) technology in India, North America, Europe, Southeast Asia, and internationally. The company's products include vehicle safety, fuel systems, powertrains, and interior applications for automobiles; firearm components, such as triggers, hammers, and sights; comp"
HAPPYFORGE,Happy Forgings Limited,,Industrials,Metal Fabrication,19910.0,14.94,,"Happy Forgings Limited manufactures and sells forgings and machined components for the automotive and industrial sectors in India and internationally. The company offers crankshafts; differential cases; front axle beams and steering knuckles; railway parts, including camshafts, connecting rods, piston pins, spacers, and others; brake flanges and suspension brackets; and transmission parts, such as"
KIRLFER,Kirloskar Ferrous Industries Limited,,Industrials,Metal Fabrication,7930.0,3.44,,"Kirloskar Ferrous Industries Limited manufactures and sells iron castings, seamless tubes, and engineering steels in India and internationally. The company operates in three segments: Iron Casting, Tube, and Steel. It provides pig iron products, including foundry, spherodized graphite, and basic/steel grade; and grey iron castings used to manufacture SUVs, tractors, construction equipment, and ind"
AEROFLEX,Aeroflex Industries Limited,,Industrials,Metal Fabrication,6822.0,59.79,,"Aeroflex Industries Limited manufactures and sells stainless steel flexible hose, assemblies, and fittings in India. It offers SFN (secondary fluid network); corrugated stainless steel hoses; corrugated metal hose assemblies; stripwound metal hoses; metal bellows and expansion joints, such as axial, universal and lateral, hinged angular, gimbal angular, internal and inline pressure balanced, exter"
SBCL,Shivalik Bimetal Controls Limited,,Industrials,Metal Fabrication,6590.0,37.47,,"Shivalik Bimetal Controls Limited operates as a process and product engineering company in India, the United States, Europe, and internationally. The company manufactures thermostatic bimetals, parts/strips, SMDS/shunt resistors, reflow solder/pre solder products, strips, precision stainless steel products, thermostatic bimetals, coils and springs, and snap action discs. Its products are primarily"
DEEDEV,DEE Development Engineers Limited,,Industrials,Metal Fabrication,5125.0,19.62,,"DEE Development Engineers Limited manufactures and sells prefabricated engineering products, pipe fittings, and piping systems in India and internationally. It operates in three segments: Piping, Power, and Heavy Fabrication. The company offers pressure piping systems, piping spools, induction pipe bends, longitudinally submerged arc welding pipes, industrial pipe fittings, pressure vessels, indus"
ROLEXRINGS,Rolex Rings Limited,,Industrials,Metal Fabrication,4530.0,19.93,,"Rolex Rings Limited manufactures and sell of customized forged and machined bearing rings, and automotive components in India and internationally. It offers transmission components, such as gear blanks, ring gears, sun and pinion, shafts, and lock nuts; chassis components comprising wheel hubs, gen2 and gen3 bearing units components, output shafts; and CVJ components. The company also provides bea"
PITTIENG,Pitti Engineering Limited,,Industrials,Metal Fabrication,4187.0,15.0,,"Pitti Engineering Limited manufactures and sells iron and steel engineering products in India and internationally. The company offers electrical steel laminations, stator and rotor cores, sub-assemblies for motor and generator cores, pole assemblies, die-cast rotors, high precision press tools, and machined casted and fabricated parts and forged shafts. Its products are used in hydro and thermal g"
KIRLOSIND,Kirloskar Industries Limited,,Industrials,Metal Fabrication,3912.0,1.56,,"Kirloskar Industries Limited engages in the manufacturing and sale of iron castings in India. It operates through Investments (Securities & Properties); Real Estate; Iron Casting; Tube; and Steel segments. The company also manufactures seamless tubes, cylinder tubes, components, and engineering steels. In addition, it is involved in real estate development and leasing; owns real estate properties"
MMFL,MM Forgings Limited,,Industrials,Metal Fabrication,2959.0,6.14,,"M M Forgings Limited, together with its subsidiaries, manufactures and sells steel forgings in India. It offers sprocket, flange housing, connecting rod, connecting rod integral, rail forging, hub, knuckle, front axle beam, universal joint cross, steering and pivot arm, planetary wheel carrier, upper arm shaft, shifter fork, and rear axle spindle. The company also provides yoke shaft, double yoke,"
ARDEE,Ardee Industries Limited,,Industrials,Metal Fabrication,1534.0,20.69,,"Ardee Industries Limited engages in the recovery and recycling of end-of-life energy storage products and non-ferrous scrap while claiming resources from waste streams. The company's products include pure lead and lead alloys comprising lead calcium, lead antimony, lead tin, lead silver, and lead cadmium alloys that applies in energy storage, e-mobility, automotive, chemical, and other industries."
MANAKCOAT,Manaksia Coated Metals & Industries Limited,,Industrials,Metal Fabrication,1442.0,2.95,,"Manaksia Coated Metals & Industries Limited manufactures and sells coated metal products in India and internationally. The company operates through Metal Products and Others segments. It offers galvanized and pre-painted steel coils/sheets under the Colour Strong, Zingalvo, and Singham brand names. The company also provides ultramarine blue powder used for fabric whitener under the Robin Blue bran"
FRONTSP,Frontier Springs Limited,,Industrials,Metal Fabrication,1387.0,1.63,,"Frontier Springs Limited engages in the production and sale of L.H.B. springs, hot coiled compression springs, air springs, and forging items in India. Its forging products include anti-roll bar assemblies, screw couplings, draft gear assemblies, hangers, knuckle throwers, top followers, wedge, and brake blocks. The company also offers air spring suspension systems. It serves railways, wagons, loc"
ALICON,Alicon Castalloy Limited,,Industrials,Metal Fabrication,1206.0,1.58,,"Alicon Castalloy Limited, together with its subsidiaries, manufactures and sells aluminium castings in India. It offers 2 and 4-wheelers, fully finished, diesel, and petrol cylinder heads; transcradle, inlet pipe, cac tank, battery tray, motor stator, top yoke/bridge fork top, enclosure body, inverter casing, cooling/junction box, transmission and crank cases, e-axle, and HCV coolant collector pro"
TEMBO,Tembo Global Industries Limited,,Industrials,Metal Fabrication,1119.0,5.42,,"Tembo Global Industries Limited engages in manufacturing, fabrication, jobbing and trading of engineering products in India and internationally. The company offers anti-vibration solutions, channel support, dielectric union, floor drain, hanging attachments, pipe hangers, roller supports, rubber supports inserts, single pipe, traverse brace, solar accessories, solar mounting brackets, and threaded"
TIRUPATIFL,Tirupati Forge Limited,,Industrials,Metal Fabrication,900.0,1.23,,"Tirupati Forge Limited produces and sells carbon steel forged flanges, forged, and other automotive components in India. The company provides slip-on, weld-neck, blind, lap-joint, threaded, din, and socket weld flanges; and elbow, tee, cross, coupling, half coupling, cap, plug, bushing, union, hex, nipple, and swag nipple forged pipe fittings. It also offers forged auto parts, gears, hammer unions"
COCKERILL,John Cockerill India Limited,,Industrials,Metal Fabrication,,3.71,,"John Cockerill India Limited engages in design, engineering, manufacturing, and installation of components of cold rolling mill complexes, processing lines, and chemical and thermal treatment in India, the United States, Bangladesh, Mexico, Belgium, Spain, and internationally. It also provides continuous annealing and galvanizing lines, color coating lines, tension levelling lines, skin pass mills"
REPCOHOME,Repco Home Finance Limited,,Financial Services,Mortgage Finance,2266.0,2.68,,"Repco Home Finance Limited operates as a non-banking financial and housing finance company in India. It offers housing finance to purchase, construction, repairs, and renovations. The company was incorporated in 2000 and is headquartered in Chennai, India."
DEEPINDS,Deep Industries Limited,,Energy,Oil & Gas E&P,4648.0,24.55,,"Deep Industries Limited provides oil and gas field services in India. The company offers gas compression; drilling and workover rigs; natural gas dehydration; integrated project management services, including surface hole drilling, air drilling, cementing, geophysical logging and wire line service, hydro fracturing, and coiled tubing; and charter hiring of gas processing services. It serves to oil"
ANTELOPUS,Antelopus Selan Energy Limited,,Energy,Oil & Gas E&P,3871.0,117.99,,"Antelopus Selan Energy Limited engages in oil and gas exploration and production. The company is based in Gurugram, India. Antelopus Selan Energy Limited operates as a subsidiary of Blackbuck Energy Investments Limited."
PRABHA,Prabha Energy Limited,,Energy,Oil & Gas E&P,3592.0,4.04,,"Prabha Energy Limited engages in oil and gas exploration, production, and trading in India. It's portfolio comprises onshore exploration and production assets in both conventional and unconventional hydrocarbons. The company also generates electrical power through biomass, natural gas, nuclear, waste, thermal, solar, ideal, geothermal, wind, and tidal waves. In addition, it offers oil and gas CBM,"
HINDOILEXP,Hindustan Oil Exploration Company Limited,,Energy,Oil & Gas E&P,2336.0,14.13,,"Hindustan Oil Exploration Company Limited, together with its subsidiaries, engages in the exploration, development, and production of onshore and offshore crude oil and natural gas in India. The company also provides oil field equipment and services. Hindustan Oil Exploration Company Limited was incorporated in 1983 and is based in Chennai, India."
DOLPHIN,Dolphin Offshore Enterprises (India) Limited,,Energy,Oil & Gas Equipment & Services,2736.0,3.33,,"Dolphin Offshore Enterprises (India) Limited provides offshore and marine services to the oil and gas industry in India. The company offers diving and underwater services, including underwater construction services entailing modification and redevelopment of existing offshore facilities; pre-engineering surveys; diving support for pipe laying and pipeline stabilization; inspection, maintenance, an"
ASIANENE,Asian Energy Services Limited,,Energy,Oil & Gas Equipment & Services,2349.0,25.06,,"Asian Energy Services Limited provides services to the energy, mineral, coal, and power sectors primarily in India. The company operates through Oil and Gas, and Mineral and Other Energy Sectors segments. It offers seismic services, including a national seismic program, carpet 3D, seismic WORK, 2D/3D land seismic acquisition, transition zone acquisition, on-site data processing, borehole and multi"
JINDRILL,Jindal Drilling And Industries Limited,,Energy,Oil & Gas Equipment & Services,1671.0,17.72,,"Jindal Drilling & Industries Limited engages in providing drilling and related services to the oil and gas exploration companies in India. It operates through three segments: o¬ffshore drilling jack-up rigs built for efficiency, reliability and safety; directional / horizontal drilling / MWD services; and mud logging services. The company was incorporated in 1983 and is headquartered in New Delhi,"
SOUTHWEST,South West Pinnacle Exploration Limited,,Energy,Oil & Gas Equipment & Services,619.0,4.63,,"South West Pinnacle Exploration Limited, together with its subsidiaries, provides drilling, exploration, and allied services to coal, ferrous, nonferrous, atomic, and base metal mining; and water and unconventional energy industries in India and internationally. It operates through Drilling & Exploration; and Coal Mining and Trading segments. The company offers coal and mineral drilling services,"
TRUALT,TruAlt Bioenergy Limited,,Energy,Oil & Gas Refining & Marketing,3559.0,6.42,,"TruAlt Bioenergy Limited produces and sells ethanol and other products derived from distillery processes and compressed biogas in India. Its products include ethanol, green hydrogen, compressed biogas, extra neutral alcohol, and fermented organic manure. In addition, it provides biofuel dispensing stations, CO2, sustainable aviation fuel, liquid fermented organic manure, motor spirit and high-spee"
CONFIPET,Confidence Petroleum India Limited,,Energy,Oil & Gas Refining & Marketing,2956.0,29.2,,"Confidence Petroleum India Limited manufactures and sells LPG cylinders in India and internationally. The company is involved in the LPG bulk marketing business. It also provides auto LPG under the GoGas brand through Auto LPG dispensing stations; and packed LPG for households, commercial establishments and industries, as well as customized bulk LPG solutions to industrial customers. In addition,"
PANAMAPET,Panama Petrochem Limited,,Energy,Oil & Gas Refining & Marketing,2874.0,9.76,,"Panama Petrochem Limited, together with its subsidiary, Panol Industries RMC FZE, manufactures, sells, and trades in specialty petroleum products for the printing, textiles, rubber, pharmaceutical, cosmetics, power, and other industrial oil industries in India and internationally. The company offers white/liquid paraffin oil products comprising cosmetic-grade, food-grade, and pharmaceutical-grade"
GANDHAR,Gandhar Oil Refinery (India) Limited,,Energy,Oil & Gas Refining & Marketing,2620.0,19.73,,"Gandhar Oil Refinery (India) Limited manufactures and sells white oils in India. It offers mineral and specialty oils, petroleum jellies, industrial solvents, and paraffin waxes for consumer, healthcare, chemicals, and plastics sectors; lubricants, including automotive oils and industrial oils for automobile, and industrial machines and equipment; and process and insulating oils comprising transfo"
VOGL,Vedanta Oil and Gas Limited,,Basic Materials,Other Industrial Metals & Mining,13223.0,102.26,,"Vedanta Oil and Gas Limited engages in the exploration and production of oil and gas. It holds interests in 44 blocks covering an area of approximately 47,000 square kilometers in India. The company was formerly known as MALCO Energy Limited and changed its name to Vedanta Oil and Gas Limited in June 2026. The company was incorporated in 2001 and is based in Gurugram, India. Vedanta Oil and Gas Li"
JGCHEM,J.G.Chemicals Limited,,Basic Materials,Other Industrial Metals & Mining,2422.0,18.37,,"J.G. Chemicals Limited engages in the manufacture and sale of zinc oxide and zinc sulphate in India and internationally. The company sells its products under the Luxmi brand name. It serves various industries, including rubber, ceramics, paints, coatings and pigments, pharmaceuticals, healthcare and cosmetics, electronics and batteries, specialty chemicals, sanitaryware, adhesives, surface treatme"
20MICRONS,20 Microns Limited,,Basic Materials,Other Industrial Metals & Mining,777.0,3.23,,"20 Microns Limited manufactures and markets micronized industrial minerals and specialty chemicals primarily in India and internationally. It offers industrial minerals, including ball clay, barytes, bentonite, bleaching earth, calcined kaolin, calcium carbonate, diatomaceous earth, dolomite, feldspar, fuller's earth, hydrated sodium calcium aluminosilicate, kaolin, mica, perlite, ramming mass sil"
CMPDI,Central Mine Planning & Design Institute Limited,,Basic Materials,Other Industrial Metals & Mining,,32.87,,"Central Mine Planning & Design Institute Limited provides consultancy and support services in India and internationally. The company offers geological exploration and drilling, project planning and design, engineering, research and development, laboratory, environmental, information technology, human resource development, and specialised services, including geomatics including remote Sensing, vent"
HATSUN,Hatsun Agro Product Limited,,Consumer Defensive,Packaged Foods,25186.0,12.34,,"Hatsun Agro Product Limited engages in the manufacture and marketing of milk, milk products, and cattle feed in India and internationally. The company offers ice cream; kulfi flavours; and topping and fermented dairy products, such as yoghurt and dairy-based spreads. It also provides dairy whitener, skimmed milk powder, ghee, paneer, curd, cooking and table butter, lassi, buttermilk, yoghurt shake"
MILKYMIST,Milky Mist Dairy Food Limited,,Consumer Defensive,Packaged Foods,22154.0,341.19,,"Milky Mist Dairy Food Limited produces and supplies dairy products. The company provides dairy products including cheese, paneer, butter, curd, ghee, yogurt, ice cream, milk cream, and UHT milk products. It offers ready-to-eat and ready-to-cook products, such as pizza, paneer finger, dahi tikki, cheese balls, wheat chapati, malabar parota, coin parota, ragi, idly and dosa batter and various payasa"
KWIL,Kwality Wall's (India) Limited,,Consumer Defensive,Packaged Foods,9889.0,62.18,,"Kwality Walls (India) Limited produces and sells ice creams in India. Its products includes cornetto, cup, family packs and tubs, feast, kids, sticks, and slow churn. It sells its products through magnum, cornetto, Kwality wall's brand names. The company was founded in 1956 and is based in Mumbai, India. As of March 30, 2026, Kwality Walls (India) Limited operates as a subsidiary of The Magnum Ice"
VADILALIND,Vadilal Industries Limited,,Consumer Defensive,Packaged Foods,5330.0,12.29,,"Vadilal Industries Limited, together with its subsidiaries, manufactures and sells ice-cream in India and internationally. The company offers flavored milk under the Power Sip brand; frozen desserts; processed food products, such as frozen fruits, vegetables, pulps, and ready-to-eat and ready-to-serve products, etc.; and other dairy products, as well as paneer and ghee products. It is also involve"
PARAGMILK,Parag Milk Foods Limited,,Consumer Defensive,Packaged Foods,3446.0,43.67,,"Parag Milk Foods Limited processes, manufactures, and sells milk and milk products in India and worldwide. The company offers ghee, milk, paneer, sweets, curd, butter, dairy whitener, milk powder, and gulab jamun mix products. It also offers flavoured cheese wedges, spreads, slices, and angles, as well as flavored yoghurt, bocconcini, slim milk, fresh cream, buttermilk, double toned milk, lassi, f"
GOPAL,Gopal Snacks Limited,,Consumer Defensive,Packaged Foods,3205.0,2.86,,"Gopal Snacks Limited engages in the manufacturing and marketing of namkeen, gathiya, papad, and western snacks in India and internationally. It offers snack pellets, wafers, beverages, papad, spices, extruded snacks, popcorn, edible oil, wafer biscuits and rolls, papad, besan, nachos, spices, chikki, cupcakes, noodles, rusks, soan papdi, washing and bathing bars, and flour, as well as jaggery. The"
ADFFOODS,ADF Foods Limited,,Consumer Defensive,Packaged Foods,2943.0,3.04,,"ADF Foods Limited produces and exports ethnic and convenience food products in India and internationally. It operates through Process and Preserved Food; and Distribution Business segments. The company offers ready-to-eat meals; food accompaniments, such as pickles, chutneys, dips, cooking and condiment pastes, dipping and cooking sauces, spices, and other processed food products; frozen food, inc"
DIAMONDYD,Prataap Snacks Limited,,Consumer Defensive,Packaged Foods,2631.0,1.58,,"Prataap Snacks Limited manufactures and sells packaged snacks in India and internationally. It offers chips, extruded snacks, namkeen, and pellets, as well as buns, cakes, cookies, sweet snacks, and popcorn under the Yellow Diamond and Avadh brands. The company sells its products through distributors, independent grocers, and retail stores. Prataap Snacks Limited was incorporated in 2003 and is he"
TASTYBITE,Tasty Bite Eatables Limited,,Consumer Defensive,Packaged Foods,2514.0,2.61,,"Tasty Bite Eatables Limited manufactures and sells prepared food in India and internationally. The company offers ready-to-eat and ready-to-cook meals, sauces, frozen food, and culinary accompaniments for retail and foodservice customers. It also provides all-natural and organic entrees; organic rice; tomato-based sauces, gravy, curry, pastes, savory fillings, specialty sauces, and emulsion sauces"
GRMOVER,GRM Overseas Limited,,Consumer Defensive,Packaged Foods,1711.0,9.7,,"GRM Overseas Limited engages in the milling, processing, and marketing of branded and non-branded basmati rice in India. The company offers spices; and chakki fresh atta, as well as a ready-to-cook biryani kit. The company markets its products under 10X, Tanoush, Shakti, and Himalaya River brands. The company also exports its products to the Middle East, the United Kingdom, and the United States,"
CLSEL,Chaman Lal Setia Exports Limited,,Consumer Defensive,Packaged Foods,1458.0,2.6,,"Chaman Lal Setia Exports Ltd. manufactures, trades, and markets rice in India. The company offers basmati rice, sella rice, bhatti sella rice for diabetic people, smoked rice, pesticide residue free rice, and brown rice. It sells its products under the Maharani, Mithas, Begum, Green World Aromatic Rice, Maharani Diabetics Rice, Basmati Rice Plus, and Maharani - Brown Basmati Rice brands. The compa"
SKMEGGPROD,SKM Egg Products Export (India) Limited,,Consumer Defensive,Packaged Foods,1208.0,5.34,,"SKM Egg Products Export (India) Limited produces and sells eggs and egg products in India, Japan, Russia, Europe, and internationally. The company provides whole egg powder, egg yolk powder, and egg albumen powder for biscuits, cakes, bakery mixes, ready meals, meat products, sauces, dressings, pasta, omelets, quiches, mayonnaise, and other emulsified systems, ice cream, fish products, and confect"
HMAAGRO,HMA Agro Industries Limited,,Consumer Defensive,Packaged Foods,1199.0,6.91,,"HMA Agro Industries Limited manufactures and exports frozen buffalo meat and related products. It offers frozen fish seafood, rice, pet food, by-product, and leather, as well as fruits and vegetables. The company offers products under the Black Gold, Kamil, Fresh Gold, and HMA Green Gold brands. It operates in India, Vietnam, Malaysia, Uzbekistan, Saudi Arabia, Indonesia, Hong Kong, Egypt, and int"
REGAAL,Regaal Resources Limited,,Consumer Defensive,Packaged Foods,859.0,2.1,,"Regaal Resources Limited operates as a maize milling company that manufactures and sells maize starch and its derivatives in India. The company offers starches, such as native starches maize and oxidized starch, yellow and white dextrin, and organic gulal. It also provides corn flour, icing sugar, baking and custard powder; liquid glucose and maltodextrin powder; maize germ, maize gluten, maize fi"
MUKKA,Mukka Proteins Limited,,Consumer Defensive,Packaged Foods,847.0,2.63,,"Mukka Proteins Limited manufactures and sells fish protein products in India. The company offers fish meal, oil, and soluble paste; frozen surimi and exports seafood. It also provides insect meal, oil, and compost; humic acid, and briquettes. The company's products are used for aqua feed, poultry feed, pet feed, EPA-DHA extraction, animal feed, soap manufacture, leather tanneries, and paint indust"
HEXAGON,Hexagon Nutrition Limited,,Consumer Defensive,Packaged Foods,816.0,1.26,,"Hexagon Nutrition Limited operates as a nutraceutical business focused on the development and supply of micronutrient premixes, clinical nutrition, and therapeutic food in India and internationally. The company provides ready-to-use supplementary food (RUSF), ready-to-use therapeutic food (RUTF), health and wellness products, and home fortification solutions. It also develops functional foods, die"
GANESHCP,Ganesh Consumer Products Limited,,Consumer Defensive,Packaged Foods,693.0,2.08,,"Ganesh Consumer Products Limited operates as a fast-moving consumer goods company in India. The company offers gold sharbati, multigrain, and diabetes control atta; maida; sooji; wheat, multigrain, and bajra dalia; besan; rajgira, bajri, kuttu, ragi, and jowari atta; and whole, powder, and blended spices. It also provides chana sattu, chana shakti sattu, gold multigrain sattu, and gold shakti satt"
MCLEODRUSS,Mcleod Russel India Limited,,Consumer Defensive,Packaged Foods,486.0,1.01,,"McLeod Russel India Limited, together with its subsidiaries, engages in the cultivation and production, and sale of tea in India, the United Kingdom, and Europe. It operates tea estates and blending units. The company was founded in 1869 and is based in Kolkata, India."
AGI,AGI Greenpac Limited,,Consumer Cyclical,Packaging & Containers,5301.0,11.53,,"AGI Greenpac Limited operates as a packaging products company in India. It operates through two segments, Packaging Products and Investment Property. The company manufactures and markets containers and bottles, food jars, perfumery cosmetics, polyethylene terephthalate bottles, polyethylene bottles, polypropylene products, and security caps and closures products for use in beverages, liquor, wine,"
UFLEX,UFLEX Limited,,Consumer Cyclical,Packaging & Containers,4738.0,12.18,,"Uflex Limited manufactures and sells flexible packaging materials and solutions in Indiaand internationally. It operates through Flexible Packaging Activities, Engineering Activities, and Others segments. The company offers bi-axially oriented polyethylene terephthalate films; bi-axially oriented polypropylene films; cast polypropylene films; metallized films; special effects films; and alox coate"
TCPLPACK,TCPL Packaging Limited,,Consumer Cyclical,Packaging & Containers,3524.0,2.18,,"TCPL Packaging Limited manufactures and sells paperboard-based packaging, flexible packaging, rigid boxes, and gravure printing cylinders in India. The company offers folding cartons, printed blanks and outers, litho-laminated cartons, shaped cartons, metallized paperboard cartons, coated food packaging, and secure document envelope cartons; flexible packaging products, such as printed laminates,"
COSMOFIRST,COSMO FIRST LIMITED,,Consumer Cyclical,Packaging & Containers,2249.0,4.81,,"Cosmo First Limited engages in the manufacture and sale of bi-axially oriented polypropylene (BOPP) films in India and Internationally. The company provides packaging films; lamination films; label films; and industrial films, such as BOPP, biaxially oriented polyethylene terephthalate, cast polypropylene, polyethylene terephthalate glycol-modified, direct thermal printable film, Sun Protection Fi"
KNACK,Knack Packaging Limited,,Consumer Cyclical,Packaging & Containers,2235.0,12.57,,"Knack Packaging Limited operates as a packaging solutions provider. The company manufactures Printed and Laminated Woven Polypropylene (PLWPP) bags and PLWPP Pinch Bottom bags. The company's products include High-Density Polyethylene (HDPE) /Polypropylene (PP) Tapes, HDPE/PP Woven Fabrics, HDPE/PP Woven Bags, Biaxially Oriented Polypropylene (BOPP) Laminated PP Woven Bags, BOPP Laminated PP Wove"
MOLDTKPAC,Mold-Tek Packaging Limited,,Consumer Cyclical,Packaging & Containers,2143.0,3.26,,Mold-Tek Packaging Limited engages in the manufacture and sale of plastic packaging containers in India. It offers sanitizer and food containers; dispensing pumps; and lubricant and paint pails packaging products. It also exports its products. The company was formerly known as Moldtek Plastics Limited and changed its name to Mold-Tek Packaging Limited in March 2010. Mold-Tek Packaging Limited was
HUHTAMAKI,Huhtamaki India Limited,,Consumer Cyclical,Packaging & Containers,1841.0,3.27,,"Huhtamaki India Limited engages in the manufacture and sale of packaging materials in India. The company offers packaging solutions for beverages; dry and wet culinary packaging solutions; home and personal care packaging, such as beauty, cleaning and laundry, and family care; and pet food packaging. It also provides pharmaceutical packaging; functional labels, anti-counterfeit labels, extended te"
ARROWGREEN,Arrow Greentech Limited,,Consumer Cyclical,Packaging & Containers,1322.0,1.5,,"Arrow Greentech Limited, together with its subsidiaries, engages in the manufacture and sale of green products in India and internationally. It operates in two segments, Green Products and High-Tech Products. The company offers water-soluble films, bio-compostable products, and other green products; and water-soluble laundry capsules, packaging, mold release, water transfer printing, water-soluble"
COMSYN,Commercial Syn Bags Limited,,Consumer Cyclical,Packaging & Containers,1227.0,10.47,,"Commercial Syn Bags Limited, together with its subsidiary, Comsyn India Private Limited, engages in the manufacturing and exporting of various packaging solutions in India and internationally. It operates through three segments: Manufacture and sale of Flexible Intermediate Bulk Container (FIBC); Trading of Granules; and Solar Power generation. The company offers BOPP bags, tarpaulin/tarps, contai"
WSTCSTPAPR,West Coast Paper Mills Limited,,Basic Materials,Paper & Paper Products,5021.0,19.59,,"West Coast Paper Mills Limited manufactures and sells pulp, paper, and paper boards in India and internationally. It operates through Paper, Cables, and Others segments. The company offers printing and writing paper, machine-glazed paper and boards, security and hi-value grades paper, cup stock and coated duplex boards, business stationery products, and premium printing paper under the WESCO brand"
ANDHRAPAP,ANDHRA PAPER LIMITED,,Basic Materials,Paper & Paper Products,1445.0,4.97,,"Andhra Paper Limited engages in the manufacture and sale of pulp, paper, and paperboard in India and internationally. The company offers writing and printing grades for book, notebook, notepad, diary, calendar, journals, annual report, envelopes, and commercial printing applications; copier products for high-speed copying, printing, and office documentation applications; and industrial grades for"
TNPL,Tamil Nadu Newsprint & Papers Limited,,Basic Materials,Paper & Paper Products,1007.0,3.44,,"Tamil Nadu Newsprint and Papers Limited manufactures and markets paper and paperboards in India and internationally. It operates in the Paper & Paper Board and Energy segments. The company provides printing and writing paper, such as premium office paper, copier paper, coated and uncoated multi-layer boards for packaging, as well as packaging boards; and generates power through turbogenerators and"
PDMJEPAPER,Pudumjee Paper Products Limited,,Basic Materials,Paper & Paper Products,932.0,2.62,,"Pudumjee Paper Products Limited manufactures and markets specialty paper products in India. The company operates in Paper and Hygiene Products segments. It offers facial and napkin crepe tissues, toweling tissues, bathroom/toilet tissues, and brown tissues; décor, shuttering base, bleached absorbent kraft, and décor surfacing paper solutions; and specialty flexible packaging paper solutions, such"
MPSLTD,MPS Limited,,Communication Services,Publishing,4443.0,3.75,,"MPS Limited provides platforms and services for content creation, full-service production, and distribution to the publishers, learning companies, corporate institutions, libraries, and content aggregators in India, Europe, the United States, and internationally. It operates through three segments: Research Solutions; Education Solutions; and Corporate Learning. The company offers content authorin"
DBCORP,D.B.Corp Limited,,Communication Services,Publishing,3255.0,1.22,,"D. B. Corp Limited, together with its subsidiaries, engages in the business of publishing newspapers, radio broadcasting, and digital platforms for news, and event management in India and internationally. It operates through Printing/Publishing and Allied Businesses; and Radio segments. The company prints and publishes Dainik Bhaskar, Divya Bhaskar, Divya Marathi, Saurashtra Samachar, and DB Star"
NAVNETEDUL,Navneet Education Limited,,Communication Services,Publishing,2805.0,1.03,,"Navneet Education Limited, together with its subsidiaries, publishes state board books in India, North and Central America, Africa, Europe, and internationally. The company operates through Publication, Stationery, and Others segments. The Publishing segment consists of supplementary materials, such as workbooks, guides, and question banks that are based on the latest prescribed syllabus by state"
QUADFUTURE,Quadrant Future Tek Limited,,Industrials,Railroads,2144.0,32.3,,"Quadrant Future Tek Limited, a research-oriented company, develops and sells train control and signaling systems in India. The company offers train control systems, such as train collision avoidance and electronic interlocking systems; and interconnect products, including electrical connectors and wiring harness products. It also provides specialty cables comprising railway rolling stock and naval"
ORIRAIL,Oriental Rail Infrastructure Limited,,Industrials,Railroads,781.0,1.29,,"Oriental Rail Infrastructure Limited manufactures, buys, and sells various recron, seats and berths, and compreg board products in India and internationally. The company also provides compreg wood sheets used in electrical insulation, which include rings, blocks, and segments, etc.; silicon foam blocks and shuttering plates used in the manufacturing of seats and berths for railway coaches; acosoni"
HORIZONIND,Horizon Industrial Parks Limited,,Real Estate,Real Estate - Development,15204.0,22.33,,"Horizon Industrial Parks Limited engaged in the business of developing, operating, and maintaining industrial and warehousing parks in India. It offers industrial and logistic parks, fulfillment centers and industrial facilities, and in-city centers. The company also offers turnkey solutions, energy solutions, on-site staff accommodation and skill development centers, cold storage, and hospitality"
MAXESTATES,Max Estates Limited,,Real Estate,Real Estate - Development,9780.0,8.9,,"Max Estates Limited engages in Construction and development of residential and commercial properties. The company also offers investment, facility management, managed office, and shared services. In addition, it engages in the real estate development, letting, and sub-letting; leasing, and selling and distribution of residential or commercial complex, houses, buildings, etc. The company was incorp"
MAHLIFE,Mahindra Lifespace Developers Limited,,Real Estate,Real Estate - Development,7746.0,3.12,,"Mahindra Lifespace Developers Limited, together with its subsidiaries, engages in the real estate and infrastructure development business in India. It engages in the construction, development, and sale of residential and commercial properties; project management; and rental of properties. The company also sells freshwater and treated sewage to industrial customers. In addition, it is involved in e"
IBULLSLTD,Indiabulls Limited,,Real Estate,Real Estate - Development,6520.0,28.3,,"Indiabulls Limited, together with its subsidiaries, engages in the in financial services and digital platforms business in India. The company engages in real estate development, stock broking, asset reconstruction, digital payments and financial services, and equipment leasing. The company was formerly known as Yaari Digital Integrated Services Limited and changed its name to Indiabulls Limited in"
GANESHHOU,GANESH HOUSING LIMITED,,Real Estate,Real Estate - Development,6191.0,1.88,,"Ganesh Housing Limited operates as a real estate company in India. It is involved in the development of infrastructure, landmark residential, commercial, and mixed-use spaces. The company was founded in 1960 and is based in Ahmedabad, India."
RUSTOMJEE,Keystone Realtors Limited,,Real Estate,Real Estate - Development,4475.0,1.06,,"Keystone Realtors Limited engages in the real estate construction, development, and other related activities in India. It develops residential portfolios, such as cluster redevelopments, integrated townships, commercial developments, and plotted development, as well as luxury residences, gated communities, and rise towers. The company also develops commercial and residential buildings; and villa p"
RAYMONDREL,Raymond Realty Limited,,Real Estate,Real Estate - Development,3896.0,25.13,,"Raymond Realty Limited, through its subsidiaries, engages in the development and sale of housing projects in India. Its projects include residential and commercial properties. The company was formerly known as Raymond Lifestyle Limited and changed its name to Raymond Realty Limited in January 2024. The company was founded in 1925 and is headquartered in Thane, India. Raymond Realty Limited operate"
KOLTEPATIL,Kolte - Patil Developers Limited,,Real Estate,Real Estate - Development,3781.0,3.19,,"Kolte-Patil Developers Limited operates as a real estate development company in India. It constructs and develops residential complexes, commercial spaces, IT parks, and integrated townships; rents immovable properties; and provides project management services for managing and developing real estate projects. It serves retail clients, middle-income groups, and high-net worth individuals. The compa"
AGIIL,Agi Infra Limited,,Real Estate,Real Estate - Development,3389.0,16.1,,"Agi Infra Limited, together with its subsidiary, engages in the real estate and construction businesses in India. The company primarily constructs and develops commercial building and residential housing projects. It also operates cold storage facilities that provide storing, trading, dealing, and distribution of vegetables, fruits, dry fruits, etc., as well as leases or rents the cold chain facil"
MARATHON,Marathon Nextgen Realty Limited,,Real Estate,Real Estate - Development,2817.0,7.7,,"Marathon Nextgen Realty Limited engages in the construction, development, and sale of commercial and residential real estate projects in India. The company was founded in 1969 and is based in Mumbai, India. Marathon Nextgen Realty Limited is a subsidiary of Marathon Realty Pvt. Ltd."
ALEMBICLTD,Alembic Limited,,Real Estate,Real Estate - Development,2659.0,8.62,,Alembic Limited engages in real estate business in India and internationally. It operates through Active Pharmaceutical Ingredient (API) and Real Estate segments. The company constructs residential and commercial real estate projects; provides project management and marketing consultancy services; and leases commercial properties. It also manufactures and markets fermentation and chemistry based a
ARVSMART,Arvind SmartSpaces Limited,,Real Estate,Real Estate - Development,2635.0,4.14,,"Arvind SmartSpaces Limited, together with its subsidiaries, engages in the development of real estate projects in India. The company develops residential, commercial, industrial projects, villa townships, apartments, plotted developments and villas, commercial spaces, and industrial parks. It serves individual retail clients and corporate entities. The company was formerly known as Arvind Infrastr"
HUBTOWN,Hubtown Limited,,Real Estate,Real Estate - Development,2497.0,6.2,,"Hubtown Limited engages in the development and construction of real estate projects in India. The company develops residential and commercial, IT, industrial, and infrastructure projects. It is also involved in security plates, education research, and infrastructure facilities businesses. The company was formerly known as Ackruti City Limited and changed its name to Hubtown Limited in November 201"
AJMERA,Ajmera Realty & Infra India Limited,,Real Estate,Real Estate - Development,2327.0,3.83,,"Ajmera Realty & Infra India Limited, together with its subsidiaries, engages in the real estate development business. The company constructs and develops residential and commercial projects, including apartments, schools, retail and malls, and commercial spaces, as well as land development projects. It serves individuals, families, corporations, institutions, and government bodies. The company was"
ARKADE,Arkade Developers Limited,,Real Estate,Real Estate - Development,2292.0,2.29,,"Arkade Developers Limited operates as a real estate development company in India. It engages in the identification and acquisition of land, as well as the planning, execution, construction, and marketing of commercial and residential projects. The company was incorporated in 1986 and is based in Mumbai, India."
OMAXE,Omaxe Limited,,Real Estate,Real Estate - Development,2094.0,18.92,,"Omaxe Limited engages in real estate development activities in India. Its portfolio includes residential, commercial, retail and integrated township projects, as well as group housing, SCOs, shopping malls, hotels, and office spaces. The company was formerly known as Omaxe Construction Limited and changed its name to Omaxe Limited in June 2006. Omaxe Limited was founded in 1987 and is based in New"
MIIL,Meghna Infracon Infrastructure Limited,,Real Estate,Real Estate - Development,1528.0,5.93,,"Meghna Infracon Infrastructure Limited engages in the real estate development business in India. It develops residential, commercial, and mixed-use development projects. The company was formerly known as Naysaa Securities Limited and changed its name to Meghna Infracon Infrastructure Limited in May 2024. The company was incorporated in 2007 and is based in Mumbai, India."
SHRIRAMPPS,Shriram Properties Limited,,Real Estate,Real Estate - Development,1225.0,2.4,,"Shriram Properties Limited, a real estate development company, engages in the business of construction, development, and sale of residential and commercial properties in India. It provides development management services, including sales and marketing, project management and consultancy, customer relationship management, and financial management services to other real estate developers, as well as"
SURAJEST,Suraj Estate Developers Limited,,Real Estate,Real Estate - Development,1038.0,2.93,,"Suraj Estate Developers Limited, together with its subsidiaries, engages in the real estate development business in India. The company develops and sells residential and commercial properties and projects. Suraj Estate Developers Limited was incorporated in 1986 and is based in Mumbai, India."
NILASPACES,Nila Spaces Limited,,Real Estate,Real Estate - Development,477.0,2.16,,"Nila Spaces Limited engages in the real estate development activities. It is involved in the construction and development of residential buildings. The company was formerly known as Parmananday Superstructure Limited and changed its name to Nila Spaces Limited in November 2017. The company was incorporated in 2000 and is headquartered in Ahmedabad, India."
UNITECH,Unitech Limited,,Real Estate,Real Estate - Diversified,1081.0,1.72,,"Unitech Limited together with its subsidiaries, engages in the real estate development and related activities in India. It is also involved in property management, hospitality, and investment businesses, as well as construction and allied services. The company was incorporated in 1971 and is headquartered in Gurugram, India."
PROZONER,Prozone Realty Limited,,Real Estate,Real Estate - Diversified,807.0,1.33,,"Prozone Realty Limited designs, develops, owns, and operates shopping malls, and commercial and residential premises in India. It operates through Leasing and Outright Sales segments. The company develops and operates regional shopping centers, gated residential complexes and villas, and commercial offices. It also provides management consultancy services. Prozone Realty Limited was formerly known"
EFCIL,EFC (I) Limited,,Real Estate,Real Estate Services,2640.0,4.44,,"EFC (I) Limited engages in the provision of real estate services in India and internationally. It operates through the Rental, Interior, and Furniture segments. The company engages in the development, buying, selling, leasing, operation, and management of managed office and coworking spaces; provision of turnkey interior design and execution solutions, as well as interior designing consultancy; ma"
AURUM,Aurum PropTech Limited,,Real Estate,Real Estate Services,1680.0,2.54,,"Aurum PropTech Limited engages in the business of software development for real estate and other services in India. It operates through Rental, Distribution, Capital, and Others segments. The company provides HelloWorld, a co-living platform for students and young professionals; Nestaway, a home rental platform that offers residences in prime urban locations; and MonkSpaces.Ai, which enables real"
TEXINFRA,Texmaco Infrastructure & Holdings Limited,,Real Estate,Real Estate Services,1453.0,1.71,,"Texmaco Infrastructure & Holdings Limited engages in the business of real estate, hydro power generation, and job work services in India. It operates a mini hydel power project located in Neora, West Bengal. It serves fertilizers and agrochemicals, engineering, infrastructure, real estate, and consumer durables sectors. Texmaco Infrastructure & Holdings Limited was formerly known as Texmaco Limite"
SANGHVIMOV,Sanghvi Movers Limited,,Industrials,Rental & Leasing Services,3780.0,12.13,,"Sanghvi Movers Limited, together with its subsidiaries, operates as a crane rental company in India. It operates through Crane Hiring and Ancillary Services; Wind EPC; and Project EPC segment. The Crane Hiring and Other Ancillary Services segment includes crane rental services, including mobilization and demobilization. The Wind EPC segment includes logistics, intercarting, installation, and commi"
MHRIL,Mahindra Holidays & Resorts India Limited,,Consumer Cyclical,Resorts & Casinos,4061.0,2.57,,"Mahindra Holidays & Resorts India Limited operates in the leisure hospitality sector in India, Finland, Sweden, Spain, Dubai, Thailand, and Malaysia. It provides vacation ownership and other accommodation-related services. The company was incorporated in 1996 and is based in Mumbai, India. Mahindra Holidays & Resorts India Limited operates as a subsidiary of Mahindra & Mahindra Limited."
DELTACORP,Delta Corp Limited,,Consumer Cyclical,Resorts & Casinos,1649.0,4.45,,"Delta Corp Limited, together with its subsidiaries, operates in the gaming and entertainment, and hospitality businesses in India and internationally. It operates through Casino Gaming, Hospitality, and Real Estate segments. The Casino Gaming segment operates offshore casinos, including Deltin Royale, Deltin JAQK, and King Casino in Goa; land-based casinos, such as Deltin Suites Casino and Deltin"
UFBL,United Foodbrands Limited,,Consumer Cyclical,Restaurants,2801.0,3.24,,"United Foodbrands Limited owns and operates a chain of casual dining restaurants under the Barbeque Nation brand name. The company also owns and operates Italian restaurants under the Toscano brand name; and offers buffet packed in a box to cater to the delivery segment under the brand Barbeque in a Box. It operates in India, Sri Lanka, Saudi Arabia, the United Arab Emirates, Oman, Malaysia, and B"
COFFEEDAY,Coffee Day Enterprises Limited,,Consumer Cyclical,Restaurants,637.0,1.39,,"Coffee Day Enterprises Limited, together with its subsidiaries, primarily operates Café Coffee Day outlets in India, Europe, and internationally. It operates through Coffee and Related Business, and Hospitality services segments. The company operates Coffee Day Square, a premium cafe; and Coffee Day Xpress, an on-the-go food and beverage kiosk; as well as develops Sienna, a semi-automatic vending"
RISHABH,Rishabh Instruments Limited,,Technology,Scientific & Technical Instruments,2895.0,16.99,,"Rishabh Instruments Limited engages in the design, development, and manufacturing of global energy efficiency solutions in electrical automation, measurement, and industrial technology in Asia, Europe, and internationally. The company offers electrical automation devices, including transducers, isolators, and temperature controllers; metering, control, and protection devices, such as analogue pane"
TEMPSENS,Tempsens Instruments (India) Limited,,Technology,Scientific & Technical Instruments,,193.35,,"Tempsens Instruments (India) Limited operates as a thermal engineering and specialised cable manufacturer in India and internationally. The company operates through verticals, such as Temperature sensing solutions, Electrical heating solutions, and Specialised cables. The Temperature sensing solutions vertical offers thermocouple, resistance temperature detector, infrared pyrometers, online therma"
SIS,SIS LIMITED,,Industrials,Security & Protection Services,5872.0,15.73,,"SIS Limited, together with its subsidiaries, provides security and related services in India, Australia, Singapore, and New Zealand. It operates through three segments: Security Services (India), Security Services (International), and Facility Management. The company offers manned guarding, training, physical security, and paramedic and emergency response services; loss prevention, asset protectio"
MOSCHIP,Moschip Technologies Limited,,Technology,Semiconductor Equipment & Materials,4018.0,28.29,,"MosChip Technologies Limited, a semiconductor and system design company, designs, develops, manufactures, and sells system on chip technologies and Internet on Things solutions in India, North America, and the Asia Pacific. It offers silicon engineering services, including turnkey ASIC and silicon design services, as well as IP porting, customization, and integration services. The company also pro"
RIR,RIR Power Electronics Limited,,Technology,Semiconductors,1547.0,7.11,,"Rir Power Electronics Limited engages in the manufacture and sale of power semiconductor devices and high-power equipment in India. It offers semiconductor devices, including phase control and inverter grade thyristors, and standard and fast recovery diodes; power modules, such as high voltage modules, diode bridge rectifiers and modules, and IGBT and power modules; power equipment, such as power"
AMAGI,Amagi Media Labs Limited,,Technology,Software - Application,12212.0,15.26,,"Amagi Media Labs Limited operates as a software-as-a-service company that connects media companies to their audiences through cloud-native technology. The company's platform helps content providers and distributors upload and deliver video over the internet through smart televisions, smartphones, and applications instead of traditional cable or set top box services, as well as helps monetize such"
SHIPROCKET,Shiprocket Limited,,Technology,Software - Application,8912.0,118.69,,"Shiprocket Limited provides e-commerce enablement platform solutions in India. It offers Shiprocket Shipping, an e-commerce shipping platform that automates workflows across sales channels; ShiprocketX, an end-to-end cross border solution; Shiprocket Fulfillment, a warehousing, and packaging and shipping solution; Shiprocket Engage 360, a marketing platform; and Shiprocket Capital, a revenue-based"
EMUDHRA,eMudhra Limited,,Technology,Software - Application,5431.0,7.03,,"eMudhra Limited provides trust and enterprise solutions to individuals and organizations in India, North America, Europe, the Middle East, Africa, and the Asia Pacific. The company provides solutions such as emSigner paperless workflow, SecurePass identity and authentication management, Certinext certificate issuance and life cycle management; ID broker; data discovery and management platform; and"
63MOONS,63 moons technologies limited,,Technology,Software - Application,4110.0,23.12,,"63 moons technologies limited provides software solutions in India and internationally. It operates through Software Services/Solutions, Trading, and Others segments. The company offers DOME, an online trading software; POWERARMS, an electronic trading, risk management, and clearing and settlement platform; FOVEA for risk management; TRADEDART, a web-based trading platform; MARKETXSTREAM for analy"
NPST,Network People Services Technologies Limited,,Technology,Software - Application,3734.0,8.18,,"Network People Services Technologies Limited develops payments infrastructure for banks, payment aggregators, and merchants in India. The company offers UPI Switch that connects with National Payments Corporation of India (NPCI) infrastructure, third-party systems, and member banks to enable instant UPI transactions across P2P and P2M modes; mobile banking and digital wallet solutions; CLOU, an in"
KERNEX,Kernex Microsystems (India) Limited,,Technology,Software - Application,2991.0,32.31,,"Kernex Microsystems (India) Limited, together with its subsidiaries, engages in the manufacture and sale of safety systems and software services for railways in India and internationally. The company offers safety products for the railroad industry, such as LxGuard, a level crossing protection system; TrainSHIELD, a train collision avoidance system; SAFELx, a train actuated warning device; SENTINE"
RAMCOSYS,Ramco Systems Limited,,Technology,Software - Application,2121.0,5.0,,"Ramco Systems Limited operates as an enterprise software company in the United States, Europe, the Asia-Pacific, India, and the Middle East, and Africa. The company provides aviation, aerospace & defense that includes maintenance, repair, and overhaul; engine MRO; maintenance & engineering; defense asset management; flight operations; and feet technical management. The company also offers ERP, inc"
GENESYS,Genesys International Corporation Limited,,Technology,Software - Application,1866.0,24.71,,"Genesys International Corporation Limited provides geographical information services in India and internationally. It offers photogrammetry, remote sensing, cartography, data conversion, state of the art terrestrial; and 3D geocontent, including location navigation mapping and other computer based related services. The company also provides 3D Digital Twin services; terrestrial, backpack, mobile,"
NUCLEUS,Nucleus Software Exports Limited,,Technology,Software - Application,1801.0,1.02,,"Nucleus Software Exports Limited provides lending and transaction banking products to the financial services industry in India, the Far East, South East Asia, Europe, the Middle East, Africa, Australia, and internationally. It offers FinnOne Neo, a next-generation digital lending platform for intelligent, scalable, and customer-centric lending ecosystems; and FinnAxia, an integrated global transac"
INFOBEAN,InfoBeans Technologies Limited,,Technology,Software - Application,1478.0,2.86,,"InfoBeans Technologies Limited designs, builds, and manages digital applications in the United States, Germany, India, the United Arab Emirates, and internationally. The company offers Expona AI 2.0, a context trained AI agent for conversational intelligence; BeanTrail, an AI-driven Salesforce audit intelligence for critical field history insights; Spacewarp, an AI rules-based tool for ServiceNow;"
IZMO,IZMO Limited,,Technology,Software - Application,1393.0,8.53,,"IZMO Limited offers hi-tech automotive e-retailing solutions in India and internationally. It also provides software solutions and services. The company was formerly known as Logix Microsystems Limited and changed its name to IZMO Limited in 2014. The company was incorporated in 1995 and is based in Bengaluru, India."
SUBEXLTD,Subex Limited,,Technology,Software - Application,1088.0,10.77,,"Subex Limited engages in the provision of operations and business support systems to communication service providers (CSPs) worldwide. It offers fraud management solutions that address fraud across various services, including bypass, handset, international revenue share fraud, robocalling, and SMS fraud solutions, as well as scam and spam calls. It also provides a signaling risk intelligence solut"
EXCELSOFT,Excelsoft Technologies Limited,,Technology,Software - Application,942.0,2.59,,"Excelsoft Technologies Limited, a software as a service (SaaS) company, designs and develops technology-based solutions in the education and e-learning space. It operates through Assessment and Proctoring Solutions; Educational Technology Services; Learning and Student Success Solutions; and Learning Design and Content Solutions segments. The company offers SARAS, a learning and assessment technol"
UNIECOM,Unicommerce Esolutions Limited,,Technology,Software - Application,912.0,1.79,,"Unicommerce eSolutions Limited provides a suite of software-as-a-service products in India and internationally. It offers Inventory Management System, a platform for viewing and processing details of inventory across different location, and Warehouse Management System, a software that manages the stock location and level of the goods in a warehouse. The company also provides Multichannel Order Man"
QUICKHEAL,Quick Heal Technologies Limited,,Technology,Software - Application,824.0,1.03,,"Quick Heal Technologies Limited engages in the provision of security software products and solutions to consumers, small businesses, government establishments, and corporate houses in India and internationally. It offers antivirus solutions, including total security, internet security, antivirus pro, security for mac, total security for android, mobile security, total security multi-device, and in"
KELLTONTEC,Kellton Tech Solutions Limited,,Technology,Software - Application,723.0,2.83,,"Kellton Tech Solutions Limited engages in the provision of digital transformation, ERP, and other IT services in APAC, Europe, the United States, and internationally. The company offers AI services, including AI development, generative AI, agentic AI & automation traditional AI, AI engineering & platforms, and AI governance and risk data engineering for AI services; data and analytics services com"
FRACTAL,Fractal Analytics Limited,,Technology,Software - Infrastructure,13085.0,18.98,,"Fractal Analytics Limited provides artificial intelligence (AI) and analytics solutions to automate business workflows, extract insights from data, and optimize enterprise operations. The company offers agentic products for enterprises, including Cogentiq platform, Cogentiq CX, Cogentiq E-commerce, Cogentiq Innovation, Cogentiq invoice to cash, Cogentiq underwriting for financial services, and Cog"
E2E,E2E Networks Limited,,Technology,Software - Infrastructure,12181.0,36.54,,"E2E Networks Limited provides cloud computing services in India. The company offers smart dedicated servers, graphics processing units, object storage, content delivery network service, and continuous data protection back up services. It also provides cloud GPUs, linux cloud, infiniband, storage and cloud solutions, containers and serverless, AI labs as a service, and sovereign cloud platform, as"
MOBIKWIK,One Mobikwik Systems Limited,,Technology,Software - Infrastructure,1650.0,13.59,,"One MobiKwik Systems Limited provides digital payments and financial services for consumers and merchants in India and internationally. The company offers payment services for consumers, such as recharge, utility payments, bill payments, merchant payments, and other services through wallet; and operates prepaid payment instruments, including wallet payment system. It also provides Pocket UPI to ma"
RELTD,Ravindra Energy Limited,,Technology,Solar,2858.0,2.09,,"Ravindra Energy Limited sells solar pumps and setting up of solar generation power plants in India. The company undertakes various projects relating to solar photo voltaic power pumping systems, rooftop solar, and ground-mount solar power projects. It also generates and sells power. The company was formerly known as Ravindra Trading and Agencies Limited and changed its name to Ravindra Energy Limi"
INA,Insolation Energy Limited,,Technology,Solar,2000.0,4.44,,"Insolation Energy Limited engages in the manufacture and sale of solar panels and modules under INA brand name in India. The company provides monocrystalline passive emitter and rear cell and polycrystalline solar photovoltaic (PV) modules for use in various applications, such as on-grid large scale utility system, on-grid rooftop residential and commercial system, net metering solution, off-grid"
ONIXSOLAR,Onix Solar Energy Limited,,Technology,Solar,1252.0,14.91,,"Onix Solar Energy Limited engages in the trading of non-ferrous metals in India. The company manufactures and sells brass rods and tubes, and copper pipes; provides copper and DZR endfeed, and solder fittings; and manufactures and imports copper pipes for applications in plumbing, domestic gas, and air-conditioning industries; and imports pressure regulators, meters, and accessories for the gas in"
SOLARWORLD,Solarworld Energy Solutions Limited,,Technology,Solar,1221.0,3.16,,"Solarworld Energy Solutions Limited engages in the design, engineering, procurement, construction, operation, and maintenance of solar power generating system and battery energy projects in India. It operates through Engineering, procurement, and construction contracts; and Manufacturing segments. The company provides end-to-end solutions for renewable energy projects under CAPEX and RESCO models."
WAAREEINDO,Indosolar Limited,,Technology,Solar,1061.0,2.14,,"Indosolar Limited engages in the manufacturing and trading of solar photovoltaic modules in India, Europe, the United States, Middle East, and Asia. It offers solar modules, including TOPCon modules and Mono PERC technology The company was incorporated in 2005 and is based in New Delhi, India. Indosolar Limited is a subsidiary of Waaree Energies Limited."
SOLEX,Solex Energy Limited,,Technology,Solar,748.0,2.15,,"Solex Energy Limited manufactures and sells solar photovoltaic modules in India. It provides solar turnkey solutions for solar power plants, solar water pumps, and utility scale ground mounted solar power plants, as well as engineering, procurement, and construction services for the solar energy market. The company also offers solar rooftop systems, off-grid power plants, solar grid-connected syst"
PDSL,PDS Limited,,Industrials,Specialty Business Services,4998.0,3.34,,"PDS Limited, together its subsidiaries, designs, develops, sources, manufactures, markets, and distributes various readymade garments and other consumer products worldwide. The company operates through Sourcing, Manufacturing, and Others segments. It offers various apparel solutions for women, men, essentials, children, and babies. The company also provides licensed apparel products; footwear; acc"
BLSE,BLS E-Services Limited,,Industrials,Specialty Business Services,2876.0,8.75,,"BLS E-Services Limited, a technology enabled digital service company, provides assisted E-services and E-governance services in India. The company act as business correspondents to provide banking products and services on behalf of banks to people, such as opening savings, recurring deposit accounts, cash deposits, withdrawals, remittance, transfer, and bill collection services, etc; and value add"
JAYKAY,Jaykay Enterprises Limited,,Industrials,Specialty Business Services,2645.0,7.73,,"Jaykay Enterprises Limited engages in additive manufacturing, prototyping, and 3D printing technology business in India. It operates through three segments: Defence and Aerospace, and Digital Manufacturing and Advance Systems, and Digital Services. The company is involved in powder metallurgy; large scale digital manufacturing; reverse engineering; plant modelling; and machining and manufacturing"
BLUSPRING,Bluspring Enterprises Limited,,Industrials,Specialty Business Services,1822.0,5.29,,"Bluspring Enterprises Limited provides integrated facility management, security, food catering, telecom network, and client asset management services in India, Singapore, and internationally. It offers soft and hard services, pest control and landscaping, on-site and central kitchen, and event catering services. It also provides telecom and industrial services, such as installation and commissioni"
KAPSTON,Kapston Services Limited,,Industrials,Specialty Business Services,1759.0,2.79,,"Kapston Services Limited operates as a human capital solutions provider company in India. The company offers general staffing, including contract staffing, NAPS and NATS, payroll management, permanent staffing, and recruitment process outsourcing services; integrated facility management; engineering services, including electrical and mechanical maintenance, HVAC operation and maintenance, plumbing"
ONEPOINT,One Point One Solutions Limited,,Industrials,Specialty Business Services,1578.0,3.64,,"One Point One Solutions Limited engages in the customer life cycle management, business process management, and technology servicing activities in India. The company provides customer experience management services, including omnichannel, multilingual customer support across email, chat, voice and digital platforms; digital transformation and automation services; finance and accounting outsourcing"
UDS,Updater Services Limited,,Industrials,Specialty Business Services,1340.0,8.39,,"Updater Services Limited operates an integrated business services platform in India and internationally. It operates in two segments, Integrated Facilities Management and Business Support Services. The company offers production support services to manufacturing facilities, including material handling and movement, on-site warehouse management, stores and inventory management, production support, a"
DIGITIDE,Digitide Solutions Limited,,Industrials,Specialty Business Services,1247.0,1.88,,"Digitide Solutions Limited engages in business process management services and technology. The company provides tech and AI services, such as AI, data and analytics, cloud migrations, and infrastructure managed services; cybersecurity; data center; digital assurance, engineering, and experience; enterprise modernization and managed services; ERP services; GenAI solutions; IT consulting services; a"
KRYSTAL,Krystal Integrated Services Limited,,Industrials,Specialty Business Services,911.0,1.04,,"Krystal Integrated Services Limited provides integrated and technical facility management, staffing, payroll and solid and liquid waste management, private security, manned guarding, solar EPC, and catering services in India. It operates through the Manpower and Related Service, Catering Service, and Information Technology Enabled Services segments. The company offers housekeeping, janitorial, dis"
RADIANTCMS,Radiant Cash Management Services Limited,,Industrials,Specialty Business Services,376.0,1.75,,"Radiant Cash Management Services Limited engages in the provision of cash logistics and other related services in India. The company offers cash pick-up and delivery, network currency management, cash processing, cash vans/cash-in-transit services, technology & digital solutions, fintech & financial inclusion, as well as other value-added services. It also provides Radiant Insta Credit App, a plat"
DJML,DJ Mediaprint & Logistics Limited,,Industrials,Specialty Business Services,274.0,1.04,,"DJ Mediaprint & Logistics Limited provides integrated printing, logistics, and courier solutions in India and internationally. The company operates through three segments: Printing; Record Management Scanning and Logistics Services; and Other Business. It offers printing solutions, including variable data, continuous stationery, security, book, and magazine printing; bulk mailing; logistics soluti"
BASF,BASF India Limited,,Basic Materials,Specialty Chemicals,15859.0,6.28,,"BASF India Limited provides chemicals, materials, industrial solutions, nutrition and care, and agricultural solutions in India and internationally. The company's Agricultural Solution segment offers crop protection products, such as insecticides, herbicides, fungicides, and plant growth regulators, as well as seed treatment solutions. Its Materials segment offers performance materials, such as po"
FINEORG,Fine Organic Industries Limited,,Basic Materials,Specialty Chemicals,15788.0,9.05,Specialty & Performance Chemicals,"Fine Organic Industries Limited engages in manufacture, processing, supply, distribution, dealing, import, and export of oleochemical-based additives in India and internationally. The company offers food ingredient, such as emulsifiers, antifungal agents, bakery products, starch complexity agents, viscosity modifiers, anti-blooming agents, anti-splattering agents, crystal promoters, and anti-foam"
VINATIORGA,Vinati Organics Limited,,Basic Materials,Specialty Chemicals,12678.0,5.03,Specialty & Performance Chemicals,"Vinati Organics Limited manufactures and sells specialty organic intermediaries and monomers in India and internationally. The company offers specialty monomers comprising 2-acrylamido 2-methylpropane sulphonic acid, sodium salt of 2-acrylamido-2-methylpropane sulphonic acid, N-tertiary butyl acrylamide, and N-tertiary octyl acrylamide. It also provides specialty aromatics, including iso butyl ben"
ELANTAS,Elantas Beck India Limited,,Basic Materials,Specialty Chemicals,11727.0,4.17,,"ELANTAS Beck India Limited manufactures and sells specialty chemicals for the electrical insulation and construction industries in India. The company operates through two segments, Electrical Insulations; and Engineering & Electronic Resins Solutions, and Materials. It provides wire enamels, such as primers, lubricants, and binder varnishes for fiberglass coated conductors; impregnating materials,"
KINGFA,Kingfa Science & Technology (India) Limited,,Basic Materials,Specialty Chemicals,8215.0,6.55,,"Kingfa Science & Technology (India) Limited manufacturing and supply of high-quality reinforced polypropylene compounds, thermoplastics elastomers, and fiber re-enforced composites in India. It also offers engineering plastics including ABS, HIPS, PA, PBT, PC and their alloys; biodegradable nitrile gloves and protective coverall; thermoplastic elastomers under the HYPRENE brand name; POM and LFT p"
GALAXYSURF,Galaxy Surfactants Limited,,Basic Materials,Specialty Chemicals,7759.0,6.76,Specialty & Performance Chemicals,"Galaxy Surfactants Limited manufactures and sells surfactants and other specialty ingredients for the personal and home care industry in India and internationally. It offers emollients, fatty alcohol sulfates and ether sulfates, fatty alcohol ethoxylates and labsa, foam and viscosity boosters, mild surfactants, pearlizers, surfactant blends, syndets and transparent bathing bars, sun protection, fu"
FCL,Fineotex Chemical Limited,,Basic Materials,Specialty Chemicals,6492.0,97.07,,"Fineotex Chemical Limited manufactures and sells textile chemicals, auxiliaries, and specialty chemicals in India, Malaysia, and the United States. The company provides textile chemicals for pre-treatment, dyeing, printing, and finishing processes, as well as enzymes; water treatment chemicals; and oilfield chemicals, such as drilling fluids, cementing fluids, production chemicals, and fracturing"
GULFOILLUB,Gulf Oil Lubricants India Limited,,Basic Materials,Specialty Chemicals,5245.0,5.95,,"Gulf Oil Lubricants India Limited manufactures, markets, and trades automotive and non-automotive lubricants, and synergy products for use in the automobile and industrial sectors in India and internationally. The company offers automotive lubricants, such as engine oils, driveline fluids, brake fluids and radiator coolants, bike care products, vehicle gear and transmission oils, greases and lubri"
SOTL,Savita Oil Technologies Limited,,Basic Materials,Specialty Chemicals,4969.0,17.34,,"Savita Oil Technologies Limited manufactures and sells specialty petroleum products in India and internationally. It operates through Petroleum Products and Wind Power segments. The company offers transformer oils under the TRANSOL, bioTRANSOL, and TRANSOL Synth brands; white and mineral oils under the TECHNOL and SAVONOL brands; petroleum jellies under the SAVOGEL brand; paraffin wax emulsions, m"
VISHNU,Vishnu Chemicals Limited,,Basic Materials,Specialty Chemicals,4823.0,7.18,,"Vishnu Chemicals Limited engages in the manufacture and sale of chromium chemicals in India and internationally. The company offers chromium chemicals, such as sodium dichromate, basic chromium sulphate, chromic acid, chrome oxide green, white sodium sulphate, and potassium dichromate; and barium barium carbonate, precipitated barium sulphate, strontium carbonate, and sodium sulphide. Its products"
YASHO,Yasho Industries Limited,,Basic Materials,Specialty Chemicals,4757.0,11.75,,"Yasho Industries Limited engages in the manufacture and sale of specialty and fine chemicals in India, the United States, Europe, Asia, and the Middle East. The company offers aroma chemicals, including clove oil and derivatives; food antioxidants; and rubber chemicals comprising accelerators/antioxidants/co-agents for processing EPDM, SBR, NBR, ECO, Acrylic, NR, and others. It also provides pre-d"
RESPONIND,Responsive Industries Limited,,Basic Materials,Specialty Chemicals,4273.0,3.75,,"Responsive Industries Limited manufactures and sells polyvinyl chloride (PVC) based products in India and internationally. The company provides vinyl flooring, synthetic leather/ropes, and luxury vinyl tile, including LVT-SPC and waterproofing membranes. It also offers plastic, non-metallic mineral, rubber products, and fabricated metal products. The company serves the hospitality, transportation,"
TATVA,Tatva Chintan Pharma Chem Limited,,Basic Materials,Specialty Chemicals,4120.0,6.83,,"Tatva Chintan Pharma Chem Limited engages in the manufacture and sale of specialty chemicals in India, Germany, the United States of America, China, Singapore, and internationally. It offers structure directing agents (SDAs); phase transfer catalysts (PTCs); electrolyte salts for super capacitor batteries; pharmaceutical and agrochemical intermediates, and other specialty chemicals (PASC); and bro"
GRAUWEIL,Grauer & Weil India Limited,,Basic Materials,Specialty Chemicals,3869.0,2.8,,"Grauer & Weil (India) Limited engages in the manufacturing and selling of surface finishing chemicals in India and internationally. The company operates through Surface Finishing, Engineering, and Shoppertainment segments. The company offers electroplating and specialty chemicals, zinc flake coatings, phosphating and anodizing chemicals, strippers for paint and powder coating, blackening, protecti"
PREMEXPLN,Premier Explosives Limited,,Basic Materials,Specialty Chemicals,3631.0,10.37,,"Premier Explosives Limited manufactures and sells high energy materials and allied products in India and internationally. The company offers bulk and packaged explosives, detonators, detonating fuses, solid propellants, pyrogen igniters and initiators, pyro devices, war heads, ammunition, chaffs, flares, fully assembled rocket motors, explosive bolts, pyro actuators, smoke markers, cable cutters a"
POLYPLEX,Polyplex Corporation Limited,,Basic Materials,Specialty Chemicals,3610.0,6.08,,"Polyplex Corporation Limited engages in the manufacture and sale of polymeric films in India, other Asian countries, Europe, the Americas, and internationally. It offers Sarafil base films, including biaxially-oriented polyester (BOPET) films for use in packaging, electrical, and industrial applications; BO polypropylene (PP) films for flexible packaging and other applications; cast and blown PP f"
POCL,Pondy Oxides & Chemicals Limited,,Basic Materials,Specialty Chemicals,3607.0,18.29,,"Pondy Oxides And Chemicals Limited produces and sells lead, lead alloys, and plastic additives in India. The company provides calcium, antimony, master, tin, silver, cadmium, and babbit Alloys. It also offers aluminium products; copper products, such as wire, uncoated and unalloyed copper wire scrap nodules; plastic products, including PP granules and ABS granules; and trading products, including"
KIRIINDUS,Kiri Industries Limited,,Basic Materials,Specialty Chemicals,3503.0,50.87,,"Kiri Industries Limited manufactures and sells dyes, dye intermediates, and basic chemicals in India and internationally. It provides reactive dyes, acid dyes, direct dyes, and disperse dyes; and basic chemicals comprising sulphuric acid, chloro sulhponic acid, oleum, spent sulphuric acid, and thionyl chloride. The company also offers dye intermediates, such as sulpho J.acid, sulpho tobias acid, s"
NOCIL,NOCIL Limited,,Basic Materials,Specialty Chemicals,3250.0,18.37,Specialty & Performance Chemicals,"NOCIL Limited engages in the manufacture and sale of rubber chemicals for tire, automotive, rubber goods, and industrial sectors in India and internationally. It provides rubber chemicals, including pilflex, pilnox, pilcure, and pilgard, as well as anti-degradants/anti-oxidants accelerators. The company also offers technical services. NOCIL Limited was incorporated in 1961 and is headquartered in"
JUBLCPL,Jubilant Agri and Consumer Products Limited,,Basic Materials,Specialty Chemicals,3199.0,1.63,,"Jubilant Agri and Consumer Products Limited manufactures and sells performance polymers, chemicals, and agri products in India and internationally. It operates through Performance Polymers & Chemicals, P&K Fertilizers, and Agri Nutrients segments. The company offers consumer products, including woodworking adhesives and wood finishes under the Jivanjor, Vamicol, Polystic Plus, Hero, Charmwood, and"
APCOTEXIND,Apcotex Industries Limited,,Basic Materials,Specialty Chemicals,3156.0,6.42,,"Apcotex Industries Limited manufactures and sells specialty emulsion polymers in India and internationally. The company offers synthetic rubber products, including nitrile butadiene rubber (NBR), NBR-PVC polyblends, high styrene rubber (HSR), and powdered nitrile butadiene rubber (PNBR); synthetic latexes, such as styrene-butadiene latex, nitrile latex, vinyl pyridine latex, pure acrylic and styre"
XPROINDIA,Xpro India Limited,,Basic Materials,Specialty Chemicals,2805.0,6.9,,"Xpro India Limited processes and sells polymers primarily in India. The company offers dielectric films for applications comprising power transmission and distribution, motor run, power film/electronic, magnetic lighting ballast, microwave oven, low voltage industrial power factor correction, AC and pulse film, interference suppression, and hybrid cars capacitors, as well as for energy storage app"
DDEVPLSTIK,Ddev Plastiks Industries Limited,,Basic Materials,Specialty Chemicals,2689.0,1.91,,"Ddev Plastiks Industries Limited manufactures and sells customized compounds in India and internationally. It offers antifab, filled compounds, and master batches used in woven sacks, cement bags, and industrial packaging solutions; PVC compounds used in wire and cable, construction, and footwear industries; halogen free flame retardant (HFFR) compounds; and sioplas, XLPE compounds, semicons, and"
STALLION,Stallion India Fluorochemicals Limited,,Basic Materials,Specialty Chemicals,2687.0,7.14,,"Stallion India Fluorochemicals Limited engages in debulking, blending, and processing of refrigerants and industrial gases in India. It provides fluorochemicals, such as hydrocarbons (HC), hydrofluorocarbons (HFC), and hydrofluoroolefins (HFO). The company also offers equipment and spares for AC and R industry, including pressure washers and vacuum pumps; consumer cans refrigerants and paints comp"
BODALCHEM,Bodal Chemicals Limited,,Basic Materials,Specialty Chemicals,2490.0,56.36,,"Bodal Chemicals Limited engages in the manufacture and sale of dyestuffs, dyes intermediates, and other chemicals in India and internationally. The company offers dye intermediates, including H-Acid, vinyl sulphone, K-Acid, gamma acid, DASA, FC acid, SPVS, OA, MPDSA, meta ureido aniline, and DIAZO; and dyestuffs, such as reactive, acid, direct, and liquid dyes. It also provides chemicals comprisin"
ROSSARI,Rossari Biotech Limited,,Basic Materials,Specialty Chemicals,2443.0,2.41,Specialty & Performance Chemicals,"Rossari Biotech Limited manufactures and sells specialty chemicals in India and internationally. It offers home, personal care, and performance chemicals products, such as soaps and detergents; oil and gas division; inks; paints and coatings; ceramics and tiles; pulp and paper; cement; water treatment; performance additives; cleaning, hygiene, and disinfection; surfactants; and textile specialty c"
VEEDOL,Veedol Corporation Limited,,Basic Materials,Specialty Chemicals,2306.0,1.07,,"Veedol Corporation Limited, together with its subsidiaries, engages in the manufacturing and marketing of lubricants under the Veedol brand in India. It offers automotive lubricants, including two-wheeler, passenger car motor, commercial vehicle, tractor, off-highway, and gear and transmission oils, as well as greases, EV fluids, and OEM oils. The company also offers industrial lubricants comprisi"
SIRCA,Sirca Paints India Limited,,Basic Materials,Specialty Chemicals,2303.0,9.81,,"Sirca Paints India Limited manufactures and sells wood coatings and decorative paints in India and internationally. The company offers wood, metal, glass, polyester, metallic, specialty, protective, polyurethane polish (PU), and nitrocellulose (NC) coatings; wall paints; solid color finishes and wall textures; acrylic PUs and UVs; enamels; thinners, reducers, retarders, paint removers, and interio"
GOCLCORP,GOCL Corporation Limited,,Basic Materials,Specialty Chemicals,2248.0,6.39,,"GOCL Corporation Limited, together with its subsidiaries, engages in the electronics manufacturing services and the realty businesses in India and internationally. The company offers electronics manufacturing services, including the design, supply, and assembly of printed circuit boards. It is also involved in the development of commercial properties comprising an office building and a multi-level"
CAMLINFINE,Camlin Fine Sciences Limited,,Basic Materials,Specialty Chemicals,1897.0,6.02,,"Camlin Fine Sciences Limited, together with its subsidiaries, research, develops, manufactures, and markets specialty chemicals, ingredients, and additive blend products in India and internationally. The company offers shelf-life solutions, which include basic ingredients, such as tert-butylhydroquinone (TBHQ), Butylated Hydroxyanisole (BHA), Butylated Hydroxytoluene (BHT), and Ascorbyl Palmitate"
TIRUMALCHM,Thirumalai Chemicals Limited,,Basic Materials,Specialty Chemicals,1890.0,6.69,,"Thirumalai Chemicals Limited, together with its subsidiaries, manufactures and sells organic chemicals in India and internationally. The company offers phthalic anhydride, diethyl phthalate, malic acid, fumaric acid, and fine chemicals. It serves the food and beverages, pharmaceuticals, animal nutrition, fragrances, cosmetics, resins, industrial formulations, plastics, and paints industries. The c"
SHK,S H Kelkar and Company Limited,,Basic Materials,Specialty Chemicals,1886.0,4.93,,"S H Kelkar and Company Limited, together with its subsidiaries, manufactures and supplies fragrances, flavors, and aroma ingredients in India, Europe, and internationally. The company offers fragrances for personal, hair, home, fabric, and skin care products; food flavors and flavoring agents in liquid, emulsion, and dry mix forms for beverages, bakery, dairy, savory, and pharmaceutical products;"
TINNARUBR,Tinna Rubber and Infrastructure Limited,,Basic Materials,Specialty Chemicals,1854.0,4.4,,"Tinna Rubber and Infrastructure Limited manufactures and supplies rubber products in India and internationally. It offers recycled rubber materials, including crumb, micronized, and coated rubber powders, as well as high tensile reclaim rubber and crumb rubber modifier; bitumen products, such as crumb rubber modified bitumen, polymer modified bitumen, and bitumen emulsion; and steel materials comp"
OAL,Oriental Aromatics Limited,,Basic Materials,Specialty Chemicals,1847.0,4.12,,"Oriental Aromatics Limited, together with its subsidiaries, manufactures and sells fragrances, flavours, specialty aroma ingredients, and camphor and terpene chemicals in India. The company offers flavours and fragrances for use in beverages, oral hygiene, sweets, instant foods, dairy products, incense sticks, fine fragrances, personal care, and home care; specialty aroma ingredient for fragrance"
PAUSHAKLTD,Paushak Limited,,Basic Materials,Specialty Chemicals,1739.0,2.41,,"Paushak Limited manufactures and sells specialty chemicals and intermediates in India and internationally. It offers chloroformates, isocyanates, chlorides, carbonate/carbamate, and custom synthesis and CDMO solutions. The company servers its products to pharmaceuticals, agrochemicals, and performance chemicals, and custom synthesis industries. Paushak Limited was founded in 1968 and is based in V"
JAICORPLTD,Jai Corp Limited,,Basic Materials,Specialty Chemicals,1668.0,2.44,,"Jai Corp Limited primarily engages in the plastic processing business in India and internationally. The company operates through five segments: Steel, Plastic Processing, Spinning, Other Investments/Assets, and Real Estate. It offers polypropylene and polyethylene woven products, including discharge, filling, lift loop, liner, and stites type flexible intermediate bulk containers and woven sacks;"
SHREEPUSHK,Shree Pushkar Chemicals & Fertilisers Limited,,Basic Materials,Specialty Chemicals,1660.0,6.03,,"Shree Pushkar Chemicals & Fertilisers Limited, together with its subsidiaries, manufactures and trades in chemicals, dyes and dyes intermediate, cattle feeds, fertilizers, and soil conditioners in India. The company offers reactive dyes under the DYECOL name; dye intermediates, including H acid, vinyl sulphone, sulpho para base, K acid, and gamma acid; and water-soluble fertilizer, such as single"
BHAGERIA,Bhageria Industries Limited,,Basic Materials,Specialty Chemicals,1577.0,4.34,,"Bhageria Industries Limited, together with its subsidiaries, manufactures and trades specialty dyes and dye intermediates in India and internationally. It operates through Chemicals, Solar Power, Pharma, and Others segments. The company offers organic and inorganic chemicals, such as pigment and pigment intermediates, dyestuffs, h-acid, gamma acid, and vinyl sulphone. It also generates and distrib"
MANALIPETC,Manali Petrochemicals Limited,,Basic Materials,Specialty Chemicals,1491.0,19.15,,"Manali Petrochemicals Limited manufactures and sells petrochemical products in India, the European Union and United Kingdom, and internationally. The company provides propylene glycol, polyether polyol, Polyester Polyols, and related products; and flexible slabstock, flexible cold cure, rigid, and elastomers used for various applications in automobile, refrigeration and temperature control, adhesi"
AVTNPL,AVT Natural Products Limited,,Basic Materials,Specialty Chemicals,1371.0,1.62,,"AVT Natural Products Limited engages in the production, trading, and distribution of oleoresins, spices extract, and value-added tea and animal nutritional products in India, Europe, the United States, and internationally. The company offers marigold extracts for eye care, food coloring, and poultry pigmentation; spice oleoresin and oils for food coloring and flavoring; value added teas, such as d"
ULTRAMAR,Ultramarine & Pigments Limited,,Basic Materials,Specialty Chemicals,1270.0,2.24,,"Ultramarine & Pigments Limited engages in the manufacture and sale of pigments and surfactants in India. It operates through Chemicals and Allied Products, IT Enabled Services, and Wind Turbine Generator segments. The company offers pigments, such as ultramarine blue, violet, and pink; and bismuth vanadate; surfactants that include alpha olefin sulphonate, linear alkyl benzene, sulphonic acid LABS"
EXCELINDUS,Excel Industries Limited,,Basic Materials,Specialty Chemicals,1199.0,1.06,,"Excel Industries Limited manufactures and sells speciality chemicals, intermediates, and actives in India and internationally. The company offers o,o-diethylthiophosphoryl chloride; phosphorus pentasulphide; 0,0-diethyldithiophosphoric acid; thiophosphoryl chloride; phosphorus trichloride; 3,5,6  trichloropyridin-2-ol sodium; o,o-dimethyl amidothiophosphate; and dimethyl thiophosphoryl chloride."
TNPETRO,Tamilnadu PetroProducts Limited,,Basic Materials,Specialty Chemicals,1173.0,12.48,,"Tamilnadu Petroproducts Limited, together with its subsidiaries, manufactures and sells petrochemical products in India. It offers linear alkyl benzene used to manufacture domestic detergents, institutional, and industrial cleaners under the SUPERLAB brand; caustic soda for use in textile, pulp and paper, aluminum, and other industries for general purpose; and chlorine, a co-product of caustic sod"
PLATIND,Platinum Industries Limited,,Basic Materials,Specialty Chemicals,1159.0,1.56,,"Platinum Industries Limited engages in the manufacture and sale of poly vinyl chloride (PVC) stabilizers, chlorinated polyvinyl chloride (CPVC), lubricants, stearates, and speciality chemicals in India and internationally. The company offers lead based and non-lead-based stabilisers; CPVC additives; and metallic soaps, such as calcium, zinc, barium, and aluminium stearates. It also provides CPVC c"
GANESHBE,Ganesh Benzoplast Limited,,Basic Materials,Specialty Chemicals,906.0,1.66,,"Ganesh Benzoplast Limited engages in the manufactures and sells specialty chemicals, food preservatives, and industrial lubricants in India and internationally. It operates through two segments, Liquid Storage Tanks and Chemical. The company provides liquid storage tanks; engineering procurement and construction services; rail logistic services; storage and handling solutions; and transportation f"
PREMIERPOL,Premier Polyfilm Limited,,Basic Materials,Specialty Chemicals,831.0,2.19,,"Premier Polyfilm Ltd. engages in the manufacture and sale of vinyl flooring, sheeting, and artificial leather cloths in India. The company offers PVC flooring products, such as marbled flooring for heavy duty commercial application, safety flooring for buses and train, antistatic and ESD flooring, embossed/antiskid flooring for heavy duty commercial application, and insulation mats for electric pu"
KRONOX,Kronox Lab Sciences Limited,,Basic Materials,Specialty Chemicals,655.0,1.58,,"Kronox Lab Sciences Limited manufactures and sells fine chemicals, inorganic chemicals, phosphates, and metallic chemicals in India and internationally. The company provides bulk reagents comprising ACS reagents, as well as LR, AR, and GR reagents; bulk ingredients that includes oral care, pharmacopoeia, food and nutraceutical, personal care and cosmetics, and veterinary pharma and animal health;"
AGARIND,Agarwal Industrial Corporation Limited,,Basic Materials,Specialty Chemicals,611.0,1.86,,"Agarwal Industrial Corporation Limited manufactures and trades in petrochemicals in India and internationally. It operates through five segments: Ancillary Infra - Bitumen & Allied Products, Petroleum Vessels Operating and Chartering, Petroleum Products, Logistics, and Windmill. The company provides various bituminous products, including viscosity grade bitumen and industrial grade bitumen; paving"
LMW,LMW Limited,,Industrials,Specialty Industrial Machinery,18495.0,8.46,,"LMW Limited, together with its subsidiaries, manufactures and sells textile spinning machinery in India and internationally. The company operates through three segments: Textile Machinery Division, Machine Tool/Foundry Division, and Advanced Technology Centre. The Textile Machinery Division segment designs and manufactures textile spinning machinery. The Machine Tool/Foundry Division produces high"
INGERRAND,Ingersoll Rand (India) Limited,,Industrials,Specialty Industrial Machinery,13279.0,9.42,,Ingersoll-Rand (India) Limited manufactures and sells industrial air compressors and related services in India. The company offers heatless desiccant dryer; heat of compression dryers; high pressure air compressors; small and large reciprocating air-cooled and water-cooled; contact cooled rotary screw and oil free rotary screw; engine driven and centrifugal compressors; and cycling and non-cycling
SETL,Standard Engineering Technology Limited,,Industrials,Specialty Industrial Machinery,8152.0,45.32,,"Standard Engineering Technology Limited operates as an engineering equipment manufacturer in India and internationally. It operates through three segments: Glass Line Equipment; Metal Equipment and Pumps; and PTFE Lined Equipment. The company offers glass-lined reactors, receivers, rotary cone vacuum dryers, heat exchangers, storage tanks, valves, pipework, flanges, and fittings; and accessories,"
VESUVIUS,Vesuvius India Limited,,Industrials,Specialty Industrial Machinery,8073.0,2.79,,"Vesuvius India Limited manufactures and sells refractory products and services in India. The company offers engineered consumable ceramic products, systems, and robotics; molten metal handling solution; and foundry, aimed at improving casting quality and operation. It serves steel, cement, refineries, hydrocarbon processing, and aluminum industries. It also exports its products. Vesuvius India Lim"
RAYMOND,Raymond Limited,,Industrials,Specialty Industrial Machinery,7220.0,228.39,,"Raymond Limited engages in the engineering businesses in India. It operates through Precision technology and auto component; Aerospace and defence; and Others segments. The company also engages non-scheduled airline operations. In addition, it manufactures and distributes steel files, cutting tools, hand tools, power tool accessories, and machines; and precision components, such as ring gears, fle"
POWERICA,Powerica Limited,,Industrials,Specialty Industrial Machinery,7189.0,6.39,,"Powerica Limited manufactures, supplies, installs, and services diesel generator sets in India. It operates through Generator Set Business and Wind Power segments. The company manufactures and trades in generating sets and components and erection, as well as provision of installation, commissioning, operation, maintenance, and other services relating to generating sets. It also generates electrici"
OMNI,Omnitech Engineering Limited,,Industrials,Specialty Industrial Machinery,6818.0,29.59,,"Omnitech Engineering Limited engages in the manufacturing and supply of engineered components and assemblies worldwide. The company offers drilling, exploration, and refining products for upstream, midstream, and downstream applications, as well as braking systems, drive systems, and pumping units for renewable energy, electricity generation, and power production. It also provides actuator systems"
ISGEC,Isgec Heavy Engineering Limited,,Industrials,Specialty Industrial Machinery,6271.0,3.1,Industrial Machinery,"Isgec Heavy Engineering Limited provides engineering solutions worldwide. It operates in two segments, Manufacturing of Machinery & Equipment; and Industrial Projects. The company provides process plant equipment, including reactors, high pressure vessels, shell and tube heat exchangers, columns and towers, and high pressure boiler drums; boilers, such as solid and biomass fuels, bagasse and bioma"
LCL,Lohia Corp Limited,,Industrials,Specialty Industrial Machinery,5920.0,21.15,,"Lohia Corp Limited engages in manufacture and sale of machinery and equipment for technical textiles in Latin America, Africa, East Asia and the Middle East. It offers a suite of machinery, such as tape extrusion lines, circular loom, coating and lamination lines, printing machines, conversion machines, multifilament yarn machines, twister winders, monofilament extrusion lines and recycling machin"
SHANTIGEAR,Shanthi Gears Limited,,Industrials,Specialty Industrial Machinery,5305.0,14.78,,"Shanthi Gears Limited designs, manufactures, supplies, and services gears and gear boxes in India, the United States, Europe, and internationally. The company provides helical and bevel helical, worm, extruder, and cooling tower gear boxes, planetary gear boxes, as well as geared motors. It also offers gears and pinions; special gearboxes; and iron, grey iron castings, phosphor bronze, aluminum br"
JASH,Jash Engineering Limited,,Industrials,Specialty Industrial Machinery,3623.0,5.41,,"Jash Engineering Limited manufactures, trades in, and sells various engineering products for general engineering, water and wastewater, power plant, and bulk solids handling industries in India and internationally. The company offers water control gates, such as slide/penstock, open channel, weir, and flap gates, as well as stop logs; heavy fabricated gates, including bulkhead, rollers, crest, but"
HLEGLAS,HLE Glascoat Limited,,Industrials,Specialty Industrial Machinery,3259.0,9.44,,"HLE Glascoat Limited manufactures and sells carbon steel glass lined equipment in India and internationally. It operates through Filtration, Drying and Other Equipment; Glass Lined Equipment; and Heat Transfer Equipment segments. The Filtration, Drying and Other Equipment segment offers agitated nutsche filter-dryers, rotary vacuum paddle dryers, kilo-lab filter dryers, rapid disc dryer-coolers, o"
WINDMACHIN,Windsor Machines Limited,,Industrials,Specialty Industrial Machinery,3061.0,1.33,,"Windsor Machines Limited engages in the manufacture and sale of plastic processing machinery in India and internationally. It operates through the Injection Moulding Machine, Pipe Extrusion, and and Blown Film segment. The company offers injection molding machines that are used for various applications, including households, thermoware, furniture, healthcare, white goods, electrical and electronic"
ADOR,Ador Welding Limited,,Industrials,Specialty Industrial Machinery,2743.0,5.29,,"Ador Welding Limited manufactures and supplies welding equipment, consumables, and automation solutions in India and internationally. The company operates in two segments, Welding, and Flares & Process Equipment. It provides welding electrodes, including C-Mn steel, low alloy and stainless steel, cellulosic, hardfacing, gouging and cutting, cast iron, and nickel and nickel alloys; and wires and fl"
KABRAEXTRU,Kabra Extrusion Technik Limited,,Industrials,Specialty Industrial Machinery,2365.0,16.21,,"Kabra Extrusiontechnik Limited manufacturers, sells, and exports plastic extrusion machineries for the manufacture of pipes and films, and lithium-ion battery packs for electric mobility and energy storage application in India. It operates through two segments: Extrusion Machinery and Battery. The company offers pipe extrusion lines, such as twin-screw PVC pipe extrusion and PE pipe extrusion line"
PIXTRANS,Pix Transmissions Limited,,Industrials,Specialty Industrial Machinery,2358.0,2.16,,"PIX Transmissions Limited, together with its subsidiaries, manufactures and sells belts and related mechanical power transmission products in India and internationally. It offers ribbed/poly-V, timing/synchronous, banded, automotive, industrial, special, agriculture, lawn and garden, and V-belts; and PowerWare products, such as dual duty V-pulleys, couplings, bespokes, and tensioners and idler pul"
THEJO,Thejo Engineering Limited,,Industrials,Specialty Industrial Machinery,2323.0,1.27,,"Thejo Engineering Limited designs, develops, manufactures, and supplies rubber and polyurethane based engineering products for bulk material handling systems, mineral processing, and corrosion protection applications in India and internationally. It operates through three segments: Manufacturing Units, Service Units, and Others. The company provides conveyor care products, including belt conveyor"
PENIND,Pennar Industries Limited,,Industrials,Specialty Industrial Machinery,2309.0,6.49,,"Pennar Industries Limited operates as an engineering company in India and internationally. The company offers pre-engineered buildings; process heat and industrial power boilers; and precision tubes, such as electric resistance welding, CWE/DOM/CEW, bicycle frame, steel, engineering, boiler, heat exchanger, propeller shaft, transformer, fuel and air, furniture, structural, telescopic front fork, a"
JNKINDIA,JNK India Limited,,Industrials,Specialty Industrial Machinery,2289.0,3.97,,"JNK India Limited, a heating equipment company, engages in designing, engineering, manufacturing, fabricating, procurement, erection, supplying, installing, and commissioning of process-fired heaters, reformers, and cracking furnaces in India and internationally. It also offers waste gas handling systems, including flare systems and incinerators; and renewable energy systems, which include enginee"
ADVAIT,Advait Energy Transitions Limited,,Industrials,Specialty Industrial Machinery,2193.0,8.28,,"Advait Energy Transitions Limited provides products and solutions for power transmission, substation, and telecommunication infrastructure sectors in India and internationally. It operates through the Power Transimission Service, and New and Renewable Energy segments. The company manufactures and supplies stringing tools, optical ground wires (OPGW), optical fibre ground cables, aluminum clad stee"
MACPOWER,Macpower CNC Machines Limited,,Industrials,Specialty Industrial Machinery,1956.0,9.66,,"Macpower CNC Machines Limited manufactures and sells computer numerical control (CNC) metal cutting machines in India. It offers CNC turning centers for the bearing, valve, pump, tool room, automobile, process plant components, agriculture, textile, and piping industries; and vertical machining centers (VMCs) for tool rooms, die and moulds, automobile, pattern, defence, power, and railways. The co"
DIFFNKG,Diffusion Engineers Limited,,Industrials,Specialty Industrial Machinery,1649.0,6.7,,"Diffusion Engineers Limited manufactures and sells welding consumables, wear plates and parts, and heavy engineering equipment for various industries in India and internationally. The company provides specialized and customized repairs and reconditioning services for heavy machinery and equipment. It also trades in anti-wear powders, welding, and cutting machinery. The company was incorporated in"
KRISHNADEF,Krishna Defence And Allied Industries Limited,,Industrials,Specialty Industrial Machinery,1549.0,7.26,,"Krishna Defence and Allied Industries Limited engages in the designing, developing, and manufacturing range of equipment for defence, security, dairy, and kitchen verticals in India. The company offers ship building steel sections, welding wire, ballast bricks, composite doors, and special profile for armored vehicle; and security equipment, such as space heating devices, improvised explosive devi"
YUKEN,Yuken India Limited,,Industrials,Specialty Industrial Machinery,1529.0,2.09,,"Yuken India Limited, together with its subsidiaries, engages in the manufacture and sale of oil hydraulic equipment in India and internationally. The company offers pumps, such as piston, vane, and gear pumps; chip compacting machines; customized and hydraulic cylinders; accumulators; and hydraulic and compact power units; flanges, accessories, and ASR and ASE pumps; and pressure, flow, directiona"
GALAPREC,Gala Precision Engineering Limited,,Industrials,Specialty Industrial Machinery,1336.0,2.81,,"Gala Precision Engineering Limited manufactures and sells precision components in India and internationally. The company offers technical springs that include disc springs, spring packs, coil springs, spiral springs, and strip springs and high tensile fasteners, such as threaded rods, studs, foundation anchor bolts, hexagonal bolts, flange bolts, allen bolts, cup bolts, hexagonal nuts, flange nuts"
ROTO,Roto Pumps Limited,,Industrials,Specialty Industrial Machinery,1185.0,1.66,Engines & Pumps,"Roto Pumps Limited, together with its subsidiaries, engages in the manufacture and sale of pumps and spare parts in India. It offers progressive cavity pumps; P range progressive cavity pumps; roto artificial lift-downhole progressive cavity pumps; twin screw pumps; retrofit spare parts, such as rotors, stators, and other parts; roto mining station; wear compensation stator; and gear pumps. The co"
EKC,Everest Kanto Cylinder Limited,,Industrials,Specialty Industrial Machinery,1123.0,1.12,,"Everest Kanto Cylinder Limited, together with its subsidiaries, manufactures and sells gas cylinders in India. The company offers compressed natural gas (CNG) steel, industrial gas, fire extinguisher, fire suppression system, medical application, hydrogen, breathing air, aluminum, jumbo, and type-4 composite cylinders. It also provides equipment, appliances, and tanks, as well as parts and accesso"
JYOTISTRUC,Jyoti Structures Limited,,Industrials,Specialty Industrial Machinery,1084.0,4.74,,"Jyoti Structures Limited manufactures and sells transmission line towers, substation structures, tall antenna towers, and masts in India and internationally. It is involved in turnkey/ engineering procurement construction projects that include the survey, design, foundation, fabrication, erection, and stringing activities of high voltage transmission lines; procurement of bought out items; supply"
MAMATA,Mamata Machinery Limited,,Industrials,Specialty Industrial Machinery,995.0,1.58,,"Mamata Machinery Limited engages in the bag and pouch making system business in India, North America, and internationally. The company offers bag and pouch making machines, such as side and bottom seal bag makers, universal machines, servo wicketers, centre seal and three-side seal pouch makers; stand-up zipper and in-line spout pouch makers; and vega plus and flat bottom pouch making systems. It"
KECL,Kirloskar Electric Company Limited,,Industrials,Specialty Industrial Machinery,787.0,1.25,,"Kirloskar Electric Company Limited engages in the manufacturing and sale of various electrical equipment in India and internationally. The company operates through Power Generation and Distribution Group, Rotating Machines Group, and Others segments. Its products include AC high and low voltage motors; AC generators; DC motors; DG sets; electronics, such as AC and DC drives, battery chargers, and"
LOKESHMACH,Lokesh Machines Limited,,Industrials,Specialty Industrial Machinery,733.0,1.13,,"Lokesh Machines Limited manufactures and sells machine tools in India. The company operates through the Machines Division and Component Division segments. It offers CNC machines, including CNC turning centers, vertical and horizontal machining centers, drill and tap centers, turn mill centers, and vertical turning lathes. The company also provides special purpose machines, such as milling, drillin"
HTEL,Hy-Tech Engineers Limited,,Industrials,Specialty Industrial Machinery,688.0,20.86,,"Hy-Tech Engineers Limited designs, manufactures, and supplies hydraulic fittings to various industrial applications in India and internationally. The company provides DIN-metric, JIC flared and flareless, O-Ring Face Seal, and conversion fittings, as well as fittings customized to customer specifications. It serves various applications needs in construction machinery, automotive, agricultural mach"
KLBRENG-B,Kilburn Engineering Limited,,Industrials,Specialty Industrial Machinery,,13.52,,"Kilburn Engineering Limited designs, manufactures, supplies, installs, and commissions customized process equipment for various applications in India and internationally. The company offers industrial drying systems, including rotary, flash, spray, band, tea, paddy, sugar, coconut, conveyorized, paddle, sludge, and vacuum paddle dryers, as well as fluid bed, paddle, vibrating fluid bed dryers and"
WPIL,WPIL Limited,,Industrials,Specialty Industrial Machinery,,1.34,Engines & Pumps,"WPIL Limited, together with its subsidiaries, designs, develops, manufactures, erects, commissions, and services pumps and pumping systems in India and internationally. It offers mixed and axial flow, as well as turbine; split case, multistage, end suction, and non clog; deepwell, drainage, sewage, and dewatering; concrete and metallic volutes, as well as pump turbine; vertical, horizontal, and sy"
TEAMLEASE,Teamlease Services Limited,,Industrials,Staffing & Employment Services,1860.0,1.8,,"TeamLease Services Limited engages in the provision of human resource services in India and internationally. The company provides temporary and permanent staffing, consulting, IT infrastructure management, offshore development and testing centre, information technology, ITES/BPO/call center/KPO/RPO, and medical transcription; IT telecom recruitment, consulting and training, NOC and global NOC, tel"
KIOCL,KIOCL Limited,,Basic Materials,Steel,20724.0,2.61,,"KIOCL Limited engages in the iron ore mining, beneficiation, and production of pellets in India. The company operates through two segments, Pellet and Pig Iron. It produces and sells iron ore pellets, pig iron, and iron ore fines. The company also provides operation and maintenance services, as well as mineral exploration services. It serves steel and metallurgy, automotive and transportation, min"
VISL,Vedanta Iron and Steel Limited,,Basic Materials,Steel,11997.0,69.59,,"Vedanta Iron and Steel Limited engages in the exploration, mining, and processing of iron ore in India and West Africa. It offers iron ores, TMT bars, ductile iron pipes, wire rods, steel billets, metallurgical coke, pig iron, and cement. The company was founded in 1954 and is based in Panjim, India. Vedanta Iron and Steel Limited operates as a subsidiary of Vedanta Resources Limited."
MANINDS,Man Industries (India) Limited,,Basic Materials,Steel,6449.0,63.47,,"Man Industries (India) Limited manufactures, processes, sells, and trades in submerged arc-welded pipes and steel products in India. The company offers longitudinal submerged arc-welded (LSAW) and helically submerged arc-welded (HSAW) line pipes, external coatings and internal linings, electro resistance-welded (ERW) pipes, and hot induction bends (HIB) pipes. It serves customers in the oil, gas,"
SUNFLAG,Sunflag Iron And Steel Company Limited,,Basic Materials,Steel,6359.0,4.5,,"Sunflag Iron and Steel Company Limited manufactures and sells steel rolled products in India and internationally. The company offers super alloys, tool steels, SSR 550, spring steels, free cutting steels, forging steels, forging ingots, microalloyed steels, engine value steels, cold forging steels, and bearing steels. It also provides flat steel, round bars and coils, rolled bars and wires, round"
GOODLUCK,Goodluck India Limited,,Basic Materials,Steel,5224.0,30.49,,"Goodluck India Limited manufactures and supplies precision engineering and steel products in India. The company provides electric resistance welded and cold drawn welded tubes, custom forgings, power and telecom towers, solar structures, ERW hot dip galvanized pipes, black pipes, black and GI hollow sections, cold formed profile, road safety products, galvanized plain, corrugated sheets, CR coils,"
BANSALWIRE,Bansal Wire Industries Limited,,Basic Materials,Steel,4949.0,1.67,,"Bansal Wire Industries Limited manufactures and sells steel wires worldwide. The company offers cold heading, spring, welding, rope, fine, scrubber, and heat resisting wires, as well as wires for kitchen ware and utensils; low carbon steel wires, such as cable armouring, electro galvanized, and bright wires; and carbon steel wires, including spring steel wires and automotive control cables. It als"
VENUSPIPES,Venus Pipes & Tubes Limited,,Basic Materials,Steel,4622.0,32.79,,"Venus Pipes and Tubes Limited manufactures and sells stainless-steel pipes and tubes worldwide. The company offers stainless steel high precision and heat exchanger tubes; hydraulic and instrumentation tubes; seamless pipes; welded pipes; condenser tubes; and LSAW pipes, as well as fittings, including elbows, nipples, reducers, tees, end cap, and other products. It serves chemical, engineering, fe"
SAMBHV,Sambhv Steel Tubes Limited,,Basic Materials,Steel,4571.0,18.86,,"Sambhv Steel Tubes Limited manufactures and sells electric resistance welded steel pipes, structural tubes, and stainless-steel coils in India. The company provides mild steel hot-rolled coil, cold rolled coil, and galvanized coils; ERW steel tubes and pipes, including rectangular tubes, round tubes, and square tubes; cold rolled full hard pipes, comprising rectangular pipes, round pipes, and squa"
KSL,Kalyani Steels Limited,,Basic Materials,Steel,4133.0,10.52,,"Kalyani Steels Limited manufactures and sells iron and steel products in India and internationally. The company provides rolled bars for various automotive applications, including crankshaft, camshaft, connecting rods, gears, transmission shafts, axle beams, steering knuckles, and others. It also offers rolled bars for engineering applications comprising alloyed steels for use in energy, railways,"
VSSL,Vardhman Special Steels Limited,,Basic Materials,Steel,3972.0,4.83,,"Vardhman Special Steels Limited engages in the manufacture and sale of billets, steel bars, and bright bars of various categories of special and alloy steels in India and internationally. Its customers include passenger vehicles, two wheelers, commercial vehicles, tractors, off-highway vehicles,and railways, as well as engineering, bearing, and allied industries. The company was founded in 1973 an"
JTLIND,JTL INDUSTRIES LIMITED,,Basic Materials,Steel,3495.0,26.94,,"JTL Industries Limited manufactures and sells iron and steel products in India and internationally. It offers DFT structural steel pipes, galvanized steel tubes and pipes, solar module mounting structures, hollow steel section, solar mounting structures, steel tubular poles, and metal crash barriers. The company sells products under the TL Ultra, JTL Hulk, JTL Harvest, JTL Aqua, JTL Galv-Coat, JTL"
STEELCAS,Steelcast Limited,,Basic Materials,Steel,3213.0,2.41,,"Steelcast Limited manufactures and sells steel and alloy castings in India. The company offers adapter and tooth point, front axle spindle, axle housing, component for backhoe loader, track shoe, cross member, tilt lever, spindle, sprocket, steering case, lift arm, drive tube, saddle, and support; apron pan assembly, cutting edge, idler, rack and pinion, fork type corner tooth, box type tooth poin"
MAITHANALL,Maithan Alloys Limited,,Basic Materials,Steel,2906.0,7.54,,"Maithan Alloys Limited manufactures and exports ferro alloys. The company provides ferro manganese, silico manganese, and ferro silicon products. It is also involved in the generation and supply of wind power. In addition, the company offers manufacturing and trading of metals and/or minerals and real estate businesses; processing of powder and lump; generation of electricity; manufacturing of spe"
RATNAVEER,Ratnaveer Precision Engineering Limited,,Basic Materials,Steel,2808.0,184.07,,"Ratnaveer Precision Engineering Limited engages in the manufacture, export, and supply of stainless-steel products in India, Germany, Italy, Spain, France, the Netherlands, Poland, Sweden, the United Kingdom, the United States, and the United Arab Emirates. The company offers finished sheets, washers, solar roofing hooks, and pipes and tubes. Its products are used in various industries, including"
RAJRATAN,Rajratan Global Wire Limited,,Basic Materials,Steel,2299.0,4.96,,"Rajratan Global Wire Limited engages in manufacturing and sale of tyre bead wires in India, Thailand, the United States, and internationally. It also offers high carbon steel wires that are used in construction, engineering, and automobile industries. The company was incorporated in 1988 and is based in Indore, India."
ORISSAMINE,The Orissa Minerals Development Company Limited,,Basic Materials,Steel,2292.0,3.2,,"The Orissa Minerals Development Company Limited mines and markets iron ore and manganese ore in India. It produces and sells sponge iron. The company was incorporated in 1918 and is headquartered in Bhubaneswar, India. The Orissa Minerals Development Company Limited is a subsidiary of Eastern Investments Limited."
PRAKASH,Prakash Industries Limited,,Basic Materials,Steel,2151.0,4.32,,"Prakash Industries Limited manufactures and sells steel products in India. The company produces sponge iron; steel blooms and billets; ferro alloys; wire rods and HB wire products for use in binding wires, GI wires, fencing barbed wires, and armored sealed wires for heavy electrical cables, nut bolts, nails, screws, alpine products, wire ropes, wire mesh products, etc.; and TMT bars and structural"
MSPL,MSP Steel & Power Limited,,Basic Materials,Steel,1886.0,2.21,,"MSP Steel & Power Limited, together with its subsidiaries, manufactures and trades for the sale of iron and steel products in India and internationally. The company provides TMT bars, MS billets, sponge iron, and pellets; structural steel products, including beams, channels, angles, and round bars for industrial, infrastructural, engineering, domestic, and agricultural sectors; and value-added pro"
RSL,Rajputana Stainless Limited,,Basic Materials,Steel,1654.0,6.41,,"Rajputana Stainless Limited manufactures and markets long and flat stainless-steel products under the RSL brand name in India and internationally. The company offers billets, forging ingots, rolled black bars, rolled bright bars, flat and patti bars, square bars, hexagonal bars, wire rods, flat bars, round corner squares, cold drawn flat bars, precision shaft quality bars, continuous cast billets,"
HITECH,Hi-Tech Pipes Limited,,Basic Materials,Steel,1520.0,4.54,,"Hi-Tech Pipes Limited manufactures and sells steel in India. The company provides mild steel hollow section ERW steel pipes, mild steel round pipes, GI pipes, pre-galvanized steel pipes, crash barriers, cold rolled coils and strips, and coated coils and roofing sheets. It also offers hot rolled, pickled and oiled, cold rolled close annealed, cold rolled full hard, and BP sheets coil and strip prod"
RHETAN,Rhetan TMT Limited,,Basic Materials,Steel,1482.0,20.81,,"Rhetan TMT Limited engages in the manufacture and sale of thermo-mechanically treated (TMT) bars in India. The company offers TMT bars are used in building homes, multi-storeyed, bridges, flyovers, and other civil engineering structures, as well as construction industry; and round bars for use in engineering component, forging industry, foundation bolts, and shafting products. Rhetan TMT Limited w"
STEELXIND,STEEL EXCHANGE INDIA LIMITED,,Basic Materials,Steel,1431.0,4.75,,"Steel Exchange India Limited engages in the manufacture and sale of steel products under the SIMHADRI TMT brand name in India. It operates through three segments: Iron and Steel, Power, and Logistics. The company offers rebar and wires; billets and ingots; sponge iron and pig iron; steel scrap and structural; iron ore; and mill scale and other products. It also deals in various finished steel prod"
AEROENTER,Aeroflex Enterprises Limited,,Basic Materials,Steel,1385.0,13.53,,"Aeroflex Enterprises Limited, together with its subsidiaries, manufactures and sells stainless steel flow solutions in India and internationally. It operates through Flexible Packaging, Flexible Flow Solutions, Engineering Services, Financing, and Others segments. The company manufactures metallic flexible flow solutions; produces PP Woven Bags, HDPE Box Bags, Flexible Intermediate Bulk Containers"
MWL,Mangalam Worldwide Limited,,Basic Materials,Steel,1264.0,1.78,,"Mangalam Worldwide Limited manufactures and sells stainless steel billets and ingots in India and internationally. The company offers stainless steel billets, flat bars, and round bars. It also provides bright bars, seamless tubes, pipes, and ERW pipes. In addition, the company is involved in the dealing and trading of steel and other merchandise. Further, it provides continuous cast billets; squa"
KAMDHENU,Kamdhenu Limited,,Basic Materials,Steel,1197.0,3.14,,"Kamdhenu Limited engages in manufacturing, marketing, branding, and distribution of thermo mechanical treatment (TMT) bars, structural steel, and allied products under the Kamdhenu brand name in India. The company offers steel rebars, structural steel products, and colour coated profile sheets. It also provides a range of shapes and sizes, including angles, channels, beams, flats, and MS pipes. It"
SALSTEEL,S.A.L. Steel Limited,,Basic Materials,Steel,1191.0,4.15,,"S.A.L. Steel Limited manufactures and sells ferro alloys and sponge iron in India. The company offers low silicon and high carbon ferro chrome products for use in steelmaking. It also provides direct reduced iron for use as a substitute for scrap in induction and electric arc furnaces. The company was incorporated in 2003 and is based in Gurugram, India. S.A.L. Steel Limited operates as a subsidia"
BHARATWIRE,Bharat Wire Ropes Limited,,Basic Materials,Steel,1173.0,2.02,,"Bharat Wire Ropes Limited manufactures and sells steel wire ropes in India. It offers wire ropes; slings, including mechanically spliced slings, hand spliced slings, mechanically spliced, and socketed slings; galvanized steel wire strands, such as earth wires, stay wires, and structural strands; and galvanized and ungalvanized steel wires. The company's products are used in elevators, cranes, gene"
ELECTHERM,Electrotherm (India) Limited,,Basic Materials,Steel,1150.0,1.02,,"Electrotherm (India) Limited, an engineering and steel company, provides steel melting solutions worldwide. It operates through Engineering & Technologies, Special Steel, Electric Vehicle, and Others segments. The company designs and manufactures steel plants equipment, foundries, induction heating, and hardening equipment for heat treatment. It also engages in the manufacture of TMT bars and duct"
HARIOMPIPE,Hariom Pipe Industries Limited,,Basic Materials,Steel,1111.0,2.95,,"Hariom Pipe Industries Limited manufactures and sells iron and steel products in India. It offers mild steel pipes, tubes, and billets; hot and cold rolled square, rectangular, and circular pipes and tubes; hot dipped galvanized pipes; pre galvanized pipes; and cold rolled full hard, galvanized, hot rolled pickled and oiled, and cold rolled closed annealed slit coils. The company also provides sca"
SALASAR,Salasar Techno Engineering Limited,,Basic Materials,Steel,850.0,1.67,,"Salasar Techno Engineering Limited engages in the manufacture and sale of galvanized and non-galvanized steel structures in India and internationally. It operates in two segments, Steel Structure, and Engineering Procurement and Construction. The company's products include transmission structures, monopoles, solar structures, utility poles, smart poles, and heavy steel structures supported by inte"
SCODATUBES,Scoda Tubes Limited,,Basic Materials,Steel,775.0,1.91,,"Scoda Tubes Limited manufactures and sells stainless steel pipes and tubes in India and internationally. The company provides stainless steel seamless and welded pipes, tubes, and u tubes. The company serves food and beverage, automobile, chemical, oil and gas, construction, infrastructure, and automobile industries. Scoda Tubes Limited was incorporated in 2008 and is based in Mehsana, India."
BLEL,Behari Lal Engineering Limited,,Basic Materials,Steel,,47.89,,"Behari Lal Engineering Limited engages in the manufacturing and trading of iron and steel products in India. The company manufactures metal rolls for rolling mills across various grades including alloy cast steel rolls, alloy steel base adamite rolls, graphitic steel rolls, S. G. Iron Pearlitic Rolls, S. G. Iron Bainitic/Accicular Rolls, alloyed indefinite chill rolls, and forged rolls used in rol"
WELSPLSOL,Welspun Specialty Solutions Limited,,Basic Materials,Steel,,4.25,,"Welspun Specialty Solutions Limited manufactures and sells steel and steel products in India and internationally. The company offers alloy, stainless, and Ni-alloy steel products; cast blooms and ingots; round bars and corner squares; peeled and polished bright bars; and heat treated products, such as annealed, spheroidised annealed, normalized, and soft annealed. It also provides billets, black b"
STLNETWORK,STL Networks Limited,,Communication Services,Telecom Services,2202.0,6.14,,"STL Networks Limited operates as a digital infrastructure and information technology (IT) services company under the Invenia brand in India and the United Kingdom. The company offers cloud services comprising cloud design and consultancy, cloud infrastructure, cloud transformation and migration, and cloud native enablement services; cybersecurity services consisting of cybersecurity consulting, se"
MTNL,Mahanagar Telephone Nigam Limited,,Communication Services,Telecom Services,1490.0,1.4,,"Mahanagar Telephone Nigam Limited, together with its subsidiaries, provides telecommunication services in India. The company operates through two segments, Basic and Other Services, and Cellular Services. It offers mobile, voice, roaming, and internet services; and international long distance services. The company also provides remote monitoring; capacity building and skill development programme;"
SUYOG,Suyog Telematics Limited,,Communication Services,Telecom Services,760.0,1.41,,"Suyog Telematics Limited provides passive telecommunication infrastructure services in India. The company offers infrastructure solutions, including ground-based towers, rooftop towers, COW towers, GBM towers, camouflage towers, telecom poles, high-power small cells, optical fiber network, government site infrastructure, CCTV pole sites, and power infrastructure. It also provides telecommunication"
GARFIBRES,Garware Technical Fibres Limited,,Consumer Cyclical,Textile Manufacturing,7816.0,3.55,,"Garware Technical Fibres Limited manufactures and sells various technical textile products in India and internationally. It provides smolt and grow out cages, predator cages, mooring and vertical ropes, and lice shield solutions; bottom and pelagic trawling, purse seine, gill and dol netting, and crab/lobster netting, as well as trawling products; and insect, anti-hail, anti-bird, grape, crop supp"
JINDWORLD,Jindal Worldwide Limited,,Consumer Cyclical,Textile Manufacturing,4994.0,54.88,,"Jindal Worldwide Limited, together with its subsidiaries, manufactures and sells textile products in India and internationally. It operates through Textiles and Electric Vehicles segments. The company offers denim products, bottom weight fabrics, shirting fabrics, yarn dyed fabrics, and bed sheets, as well as home textile products. It also engages in the production of electric two-wheelers; provis"
FILATEX,Filatex India Limited,,Consumer Cyclical,Textile Manufacturing,4538.0,13.69,,"Filatex India Limited manufactures, sells, and trades polyester filament yarn, and synthetic yarn and textiles in India and internationally. The company offers polyethylene terephthalate, polyester yarn such as partially oriented yarn and fully drawn yarn; partially oriented yarn, including shirting and suiting, sarees and ladies dress wear, and raw materials used to manufacture DTY; and fully dra"
SANATHAN,Sanathan Textiles Limited,,Consumer Cyclical,Textile Manufacturing,4051.0,2.65,,"Sanathan Textiles Limited, together with its subsidiaries, manufactures and sells yarn in India and internationally. The company offers polyester filament yarn products, such as partially oriented, draw textured, air-textured, fully drawn, twisted, recycled, and melange; cotton yarn products, including cotton carded, cotton combed compact, and other variants; and yarns for technical textiles, such"
NITINSPIN,Nitin Spinners Limited,,Consumer Cyclical,Textile Manufacturing,3434.0,6.8,,"Nitin Spinners Limited manufactures and sells cotton and blended yarns, knitted fabrics, and finished woven fabrics in India and internationally. The company offers yarn products comprising cotton and poly/cotton blended, ring spun combed and carded, open end, compact, slub, core spun, multifold, twist, gassed, contamination free, and dye-able cheese/cones yarns, as well as yarn products made from"
MAYURUNIQ,Mayur Uniquoters Ltd,,Consumer Cyclical,Textile Manufacturing,3264.0,6.83,,"Mayur Uniquoters Limited engages in the manufacture and sale of coated textile fabrics in India, the United States, South Africa, and internationally. Its products include artificial leather, PU/PVC synthetic leather, and other products. The company's products are used in footwear, furnishings, automotive OEM, automotive replacement, and automotive exports markets. Mayur Uniquoters Limited was inc"
SANGAMIND,Sangam (India) Limited,,Consumer Cyclical,Textile Manufacturing,2854.0,1.1,,"Sangam (India) Limited operates as an integrated textile company in India. The company offers polyester, viscose dyed, blended yarn, cotton yarn, pure cotton, PV lycra, and polyester woolen; denim fabric, such as basic, twills, broken, satins, denim shirting, fancy and regular dobby, ecru, RFD, and stretch and non-stretch categories; and seamless garments, including inner wear, active wear and cas"
INDORAMA,Indo Rama Synthetics (India) Limited,,Consumer Cyclical,Textile Manufacturing,2782.0,12.07,,"Indo Rama Synthetics (India) Limited manufactures and trades in polyester products in India, Turkey, Nepal, Mexico, and internationally. It provides various polyester products, including polyester staple fiber, partially oriented yarn, polyester filament yarn, draw texturized yarn, fully drawn yarn, and polyester chips. The company is also involved in the trading of spun yarn and operations of con"
GANECOS,Ganesha Ecosphere Limited,,Consumer Cyclical,Textile Manufacturing,2696.0,6.31,,"Ganesha Ecosphere Limited manufactures and sells recycled polyester staple fiber in India. The company offers recycled PET (rPET) fibre comprising solid, hollow, conjugated, flame retardant, short-cut, micro, and trilobal fibers. It also provides yarns; rPET flakes; and rPET chips for bottle grade and textile/sheet grade. In addition, the company offers fiber filling, non-wovens, spun yarn and dye"
SPORTKING,Sportking India Limited,,Consumer Cyclical,Textile Manufacturing,2633.0,6.19,,"Sportking India Limited manufactures, purchases, and sells textile yarns in India and internationally. It offers cotton, polyester/cotton blended, fancy, dyed, grey, and acrylic and acrylic/polyester blended yarns, as well as knitted fabrics. The company also engages in the yarns and fibers dyeing and processing business. In addition, it produces T-shirts, shirts, sweatshirts, sweaters, jackets, j"
SIYSIL,Siyaram Silk Mills Limited,,Consumer Cyclical,Textile Manufacturing,2405.0,1.85,,"Siyaram Silk Mills Limited manufactures, brands, and markets fabrics, readymade garments, and indigo dyed yarn in India and internationally. The company offers fabrics, including polyester viscose, polyester viscose blend, polyester viscose lycra, polyester cotton, polyester wool lycra, wool linen, cotton, cotton linen, polyester viscose linen, polyester rayon, polyester wool, wool lycra, wool, li"
BOMDYEING,Bombay Dyeing & Mfg Company Limited,,Consumer Cyclical,Textile Manufacturing,2272.0,5.25,,"The Bombay Dyeing and Manufacturing Company Limited manufactures and sells polyester staple fibre products in India and internationally. The company operates through three segments: Real Estate, Polyester, and Retail/Textile. It offers polyester staple fibre and specialty products, including micro, optical white, dope dyed black, trilobal, hollow, spun lace, and high tenacity fibers, as well as te"
AYMSYNTEX,AYM Syntex Limited,,Consumer Cyclical,Textile Manufacturing,1695.0,2.69,,"AYM Syntex Limited manufactures and sells polyester filament yarn, nylon filament, and bulk continuous filament yarns for the textile and floor-covering industries in India, Australia, the European Union, New Zealand, the United Kingdom, the United States, and internationally. The company also offers sewing threads and industrial yarns. Its products are used in various applications, including resi"
CENTENKA,Century Enka Limited,,Consumer Cyclical,Textile Manufacturing,1250.0,2.57,,"Century Enka Limited produces and sells synthetic yarns and related products in India and internationally. The company provides nylon filament yarns, such as monofilament, mother, multifilament, and tow yarns; and fully drawn, partially and high oriented, drawn textured, and air textured yarns, draw winder, and jumbo beam yarns. It also offers nylon tyre cord fabrics, including yarn, greige fabric"
GHCLTEXTIL,GHCL Textiles Limited,,Consumer Cyclical,Textile Manufacturing,1238.0,6.79,,"GHCL Textiles Limited engages in the production and sale of yarn in India and internationally. It offers open end, ring spun cotton, TFO, vortex, synthetic and synthetic blend ring spun yarn products. The company was founded in 1927 and is headquartered in Noida, India."
AMBIKCO,Ambika Cotton Mills Limited,,Consumer Cyclical,Textile Manufacturing,927.0,1.4,,"Ambika Cotton Mills Limited engages in the manufacturing and sale of cotton yarns, waste cotton, and knitted fabrics in India, Europe, Africa, North America, and other Asian countries. It operates windmills with an installed capacity of 27.4 MW in Tirunelveli, Dharapuram, and Theni in the State of Tamil Nadu; and roof top solar power with installed capacity of 8.33 MW in Kanniyapuram and Dindigul"
HIMATSEIDE,Himatsingka Seide Limited,,Consumer Cyclical,Textile Manufacturing,789.0,2.4,,"Himatsingka Seide Limited designs, develops, manufactures, distributes, and retails textile products in North America, India, the Asia Pacific, Europe, the Middle East, Africa, and internationally. The company offers bedding, bath, sheeting, terry towel, yarn and fiber, and drapery and upholstery solutions; and apparel solutions. It offers its products under the Disney, Himeya, Pixar, Marvel, Star"
SWARAJ,Swaraj Suiting Limited,,Consumer Cyclical,Textile Manufacturing,757.0,2.82,,"Swaraj Suiting Limited manufacturing ecosystem spans cotton processing, spinning, weaving, yarn dyeing, denim, synthetic, and cotton fabrics. It also engages in the trade of yarn, dyes, grey, and finished fabric, as well as weaving on a job work basis. The company was incorporated in 2003 and is based in Bhilwara, India."
SUMEETINDS,Sumeet Industries Limited,,Consumer Cyclical,Textile Manufacturing,697.0,1.61,,"Sumeet Industries Limited manufactures and sells polyester chips and polyester yarns in India. The company provides pet chips, polyester and textile grade chips, as well as partially oriented, fully drawn, polyester texturized, microfilament, carpet, and dope-dyed black yarns. It exports its products to Egypt, Saudi Arabia, China, Argentina, Poland, Portugal, Morocco, Columbia, Bangladesh, Russia,"
MANOMAY,Manomay Tex India Limited,,Consumer Cyclical,Textile Manufacturing,406.0,3.37,,"Manomay Tex India Limited manufactures and sells denims and denim fabrics in India and internationally. It also offers cotton yarn/textured yarn. The company exports its products to Colombia, Mexico, Egypt, Chile, Venezuela, Paraguay, Guatemala, Peru, Ecuador, Lebanon, Bangladesh, Argentina, Bolivia, Morocco, the United States, and Zimbabwe. Manomay Tex India Limited was founded in 1978 and is bas"
THOMASCOTT,Thomas Scott (India) Limited,,Consumer Cyclical,Textile Manufacturing,352.0,1.05,,"Thomas Scott (India) Limited manufactures and trades in textile and textile related products in India. The company offers men's formal and casual wear, as well as semi-formal wear, such as business casual shirts. It sells its products under the Hammersmith, Bang & Scott, Italian Gold, and Thomas Scott brand names. The company was incorporated in 2010 and is based in Mumbai, India."
AASTHA,Aastha Spintex Limited,,Consumer Cyclical,Textile Manufacturing,,2.53,,"Aastha Spintex Limited manufactures and trades in cotton yarns and bales for knitting and weaving applications in India. The company offers carded, FLAT, combed, and compact combed cotton yarns; and cotton waste by-products, such as comber, licker-in, and hard waste and cotton seeds. Its products are used in denim, terry towels, shirting, sheeting, sweaters, socks, bottom wear, home textiles, and"
KUSUMGAR,Kusumgar Limited,,Consumer Cyclical,Textile Manufacturing,,13.4,,"Kusumgar Limited manufactures, markets, and supplies a range of technical textile fabrics. It offers fabrics used in aerospace and defence applications, including tactical gear, rucksacks, ponchos, parachute systems, sleeping bags, slides and rafts, etc.; fabrics for wire harness tape systems in automobiles, mechanical rubber goods, and inflatable fabrics, as well as custom fabric solutions; and o"
CMLL,Caliber Mining and Logistics Limited,,Energy,Thermal Coal,3112.0,13.52,,"Caliber Mining and Logistics Limited provides coal mining services in India. The company offers rake loading, coal extraction, overburden removal, coal loading and unloading, road transportation and coordination of rail transportation, as well as engages in coal trading activities; and coal mining and logistics services. Caliber Mining and Logistics Limited was incorporated in 2014 and is based in"
VSTIND,VST Industries Limited,,Consumer Defensive,Tobacco,3505.0,2.1,,"VST Industries Limited engages in the manufacturing, trading, and marketing of cigarettes, tobacco, and tobacco products in India and internationally. It sells unmanufactured tobacco. The company was formerly known as Vazir Sultan Tobacco Company Limited and changed its name to VST Industries Limited in April 1983. VST Industries Limited was incorporated in 1930 and is based in Hyderabad, India."
ELITECON,Elitecon International Limited,,Consumer Defensive,Tobacco,,3.7,,"Elitecon International Limited manufactures and trades in tobacco and other related products in India, the United Arab Emirates, Singapore, Hong Kong, Europe, and the United Kingdom. The company operates in two segments, Tobacco Products and Agro Commodities. It offers smoking mixtures, cigarettes, sheesha, and other tobacco products. The company sells its products under the INHALE and Al Noor bra"
KENNAMET,Kennametal India Limited,,Industrials,Tools & Accessories,9557.0,19.82,,"Kennametal India Limited manufactures and trades in hard metal products and machine tools in India, Germany, the United States, China, and internationally. It operates in two segments, Hard Metal Products and Machining Solutions Group. The company offers metal cutting tools; metalworking tools, such as milling, hole making, turning, threading, small parts and swiss type, PCD tooling, tool holders"
ESABINDIA,Esab India Limited,,Industrials,Tools & Accessories,8560.0,2.52,,"ESAB India Limited manufactures and sells welding and cutting equipment and consumables in India and internationally. The company offers gas equipment, such as cutting machines, H/VAC and plumbing, outfits, regulators, safety accessories, torches, and wear parts; arc gouging and exothermic cutting; manual plasma cutting products; filler metals, including aluminum, copper, hardfacing, low alloy, mi"
TIIL,Technocraft Industries (India) Limited,,Industrials,Tools & Accessories,6900.0,11.87,,"Technocraft Industries (India) Limited engages in scaffolding business in India and internationally. The company operates through Drum Closures, Scaffoldings, Yarn, Fabric, Engineering & Design, and Others segments. The company offers drum closures, nylon and plastic plugs, capseal closures, canseal clousures, insertion dies, and clamps; and scaffolding products, such as techring, techlok, teck st"
HARSHA,Harsha Engineers International Limited,,Industrials,Tools & Accessories,4260.0,5.64,,"Harsha Engineers International Limited engages in the manufacture and sale of precision bearing cages and high precision engineered components in India and internationally. It operates through Engineering & Others, and Solar-EPC and O&M segments. The Engineering & Others segment engages in the design, tooling, development, manufacture, procurement, sale, and servicing of bearing cages and stamp co"
WENDT,Wendt (India) Limited,,Industrials,Tools & Accessories,1728.0,7.57,,"Wendt (India) Limited, together with its subsidiaries, manufactures, sells, and services super abrasives, high precision grinding, honing, special purpose machines, and precision components in India and internationally. The company operates through Super Abrasives; Machines and Accessories; Precision Products; and Other segments. It offers super abrasives products, such as resin and metal bonds, q"
BIRLAPREC,Birla Precision Technologies Limited,,Industrials,Tools & Accessories,382.0,1.08,,"Birla Precision Technologies Limited manufactures and sells machine tools and accessories, precision and automotive components, and castings in India, Japan, the United States, and internationally. It operates through Tooling, Automotive Components, and Other segments. The company offers tool holders, including collet, side lock, milling, shrink fit, dual taper, special, stub, extra gauge length,"
EASEMYTRIP,Easy Trip Planners Limited,,Consumer Cyclical,Travel Services,2307.0,6.67,,"Easy Trip Planners Limited, together with its subsidiaries, operates as an online travel agency in India, the Philippines, Singapore, Thailand, the United Arab Emirates, the United Kingdom, New Zealand, Brazil, the Middle East, and the United States. It provides reservation and booking services related to travel and tourism through ease-my-trip portal and app or in-house call centre, which include"
YATRA,Yatra Online Limited,,Consumer Cyclical,Travel Services,1627.0,11.59,,"Yatra Online Limited provides reservation and booking services, and customized solutions related to transport, travel, tours, and tourism in India and internationally. It is involved in air travel, hotel and package, cabs and ground transportation, rail and bus, corporate travel management, personal travel, and expense management, as well as meetings, incentives, conferences, and events (MICE) act"
VRLLOG,VRL Logistics Limited,,Industrials,Trucking,5113.0,3.83,,"VRL Logistics Limited operates as a logistics and transport company in India. The company offers services, such as truckload and full truck load, door-to door FTL service, door collection and door delivery; and provides courier services for time sensitive documents and packages. It also provides vehicles for outdoor branding. The company was formerly known as Vijayanand Roadlines Ltd. and changed"
VEDPOWER,Vedanta Power Limited,,Utilities,Utilities - Independent Power Producers,12017.0,40.19,,"Vedanta Power Limited builds, owns, and operates a coal based thermal power plant in Punjab. Vedanta Power Limited was formerly known as Talwandi Sabo Power Limited and changed its name to Vedanta Power Limited in June 2026. The company was incorporated in 2007 and is based in Mumbai, India. Vedanta Power Limited operates independently of Vedanta Limited as of May 1, 2026. Vedanta Power Limited op"
RELINFRA,Reliance Infrastructure Limited,,Utilities,Utilities - Independent Power Producers,2000.0,1.29,,"Reliance Infrastructure Limited, an infrastructure company, generates, transmits, and distributes electrical power to residential, industrial, commercial, and other consumers in India. It operates through three segments: Power; Engineering and Construction (E&C); and Infrastructure. The Power segment engages in the trading of power. Its E&C segment offers value added services in construction, erec"
GREENPOWER,Orient Green Power Company Limited,,Utilities,Utilities - Independent Power Producers,1060.0,1.75,,"Orient Green Power Company Limited, an independent power producer of renewable power, engages in the generation and sale of wind energy in India and Croatia. As of March 31, 2026, it had an aggregate installed capacity of 396 megawatt. The company was incorporated in 2006 and is headquartered in Chennai, India."
GIPCL,Gujarat Industries Power Company Limited,,Utilities,Utilities - Regulated Electric,2939.0,10.28,,"Gujarat Industries Power Company Limited engages in the generation, transmission, and distribution of electricity to power purchasing companies in India. The company generates power through gas, lignite, wind, and solar power plants with combined installed capacity of 1859.40 MW, as well as engages in the development of hybrid renewable energy parks. The company was incorporated in 1985 and is bas"
BAJEL,Bajel Projects Limited,,Utilities,Utilities - Regulated Electric,1991.0,2.55,,"Bajel Projects Limited engages in the engineering, procurement, and construction (EPC) for power transmission and distribution projects in India and internationally. The company offers turnkey solutions, including engineering, designing, testing, manufacturing, executing, and commissioning of EHV transmission lines; and constructs new infrastructure, as well as the augmentation of existing infrast"
GUJENERGY,GUJARAT ENERGY LIMITED,,Utilities,Utilities - Regulated Gas,22379.0,33.67,,"Gujarat Energy Limited engages in the distribution of natural gas in India. It operates a network of approximately 42,600 kilometers of natural gas pipeline and 828 compressed natural gas (CNG) stations. The company supplies piped natural gas to approximately 22.6 lakh households, approximately 15,600 commercial customers; and approximately 4,400 industrial customers, as well as operates 828 CNG s"
IRMENERGY,IRM Energy Limited,,Utilities,Utilities - Regulated Gas,1116.0,1.86,,"IRM Energy Limited, a city gas distribution company, engages in the laying, building, operating, and expanding of city and local natural gas distribution networks in India. It supplies piped natural gas to domestic, commercial, and industrial customers; and compressed natural gas to automobile customers through retail stations. The company was incorporated in 2015 and is based in Ahmedabad, India."
CEWATER,Concord Enviro Systems Limited,,Utilities,Utilities - Regulated Water,579.0,2.5,,"Concord Enviro Systems Limited engages in providing water and wastewater treatment, and reuse solutions in India and internationally. It offers effluent treatment plants, sewage treatment plants, anaerobic digesters, ultrafiltration, nanofiltration, reverse osmosis, membrane bio-reactors, desalination systems, waste heat evaporators, zero liquid discharge solutions, and consolidation of final wast"
CLEANMAX,Clean Max Enviro Energy Solutions Limited,,Utilities,Utilities - Renewable,15720.0,28.61,,"Clean Max Enviro Energy Solutions Limited engages in development and maintenance of renewable energy projects, such as solar and wind power solutions for commercial and industrial customers. The company operates in two segments, Renewable Energy Power Sales Segment and Renewable Energy Services Segment. The company delivers renewable energy through wind, solar, and hybrid farms, rooftop and ground"
JNPR,Juniper Green Energy Limited,,Utilities,Utilities - Renewable,15414.0,20.17,,"Juniper Green Energy Private Limited operates as an independent renewable energy power producer and operator. The company's portfolio of projects includes wind, solar, wind-solar hybrid (WSH), firm and dispatchable renewable energy (FDRE), and battery energy storage systems. The company develops, constructs, and operates renewable energy projects, providing end-to-end engineering, procurement, and"
GKENERGY,GK Energy Limited,,Utilities,Utilities - Renewable,2567.0,4.24,,"GK Energy Limited engages in the design, manufacture, supply, transport, installation, testing, and commissioning of decentralized solar systems in India. It offers solar agriculture pumps, solar photovoltaic modules, solar water pump controllers, and solar rooftops. The company also sells photovoltaic cells and solar modules manufactured by third parties. GK Energy Limited was formerly known as G"
NRL,Nupur Recyclers Limited,,Industrials,Waste Management,1042.0,1.33,,"Nupur Recyclers Limited engages in the import, processing, and trading of ferrous and non-ferrous metals in India. The company imports metal scrap, such as shredded zinc scrap and brass, zinc die cast scrap, Zurik scrap, and aluminium zorba grades. It is also involved in the manufacture and trade of metals. Nupur Recyclers Limited was incorporated in 2019 and is based in Delhi, India."
AWHCL,Antony Waste Handling Cell Limited,,Industrials,Waste Management,1034.0,2.8,,"Antony Waste Handling Cell Limited, together with its subsidiaries, engages in the municipal solid waste management business in India. The company offers door-to-door waste collection; smart transportation and fleet management; material recovery and processing facilities; composting and bio-methanation; refuse-derived fuel; waste-to-energy; construction and demolition waste processing; mechanized"
MARUTI,Maruti Suzuki India Limited,Automobile and Auto Components,Consumer Cyclical,Auto Manufacturers,382093.0,425.21,,"Maruti Suzuki India Limited manufactures and sells motor vehicles, parts, and accessories in India. The company offers passenger and commercial vehicles, including hatchbacks, sedans, SUVs, MPVs, and vans, as well as light commercial vehicles. It is also involved in the facilitation of pre-owned car sales, fleet management, and car financing activities. In addition, the company offers driving scho"
M&M,Mahindra & Mahindra Limited,Automobile and Auto Components,Consumer Cyclical,Auto Manufacturers,366869.0,576.11,,"Mahindra & Mahindra Limited provides mobility products and farm solutions in India and internationally. It operates through Automotive; Farm Equipment; Auto Investments; Farm Investments; and Investments in Industrial Businesses and Consumer Services segments. The Automotive segment provides automobiles, two wheelers, spares, construction equipment and related services. The Farm Equipment segment"
BAJAJ-AUTO,Bajaj Auto Limited,Automobile and Auto Components,Consumer Cyclical,Auto Manufacturers,314925.0,255.06,,"Bajaj Auto Limited, together with its subsidiaries, engages in the development, manufacture, and distribution of automobiles in India and internationally. The company offers motorcycles, bikes, commercial vehicles, electric two-wheelers, and three-wheeler, as well as related parts and accessories. It also provides financing services for automobiles, as well as exports its products. The company was"
EICHERMOT,Eicher Motors Limited,Automobile and Auto Components,Consumer Cyclical,Auto Manufacturers,206234.0,285.43,,"Eicher Motors Limited, an automobile company, engages in the manufacture and sale of motorcycles and commercial vehicles in India and internationally. The company designs, develops, manufactures, assembles, and sells two-wheelers, as well as related parts and accessories; motorcycle accessories; protective and performance gears; and lifestyle apparel products and accessories. It also provides moto"
TVSMOTOR,TVS Motor Company Limited,Automobile and Auto Components,Consumer Cyclical,Auto Manufacturers,197457.0,254.64,,"TVS Motor Company Limited, together with its subsidiaries, engages in the manufacture and sale of automotive vehicles and components, spare parts, and accessories in India and internationally. The company operates through Automotive Vehicles & Parts and Related Investments; and Investment Held in Financial Services segments. The company offers motorcycles under the Apache RTR, Apache RR, Ronin, Ra"
HYUNDAI,Hyundai Motor India Limited,Automobile and Auto Components,Consumer Cyclical,Auto Manufacturers,174209.0,142.53,,"Hyundai Motor India Limited engages in the manufacture and sale of passenger vehicles and parts in India and internationally. The company offers passenger vehicle models across sedans, hatchbacks, sports-utility vehicles (SUVs) and electric vehicles (EVs). The company provides motor vehicles, engine, and transmission and other parts, as well as provides related after-sales activities, and engineer"
TMPV,Tata Motors Passenger Vehicles Limited,Automobile and Auto Components,Consumer Cyclical,Auto Manufacturers,111094.0,242.51,,"Tata Motors Passenger Vehicles Limited designs, develops, manufactures, and sells various automotive vehicles. The company offers passenger and electric vehicles, as well as related spare parts and accessories. It also manufactures engines for industrial applications. In addition, the company provides information technology and vehicle financing services. It operates in India, China, the United St"
HEROMOTOCO,Hero MotoCorp Limited,Automobile and Auto Components,Consumer Cyclical,Auto Manufacturers,108457.0,269.91,,"Hero MotoCorp Limited primarily engages in the manufacture and sale of motorised two wheelers, spare parts and related services in India, Germany, Asia, Central and Latin America, Africa, and the Middle East. The company offers motorcycles and scooters, as well as electric scooters. It provides engines and accessories, as well as non-banking financial and other related services. The company is als"
ATHERENERG,Ather Energy Limited,Automobile and Auto Components,Consumer Cyclical,Auto Manufacturers,63102.0,621.1,,"Ather Energy Limited, an electric vehicle company, engages in the design, development, and sale of electric two-wheelers, and associated product ecosystem. The company also offers vehicle architecture and chassis; battery packs and battery management system; vehicle control unit; touchscreen dashboard; motor controller; transmission; signal harness; and fast charging system. In addition, it provid"
FORCEMOT,FORCE MOTORS LTD,Automobile and Auto Components,Consumer Cyclical,Auto Manufacturers,23039.0,104.6,,"Force Motors Limited, an integrated automobile company, designs, develops, manufactures, and sells a range of automotive components, aggregates, and vehicles in India. The company provides passenger vehicles, ambulances, school buses, and delivery van; small commercial, light commercial, multi utility vehicles, special vehicles, and spare parts; special utility vehicles, such as mobile medical uni"
OLAELEC,Ola Electric Mobility Limited,Automobile and Auto Components,Consumer Cyclical,Auto Manufacturers,16349.0,168.14,,"Ola Electric Mobility Limited develops, manufactures, and sells electric vehicles in India. It operates through the Automotive and Cell segments. The company provides electric scooters; and electric vehicle components, such as battery packs, motors and vehicle frames, and cells. It also offers charging solutions, as well as operates service centers. Ola Electric Mobility Limited was incorporated i"
MOTHERSON,Samvardhana Motherson International Limited,Automobile and Auto Components,Consumer Cyclical,Auto Parts,171564.0,155.08,,"Samvardhana Motherson International Limited, together with its subsidiaries, manufactures and sells components to automotive original equipment manufacturers in India, Germany, the United States, and internationally. It operates through Wiring Harness, Modules and Polymer Products, Vision Systems, Integrated Assemblies, and Emerging Businesses segments. The company offers wiring harness components"
BOSCHLTD,Bosch Limited,Automobile and Auto Components,Consumer Cyclical,Auto Parts,140298.0,138.02,,"Bosch Limited engages in the manufacture and trading of automotive products in India. It operates through Automotive Products, Consumer Goods, and Others segments. The company offers products, such as spark and glow plugs; ignition coil; nozzle holder, components, and fuel rail assembly; LAG, SAG, rotary drill, hammer, and marble cutter; impact drilling machine; fuel injection pump and components;"
UNOMINDA,UNO Minda Limited,Automobile and Auto Components,Consumer Cyclical,Auto Parts,70884.0,71.17,,"Uno Minda Limited, together with its subsidiaries, manufactures and supplies auto components and systems in India and internationally. It provides alloy wheels, automotive switches, horns, infotainment systems, speakers, socket assemblies, fuel hoses, sensors, actuators, controllers, telematics and connected solutions, alternate fuel systems, air filtration systems, canisters, seat head rest and a"
SCHAEFFLER,Schaeffler India Limited,Automobile and Auto Components,Consumer Cyclical,Auto Parts,64369.0,19.65,Bearings,"Schaeffler India Limited engages in the development, manufacture, and distribution of high-precision roller and ball bearings, and related components in India and internationally. The company operates in two segments, Mobility Components and Related Solutions; and Others. It offers ball, plain, and roller bearings; linear guidance systems; cylindrical, spherical, needle, and tapered roller bearing"
MRF,MRF Limited,Automobile and Auto Components,Consumer Cyclical,Auto Parts,52953.0,41.17,,"MRF Limited, together with its subsidiaries, engages in the manufacture and sale of rubber products in India and internationally. The company provides tires for passenger cars, two wheelers, farms, trucks, OTR, SCV, LCV, pick up, three-wheeler, MCV, ICV, tubes, and flap products; tread rubber product; and manufactures specialty coatings. It is also involved in the paints and coats, sports goods, p"
SONACOMS,Sona BLW Precision Forgings Limited,Automobile and Auto Components,Consumer Cyclical,Auto Parts,49634.0,125.54,,"Sona BLW Precision Forgings Limited, together with its subsidiaries, designs, manufactures, and supplies systems and components for the automotive industry in India and internationally. The company offers mobility products comprising electronically and limited locking differentials, integrated motor controller modules, traction motors, spool gears, controllers, park gear, spiral bevel gears, input"
BALKRISIND,Balkrishna Industries Limited,Automobile and Auto Components,Consumer Cyclical,Auto Parts,42855.0,78.74,,"Balkrishna Industries Limited manufactures and sells tires under the BKT brand in India, Europe, North America, and internationally. The company provides manufacturing and selling of off-highway tires (OHT) for use in various applications, such as agriculture, construction, earthmoving, mining and quarrying, industry, and port operations. It also offers two-wheeler, passenger car radial, and comme"
ENDURANCE,Endurance Technologies Limited,Automobile and Auto Components,Consumer Cyclical,Auto Parts,38772.0,24.56,,"Endurance Technologies Limited manufactures and sells automotive components for original equipment manufacturers (OEM) in India and internationally. The company offers aluminium die casting products, such as high-pressure, low-pressure, and gravity die castings, as well as swing arms, EV mission cases, integrated face and modular electric drive HV covers, PPE EVO and MHEV transmission housings, an"
EXIDEIND,Exide Industries Limited,Automobile and Auto Components,Consumer Cyclical,Auto Parts,36933.0,84.72,,"Exide Industries Limited designs, manufactures, markets, and sells lead acid batteries and accumulators in India and internationally. It offers automotive, infrastructural, genset, solar, inverter, institutional uninterrupted power supply (UPS), and submarine batteries, as well as home UPS systems, integrated power back-up systems, and e-rickshaw vehicles. The company also manufactures and supplie"
CRAFTSMAN,Craftsman Automation Limited,Automobile and Auto Components,Consumer Cyclical,Auto Parts,28786.0,49.18,,"Craftsman Automation Limited operates as an engineering company in India. It operates through Powertrain, Aluminium Products, and Industrial & Engineering segments. The Powertrain segment manufactures engine parts, including cylinder blocks and cylinder heads, camshafts, transmission parts, gear box housings, turbo charges, and bearing caps. The Aluminium Products segment offers crank case and cyl"
ZFCVINDIA,ZF Commercial Vehicle Control Systems India Limited,Automobile and Auto Components,Consumer Cyclical,Auto Parts,26888.0,18.52,,"ZF Commercial Vehicle Control Systems India Limited manufactures and sells air brake actuation systems for commercial vehicles in India and internationally. The company offers various products for trucks, trailers, buses, coaches, and light commercial vehicles comprising advanced driver assistance systems (ADAS) and air disc brakes; intelligent trailer programs and tire pressure monitoring systems"
SANSERA,Sansera Engineering Limited,Automobile and Auto Components,Consumer Cyclical,Auto Parts,26815.0,53.62,,"Sansera Engineering Limited engages in the manufacture and sale of precision engineered components for automotive and non-automotive sectors in India, Europe, the United States, and internationally. The company offers automotive components, such as connecting rods, rocker arms, finger followers, balancer shafts, gear shifter forks, suspension and steering parts, assembly components, aluminum parts"
APOLLOTYRE,Apollo Tyres Limited,Automobile and Auto Components,Consumer Cyclical,Auto Parts,25892.0,19.67,,"Apollo Tyres Limited manufactures and sells automotive tires, tubes, and flaps in India and internationally. It offers tires for commercial and passenger vehicles, two-wheelers, trucks and buses, off-highway vehicles, light trucks, earthmovers, and bicycles, as well as for agricultural, farm, and industrial applications. The company provides its products under the Apollo Tyres and Vredestein Tyres"
GABRIEL,Gabriel India Limited,Automobile and Auto Components,Consumer Cyclical,Auto Parts,24727.0,31.76,,"Gabriel India Limited manufactures and sells of ride control products to the automotive industry in India, the Netherlands, and internationally. The company offers canister shock absorbers, telescopic front forks, inverted front forks, mono shox, floating piston shock absorbers, semi-active front forks, and semi-active shock absorbers; rear shock absorbers, strut assemblies, FSD suspension, semi-a"
ASAHIINDIA,Asahi India Glass Limited,Automobile and Auto Components,Consumer Cyclical,Auto Parts,24224.0,12.07,,"Asahi India Glass Limited, together with its subsidiaries, manufactures and sells glass products in India and internationally. It operates through two segments, Automotive Glass and Float Glass. The company offers automotive glass products, including laminated glass for car windscreens; tempered glass for sidelites, backlites, and car windscreens; sunroof solutions; sub-assemblies; value-added gla"
MSUMI,Motherson Sumi Wiring India Limited,Automobile and Auto Components,Consumer Cyclical,Auto Parts,23609.0,32.73,,"Motherson Sumi Wiring India Limited engages in the manufacture and sale of components to automotive original equipment manufacturers in India and internationally. The company provides wiring harness solutions to original equipment manufacturers; and manufactures, assembles, delivers integrated electrical and electronic distribution systems for power supply and data transfer across vehicle types. I"
BELRISE,Belrise Industries Limited,Automobile and Auto Components,Consumer Cyclical,Auto Parts,23394.0,66.99,,"Belrise Industries Limited, together with its subsidiaries, manufactures and sells automotive parts and components of two-wheeler, three-wheeler and four-wheeler passenger and commercial vehicles in India. The company offers shock absorber springs, rear and front shock absorbers, plastic and seat cowls, side dashboards, steering columns, head lamp brackets, front fenders, exhaust systems, foot res"
SHRIPISTON,SPR Auto Technologies Limited,Automobile and Auto Components,Consumer Cyclical,Auto Parts,20914.0,31.92,,"SPR Auto Technologies Limited manufactures and sells automotive components in India. The company offers pistons, piston pins, piston rings, and engine valves. It also provides cylinder liners; crankshafts; connecting rods; cylinder heads; lubricating oils, fuel, air, cabin, and hydraulic filters; and gaskets, such as copper asbestos copper, aluminium asbestos aluminium, multilayer steel, asbestos"
TENNIND,Tenneco Clean Air India Limited,Automobile and Auto Components,Consumer Cyclical,Auto Parts,20749.0,32.91,,"Tenneco Clean Air India Limited operates as a manufacturer and supplier of clean air and powertrain solutions. The company operates in two segments, clean air and powertrain solutions; and advanced ride technologies. The company designs, manufactures, and sells exhaust aftertreatment systems, such as catalytic converters, mufflers, and exhaust pipes; engine bearings, sealing systems, and ignition"
MINDACORP,Minda Corporation Limited,Automobile and Auto Components,Consumer Cyclical,Auto Parts,15995.0,12.81,,"Minda Corporation Limited manufactures and sells automobile components and parts in India, rest of Asia, America, Europe, and Africa. The company offers vehicle access systems, such as locksets, latches, hinges, security systems, smart key systems, and integrated access modules for two-wheelers, passenger vehicles, commercial vehicles, and off-highway equipment; electrical distribution systems, in"
CIEINDIA,CIE Automotive India Limited,Automobile and Auto Components,Consumer Cyclical,Auto Parts,14991.0,10.24,,"CIE Automotive India Limited produces and sells automotive components to original equipment manufacturers and other customers in India, Europe, and internationally. It offers forgings, such as crankshafts, CV joints, knuckles, diff Casw, and spindles; gears, including gears and shafts, e-drive components, flanges/end yokes, and clutch hubs; composites comprising front lid, wind shield-electric-3WH"
LUMAXTECH,Lumax Auto Technologies Limited,Automobile and Auto Components,Consumer Cyclical,Auto Parts,14100.0,23.22,,"Lumax Auto Technologies Limited, together with its subsidiaries, manufactures and sells automotive components in India. The company offers advanced plastics, such as panels, centre consoles, door panels, headliners and interior trim systems, air intake systems, urea and plastic fuel tanks, headliners, trims, louvers, head lamps, tail lamps, and front and rear fenders; mechatronics, including power"
JBMA,JBM Auto Limited,Automobile and Auto Components,Consumer Cyclical,Auto Parts,14002.0,13.11,,"JBM Auto Limited engages in the manufacture and sale sheet metal components, tools, dies and moulds, and buses in India and internationally. It operates through three segments: Sheet Metal Components, Assemblies & Sub-assemblies (Component Division); Tool, Dies & Moulds (Tool Room Division); and OEM Division. The company offers auto components and systems, such as BIW, chassis and suspension syste"
CEATLTD,CEAT Limited,Automobile and Auto Components,Consumer Cyclical,Auto Parts,13724.0,15.99,,"CEAT Limited manufactures automotive tyres, tubes, and flaps in India and internationally. The company offers a range of tyres for rubber tires and tubes for scooters, bikes, two and three wheelers, cars, buses, LCVs, trucks, and tractors, as well as agricultural and industrial radial tyres. It also exports its products. The company was formerly known as CEAT Tyres of India Limited and changed its"
VARROC,Varroc Engineering Limited,Automobile and Auto Components,Consumer Cyclical,Auto Parts,13333.0,22.06,,"Varroc Engineering Limited provides aftermarket automotive components and solutions in India, the Asia Pacific, Europe, North America, and internationally. It operates through Automotive and Others segments. The company offers internal combustion engine parts; electrical vehicle products, such as telematics, BMS, charger, DC-DC converter, traction motor/hub motor, and traction motor controller; fi"
ASKAUTOLTD,ASK Automotive Limited,Automobile and Auto Components,Consumer Cyclical,Auto Parts,12915.0,12.95,,"ASK Automotive Limited manufactures and sells auto components for the automobile industry in India. The company offers advanced braking systems, such as brake shoe and pad, brake panel assembly, clutch plate and shoe, brake linings, disc brake pad, and brake liner. It also provides aluminum lightweighting precision solutions for two and four-wheeler and electric vehicles. In addition, the company"
JKTYRE,JK Tyre & Industries Limited,Automobile and Auto Components,Consumer Cyclical,Auto Parts,10001.0,13.09,,"JK Tyre & Industries Limited develops, manufactures, markets and distributes automotive tyres, tubes, flaps, and retreads in India, and internationally. The company offers tyres for truck/bus radial and bias, light and small commercial vehicle bias, two/three-wheeler, farm radial and bias, off-the-road and industrial, racing, light and small commercial vehicle radical, passenger/SUV/MUV radial, sp"
PRICOLLTD,Pricol Limited,Automobile and Auto Components,Consumer Cyclical,Auto Parts,9220.0,22.05,,"Pricol Limited, together with its subsidiaries, manufactures and sells instrument clusters and other allied automobile components to original equipment manufacturers and replacement markets in India and internationally. It provides driver information solutions, such as LCD, TFT, and hybrid display; connected vehicle solutions, including integrated display and infotainment solutions, and telematics"
BANCOINDIA,Banco Products (I) Limited,Automobile and Auto Components,Consumer Cyclical,Auto Parts,8572.0,5.09,,"Banco Products (India) Limited, together with its subsidiaries, engages in the manufacture and sale of heat exchangers/cooling systems in India and internationally. The company offers engine cooling systems, such as radiators, charge air coolers, oil coolers, transmission and hydraulic type, condensers, fuel coolers, battery coolers, inverter coolers configurations and accessories, expansion tanks"
JAMNAAUTO,Jamna Auto Industries Limited,Automobile and Auto Components,Consumer Cyclical,Auto Parts,5169.0,16.15,,"Jamna Auto Industries Limited engages in the manufacture, distribution, and trading of parabolic and tapered leaf springs, lift axles, air suspension, stabilizer bars, bushes, and allied products under the JAI brand in India and internationally. It offers parabolic and conventional leaf springs for commercial vehicles. The company also provides spring allied components, including U bolts, bolts wi"
FIEMIND,Fiem Industries Limited,Automobile and Auto Components,Consumer Cyclical,Auto Parts,5004.0,11.6,,"Fiem Industries Limited, together with its subsidiaries, manufactures and supplies automotive components in India and internationally. It operates in two segments, Automotive and Others. The company offers automotive lighting and signaling equipment, rear-view mirrors, prismatic mirrors, plastic moulded parts, bank angle sensors, and canister and sheet metal components for motorized vehicles. It a"
TIINDIA,Tube Investments of India Limited,Automobile and Auto Components,Industrials,Conglomerates,50097.0,47.48,,"Tube Investments of India Limited, together with its subsidiaries, engages in the manufacture and sale of engineering, mobility, and metal formed products in India and internationally. It operates through nine segments: Engineering, Metal Formed Products, Mobility, Gear and Gear Products, Power Systems, Industrial Systems, Semiconductors, Electric Vehicles, and Medical. The Engineering segment off"
ARE&M,Amara Raja Energy & Mobility Limited,Automobile and Auto Components,Industrials,Electrical Equipment & Parts,14538.0,31.89,,"Amara Raja Energy & Mobility Limited, together with its subsidiaries, manufactures and sells lead-acid storage batteries for industrial and automotive applications in India and internationally. It operates in two segments, Lead Acid Batteries and Allied Products; and New Energy Business. The company provides new energy business related products; installation, commissioning, and maintenance service"
OLECTRA,Olectra Greentech Limited,Automobile and Auto Components,Industrials,Farm & Heavy Construction Machinery,9897.0,30.98,,"Olectra Greentech Limited manufactures and sells electric buses and trucks in India. It operates in two segments, Energy Division and Mobility Division. The company offers electric tippers. It also provides 1200KV, 330-420KV, 220-245KV, 110-132KV, 52-77KV, 33-36KV, 22-28KV, and 10-15KV composite polymer insulators for transmission and distribution; and tonne, bracket tube, and stay arm insulators"
BHARATFORG,Bharat Forge Limited,Automobile and Auto Components,Industrials,Metal Fabrication,94131.0,149.61,,"Bharat Forge Limited engages in the manufacture and sale of forged and machined components in India and internationally. It operates through three segments: Forgings, Defence, and Others. The company offers automotive components comprising crankshafts, connecting rods, emission/after treatment, and fuel injection systems; chassis, such as front axle beams, steering knuckles, control arms, knuckle,"
RKFORGE,Ramkrishna Forgings Limited,Automobile and Auto Components,Industrials,Metal Fabrication,13027.0,45.71,,"Ramkrishna Forgings Limited engages in the manufacture and sale of forged components for automobiles, railway wagons and coaches, and engineering parts in India and internationally. The company's products portfolio includes beam, knuckle, steering arm, tie-rod-arm, sector shaft, front hub, crankshaft, camshaft, connecting rod, piston, pitman arm, BC lever assembly, mounting bracket, yoke, UJ cross"
SKFINDIA,SKF India Limited,Automobile and Auto Components,Industrials,Tools & Accessories,7576.0,4.19,Bearings,"SKF India Limited engages in the manufacturing, trading, and servicing bearings, seals, and motion technologies in India and internationally. The company offers Bearings, such as rolling bearings, mounted bearings and housings, precision bearings, slewing bearings, plain bearings, magnetic bearings and systems, and thin section bearings. It also provides industrial seals including power transmissi"
HAL,Hindustan Aeronautics Limited,Capital Goods,Industrials,Aerospace & Defense,322751.0,318.29,Defence,"Hindustan Aeronautics Limited engages in the design, development, manufacture, repair, overhaul, upgrade, and servicing of aircraft, helicopters, aero-engines, avionics, accessories, and aerospace structures in India and internationally. It serves national and international defense customers, as well as civil customers. Hindustan Aeronautics Limited was incorporated in 1963 and is based in Bengalu"
BEL,Bharat Electronics Limited,Capital Goods,Industrials,Aerospace & Defense,291295.0,382.04,Defence,"Bharat Electronics Limited designs, manufactures, and supplies electronic equipment and systems for the defense and civilian markets in India. The company's defense products include defense communication products, land-based radars, naval systems, electronic warfare systems, avionics, electro optics, tank and armored fighting vehicle electronic systems, weapon systems, C4I systems, upgrades, shelt"
MAZDOCK,Mazagon Dock Shipbuilders Limited,Capital Goods,Industrials,Aerospace & Defense,90034.0,134.07,Defence,"Mazagon Dock Shipbuilders Limited engages in the building and repairing of ships, submarines, vessels, and related engineering products in India and internationally. The company operates in two segments, Shipbuilding, and Submarine and Heavy Engineering. The company offers cargo ships, passenger ships, supply vessels, multipurpose support vessels, water tankers, tugs, dredgers, fishing trawlers, b"
BDL,Bharat Dynamics Limited,Capital Goods,Industrials,Aerospace & Defense,43071.0,139.5,Defence,"Bharat Dynamics Limited manufactures and sells guided missiles, underwater weapons, air-borne products, and allied defense equipment in India. The company offers light weight torpedoes, Varunastra or heavy-weight torpedoes, medium-range surface-to-air missile, dishani, quick reaction surface-to-air missile, multi-influential ground mines, vertically launched-short range surface-to-air missile, fla"
COCHINSHIP,Cochin Shipyard Limited,Capital Goods,Industrials,Aerospace & Defense,36437.0,131.35,Defence,"Cochin Shipyard Limited, together with its subsidiaries, engages in the building and repair of ships and offshore structures in India and internationally. The company operates through two segments, Shipbuilding and Ship Repair. It offers shipbuilding products, including aircraft carriers, missile vessels, anti-submarine warfare shallow water crafts, technology demonstration vessels, floating borde"
GRSE,Garden Reach Shipbuilders & Engineers Limited,Capital Goods,Industrials,Aerospace & Defense,27174.0,85.51,Defence,"Garden Reach Shipbuilders & Engineers Limited engages in the design and construction of war ships in India. The company offers frigates, anti-submarine warfare corvette, missile corvette, landing ship tank, landing craft utility, survey vessel, fleet replenishment tanker, fast patrol vessel, offshore patrol vessel, inshore patrol vessel, water jet fast attack craft, anti-submarine warfare shallow"
DATAPATTNS,Data Patterns (India) Limited,Capital Goods,Industrials,Aerospace & Defense,25259.0,268.04,Defence,"Data Patterns (India) Limited provides defense and aerospace electronics solutions in India. It offers COTS boards, ATE and test systems, RF and microwave products, electronic warfare products, cockpit and rugged displays, radar and radar subsystems, identify friend and Foe products, avionic systems, laser and electro optic systems, space systems, power supply products, naval systems, communicatio"
ZENTEC,Zen Technologies Limited,Capital Goods,Industrials,Aerospace & Defense,15175.0,51.87,Defence,"Zen Technologies Limited, together with its subsidiaries, engages in the design, development, manufacture, and sale of training simulators in India and internationally. It provides anti-drone systems; training and simulation live ranges, comprising smart and multi-functional target systems, tank targets, master control station for live-firing ranges, air-to-ground firing range scoring system, cont"
AEQUS,Aequs Limited,Capital Goods,Industrials,Aerospace & Defense,15164.0,47.98,,"Aequs Limited, a contract manufacturing company, engages in the provision of integrated products solutions in India, the United States of America, France, Hong Kong, Sweden, United Kingdom, Germany, and internationally. It operates through Aerospace and Consumer segments. The company operates a fully vertically integrated aerospace manufacturing value chain that offers end-to-end manufacturing and"
APOLLO,Apollo Micro Systems Limited,Capital Goods,Industrials,Aerospace & Defense,14323.0,249.85,Defence,"Apollo Micro Systems Limited designs, develops, and assembles electronic and electromechanical solutions in India. The company offers actuation systems, AI engines, avionics, avionic bus products, automated test equipment, communication systems, composite systems, ground support equipment, navigation systems, power supply systems, RF systems, satellite data handling, sonar systems, telemetry, and"
PARAS,Paras Defence and Space Technologies Limited,Capital Goods,Industrials,Aerospace & Defense,11335.0,140.36,Defence,"Paras Defence and Space Technologies Limited designs, develops, manufactures, and tests defense and space engineering products and solutions in India and internationally. The company offers rugged networking and communication, rugged display and computing, and rugged command and control systems; mechanical products, including flow formed tubes; and avionic suites, as well as automated test equipme"
TMCV,Tata Motors Limited,Capital Goods,Consumer Cyclical,Auto Manufacturers,163700.0,287.39,,"Tata Motors Limited engages in the design, manufacture, and sale of automotive vehicles in India, South Korea, and internationally. The company offers pick-ups, trucks, buses, small commercial vehicles, and electric vehicles. It also provides related spare parts, accessories, and distribution and services of vehicles. The company was formerly known as TML Commercial Vehicles Limited and changed it"
SMLMAH,SML Mahindra Limited,Capital Goods,Consumer Cyclical,Auto Manufacturers,9354.0,35.6,,"SML Mahindra Limited manufactures and sells commercial vehicles and related parts in India and internationally. Its products include trucks, buses, and special application vehicles. The company serves fleet owners, educational institutions, offices, transporters, Government agencies, and other domestic and international market through distributors and dealers. SML Mahindra Limited was formerly kno"
DYNAMATECH,Dynamatic Technologies Limited,Capital Goods,Consumer Cyclical,Auto Parts,8265.0,13.41,,"Dynamatic Technologies Limited manufactures and sells engineered products to the aerospace, automotive, and hydraulic industries in India, the United States, the United Kingdom, rest of Europe, Canada, and internationally. The company offers gear pumps, low noise pumps, high-pressure pumps, axial piston pumps, low torque high-speed hydraulic motors, plunger hand pumps, hitch control valves, rock s"
SUBROS,Subros Limited,Capital Goods,Consumer Cyclical,Auto Parts,4664.0,2.08,,"Subros Limited engages in the manufacture and sale of thermal products for automotive applications in India and internationally. The company offers compressors, HVAC, radiators, condensers, evaporators, heaters, tubes and hoses, bus and rail AC kit, transport and commercial cooling solutions. The company was incorporated in 1985 and is headquartered in New Delhi, India."
SUPREMEIND,Supreme Industries Limited,Capital Goods,Industrials,Building Products & Equipment,44479.0,54.29,,"The Supreme Industries Limited manufactures and sells plastic products in India. The company offers plastic piping systems, including uPVC pipes, injection-molded PVC and handmade fittings; polypropylene random co-polymer pipe systems; HDPE and CPVC pipe systems; inspection chambers; manholes; bath fittings and sanitaryware; roto-molded tanks and fittings; solvents; industrial piping systems; DWC"
CPPLUS,Aditya Infotech Limited,Capital Goods,Industrials,Building Products & Equipment,41196.0,75.93,,"Aditya Infotech Limited manufactures, assembles and trades security and surveillance equipment in India and internationally. The company offers analog cameras, digital video recorders, internet protocol network cameras, network video recorders, access control products, mobile surveillance solutions, body-worn cameras, smart Wi-Fi cameras, digital door locks, video door phones and other surveillanc"
ASTRAL,Astral Limited,Capital Goods,Industrials,Building Products & Equipment,37635.0,97.08,,"Astral Limited engages in the manufacture and marketing of pipes and fittings, water tanks, and adhesives and sealants in India and internationally. The company operates in two segments, Plumbing, and Paints and Adhesives. It offers plumbing pipes and fittings, sewerage and drainage pipes and fittings, agriculture pipes and fittings, cable protection system, industrial piping system, fire protecti"
GRINDWELL,Grindwell Norton Limited,Capital Goods,Industrials,Building Products & Equipment,21776.0,3.94,,"Grindwell Norton Limited provides abrasives, life sciences, performance plastics, and ceramics solutions in India and internationally. The company operates through the Abrasives, Ceramics & Plastics, Digital Services, and Others segments. It offers abrasives, such as bonded and coated abrasives, thin wheels, superabrasives, non-woven abrasives, construction products, automotive aftermarket, adhesi"
FINPIPE,Finolex Industries Limited,Capital Goods,Industrials,Building Products & Equipment,9408.0,5.4,,"Finolex Industries Limited manufactures and sells polyvinyl chloride (PVC) pipes and fittings, and PVC resins in India. The company operates in two segments, PVC Resin and PVC Pipes and Fittings. It offers agriculture pipes and fittings; column pipes; casing pipes; and solvent cement and lubricants. The company also provides plumbing and sanitation pipes and fitting, such as ASTM pipes and fitting"
ELECTCAST,Electrosteel Castings Limited,Capital Goods,Industrials,Building Products & Equipment,4552.0,13.97,,"Electrosteel Castings Limited manufactures and supplies ductile iron (DI) pipes, ductile iron fittings (DIF) and accessories, and cast iron (CI) pipes in India and internationally. The company provides ductile iron pipes and fittings which are used in various applications, including raw and clear water transmission, distribution network of potable water, water supply for industrial/process plants,"
ASTRAMICRO,Astra Microwave Products Limited,Capital Goods,Technology,Communication Equipment,15741.0,42.05,Defence,"Astra Microwave Products Limited designs, develops, manufactures, and sells sub-systems for radio frequency and microwave systems used in defense, space, meteorology, civil, and telecommunication applications in India. It offers radar electronics, including active antenna array units, transmit receive (T/R) modules, wideband T/R modules, solid state power amplifiers, receivers, exciters, central u"
THERMAX,Thermax Limited,Capital Goods,Industrials,Conglomerates,40308.0,44.84,Industrial Machinery,"Thermax Limited provides energy, environmental, and chemical solutions in India and internationally. It operates in Industrial Products, Industrial Infra, Green Solutions, and Chemical segments. The Industrial Products segment offers manufacturing, installation, sales and services related to boilers and heating equipment, absorption chillers/heat pumps, air pollution control equipment/ systems, wa"
CARBORUNIV,Carborundum Universal Limited,Capital Goods,Industrials,Conglomerates,22459.0,19.09,,"Carborundum Universal Limited, together with its subsidiaries, manufactures and sells abrasives, ceramics, and electrominerals in India and internationally. It operates through three segments: Surface Engineering, Technical Ceramics and Super Refractory Solutions, and Electrominerals. The company offers super, bonded and coated abrasives, cutting and grinding, metal working fluids, and power tools"
BEML,BEML Limited,Capital Goods,Industrials,Conglomerates,17473.0,75.87,Defence,"BEML Limited provides products and services to the mining and construction, rail and metro, power, and defense and aerospace sectors in India. The company offers high mobility vehicles, combat mobility vehicles, 1500 horsepower engines, aggregates for combat vehicles, aircraft towing tractors, aircraft weapon loaders, ground support and handling equipment, tank transportation trailers, milrail wag"
CGPOWER,CG Power and Industrial Solutions Limited,Capital Goods,Industrials,Electrical Equipment & Parts,143366.0,205.34,Power T&D Equipment,"CG Power and Industrial Solutions Limited, together with its subsidiaries, provides various solutions in India and internationally. It operates through the Power Systems, Industrial Systems, Semiconductors, and Others segments. The company offers power and distribution transformers; switchgears, including high and extra-high voltage, medium voltage, power quality, and relays and automation product"
POWERINDIA,Hitachi Energy India Limited,Capital Goods,Industrials,Electrical Equipment & Parts,142052.0,272.0,Power T&D Equipment,"Hitachi Energy India Limited offers products, projects, and services for electricity transmission and related activities in India and internationally. The company is involved in engineering, integration, installation, commissioning, and support of project and services, and design, manufacturing, configuration, and supply of system, equipment, devices, and accessories products. It also manufactures"
POLYCAB,Polycab India Limited,Capital Goods,Industrials,Electrical Equipment & Parts,126074.0,269.09,Cables & Wires,"Polycab India Limited manufactures and sells wires and cables under the POLYCAB brand in India and internationally. The company operates through three segments: Wires and Cables; Fast Moving Electrical Goods (FMEG); and Engineering, Procurement and Construction (EPC). The Wires and Cables segment provides wires, such as PolycabSuprema house wires, PolycabMaxima+ Green wire, PolycabPrimma house wir"
APARINDS,Apar Industries Limited,Capital Goods,Industrials,Electrical Equipment & Parts,79327.0,191.69,,"APAR Industries Limited engages in the electrical and metallurgical engineering business in India and internationally. It operates through Conductor, Transformer & Specialties Oils, Power/Telecom Cables, and Others segments. The company offers transformer oils, including naphthenic and iso--paraffinic grades; liquid paraffins that are used in baby oil, medical and pharma, cosmetic, food packaging"
KEI,KEI Industries Limited,Capital Goods,Industrials,Electrical Equipment & Parts,43938.0,255.12,Cables & Wires,"KEI Industries Limited manufactures, markets, and sells wires and cables in India and internationally. It operates in three segments: Cable & Wires; Engineering, Procurement and Construction; and Stainless Steel Wire. The company offers extra-high voltage, high tension, and low-tension power cables; control and instrumentation cables; specialty, single-core, and multi-core flexible cables; elastom"
HONAUT,Honeywell Automation India Limited,Capital Goods,Industrials,Electrical Equipment & Parts,30687.0,7.79,,"Honeywell Automation India Limited manufactures and sells industrial process control and automation systems in India and internationally. The company offers environmental and combustion controls, sensing and control solutions, and engineering services. It also provides building solutions, including advanced airfield ground lighting systems, visual docking and guiding systems, Navitas software for"
SCHNEIDER,Schneider Electric Infrastructure Limited,Capital Goods,Industrials,Electrical Equipment & Parts,29534.0,33.3,Power T&D Equipment,"Schneider Electric Infrastructure Limited designs, manufactures, builds, and services products and systems for electricity distribution in India and internationally. The company offers air-insulated switchgear, e-house and switchyard solutions, vacuum circuit breakers and protection relays, ring main units, gas-insulated switchgear, oil and dry type transformers, automation platforms and digital e"
RRKABEL,R R Kabel Limited,Capital Goods,Industrials,Electrical Equipment & Parts,27278.0,124.37,Cables & Wires,"R R Kabel Limited manufactures and sells wires and cables, and fast-moving electrical goods under the RR Signature brand name in India and internationally. It offers house wires, industrial wires, low and medium voltage power cables, solar, and special cables. The company also provides fans, lighting, switches, switchgear, and other accessories; and water heaters, room heaters, iron, air coolers,"
FINCABLES,Finolex Cables Limited,Capital Goods,Industrials,Electrical Equipment & Parts,21407.0,145.53,Cables & Wires,"Finolex Cables Limited engages in the manufacture and sale of electrical and communication cables, and other electrical appliances in India and internationally. The company operates through Electrical Cables, Communication Cables, Copper Rods, and Others segments. It offers PVC, flame retardant low smoke, halogen free flame retardant insulated industrial, and 3 core flat cables; communication cabl"
HBLENGINE,HBL Engineering Limited,Capital Goods,Industrials,Electrical Equipment & Parts,20785.0,64.83,,"HBL Engineering Limited manufactures and sells batteries and other products in India and internationally. It operates through Industrial batteries, Defense and Aviation batteries, and Electronics segments. The company offers lead acid batteries, nickel-cadmium batteries, silver zinc batteries, defence, and lithium batteries. It also provides rail signaling electronics, electronic fuzes for ammunit"
GRAPHITE,Graphite India Limited,Capital Goods,Industrials,Electrical Equipment & Parts,15880.0,79.54,,"Graphite India Limited manufactures and sells graphite electrodes, and carbon and graphite specialty products in India and internationally. The company operates through Graphite and Carbon, Steel, and Others segments. It offers a range of graphite electrodes with various diameter and power for AC and DC furnaces. The company also provides extruded graphite in the form of rods and blocks, mini rods"
ATLANTAELE,Atlanta Electricals Limited,Capital Goods,Industrials,Electrical Equipment & Parts,13037.0,19.27,,"Atlanta Electricals Limited engages in the manufacture and sale of transformers to institutional and corporate customers in India. Its products include power, auto, inverter duty, generator, furnace, and transformers. It also provides after-sales support services. The company serves transmission, steel, dairies, solar, textile, construction, and infrastructure industries. Atlanta Electricals Limit"
QPOWER,Quality Power Electrical Equipments Limited,Capital Goods,Industrials,Electrical Equipment & Parts,11511.0,45.62,,"Quality Power Electrical Equipments Limited provides power products and solutions for power generation, transmission, distribution, and automation sectors in India and internationally. It offers metal enclosed capacitor banks; reactors, including series, shunt, FACTS/HVDC, and iron core reactors; transformers comprising special purpose, earthing, converter duty, dry type, and arc furnace transform"
VOLTAMP,Voltamp Transformers Limited,Capital Goods,Industrials,Electrical Equipment & Parts,10929.0,28.73,Power T&D Equipment,"Voltamp Transformers Limited manufactures and sells electrical transformers in India. It offers oil filled transformers, cast resin transformers, unitized sub-stations, induction furnace transformers, switchgears, compact sub stations, and ring main units. The company also provides various services related to transformers and electrical systems, including spares; asset management; diagnostic and c"
TARIL,Transformers And Rectifiers (India) Limited,Capital Goods,Industrials,Electrical Equipment & Parts,8352.0,28.44,Power T&D Equipment,"Transformers and Rectifiers (India) Limited, together with its subsidiaries, manufactures and sells transformers in India. The company provides power transformers, such as generator transformers, unit and station auxiliary transformers, small and medium power transformers, and trackside transformers for railways; and rectifier transformers, including 6 and 12/24 pulse transformers with IPT, as wel"
HEG,HEG Limited,Capital Goods,Industrials,Electrical Equipment & Parts,4795.0,69.37,,"HEG Advanced Materials Limited engages in the research and development of advanced battery materials, battery solutions. It manufactures custom machined components. The company also operates thermal power plants and a hydroelectric power facility. The company was formerly known as HEG Limited and change its name to HEG Advanced Materials Limited in September 2026. HEG Advanced Materials Limited wa"
OSWALPUMPS,Oswal Pumps Limited,Capital Goods,Industrials,Electrical Equipment & Parts,3149.0,8.31,,"Oswal Pumps Limited manufactures and sells solar pumps in India. The company offers solar-powered and grid-connected submersible and monoblock pumps, electric motors, and solar modules under the Oswal brand. It serves agricultural, residential, commercial, and industrial sectors. It also exports its products to Australia, Egypt, Iraq, Italy, Lebanon, Libya, Nepal, Saudi Arabia, the United Arab Emi"
SYRMA,Syrma SGS Technology Limited,Capital Goods,Technology,Electronic Components,33002.0,130.59,Electronics Manufacturing Services,"Syrma SGS Technology Limited operates as an electronics system design and manufacturing company in India, the United States, Germany, and internationally. The company offers electronic manufacturing services, such as PCBAs for industries and end applications; assemblies, including PCBAs, enclosures, wire harnesses, testing, and custom packing; EOL and functional testers based on customer specifica"
KAYNES,Kaynes Technology India Limited,Capital Goods,Technology,Electronic Components,24536.0,388.71,Electronics Manufacturing Services,"Kaynes Technology India Limited designs, manufactures, and sells electronic modules and solutions in India and internationally. It provides conceptual design, process engineering, integrated manufacturing, and life cycle support for various industries including automotive, industrial, aerospace and defence, outer-space, medical, railways, internet of things, information technology, and other indus"
AVALON,Avalon Technologies Limited,Capital Goods,Technology,Electronic Components,16626.0,81.33,Electronics Manufacturing Services,"Avalon Technologies Limited, together with its subsidiaries, provides integrated electronic manufacturing services in India, the United States, and internationally. Its capabilities include printed circuit board assemblies; custom cables and wire harness assemblies; magnetic assemblies; sheet metal fabrication and assemblies, as well as contract services; aerospace sheet metal fabrication; precisi"
KRN,KRN Heat Exchanger and Refrigeration Limited,Capital Goods,Technology,Electronic Components,9272.0,35.18,,"KRN Heat Exchanger and Refrigeration Limited manufactures and sells heating ventilation and air conditioning (HVAC) parts and accessories in India and internationally. It offers condenser, chilled water, evaporator, floating type, fluid and steam, heating, sea water, and Ss coils; charge air, combi oil, converter offline oil, oil, transformer oil, water coolers, and radiators; refrigerator compone"
WAAREERTL,Waaree Renewable Technologies Limited,Capital Goods,Industrials,Engineering & Construction,8495.0,7.88,,"Waaree Renewable Technologies Limited engages in the generation of power through renewable energy sources in India. The company offers ground mounted solar; capex model; resco opex; rooftop solar; floating solar; and operations and maintenance solutions. It also provides engineering, procurement, and construction (EPC) services. The company serves the individual, industrial, and commercial sectors"
AXISCADES,AXISCADES Technologies Limited,Capital Goods,Industrials,Engineering & Construction,7825.0,29.16,,"AXISCADES Technologies Limited operates as an engineering solutions company in Europe, the United States, the Asia Pacific, and Canada. It operates through Technology Services and Solutions, and Strategic technology solutions. The company offers product design and development, embedded electronics and avionics, manufacturing engineering services, systems engineering and integration, product lifecy"
SKIPPER,Skipper Limited,Capital Goods,Industrials,Engineering & Construction,6845.0,60.35,,"Skipper Limited manufactures and sells transmission and distribution structures, telecom towers, and fasteners in India. The company operates through three segments: Engineering Products, Infrastructure Projects, and Polymer Products. The Engineering Products segment offers power transmission towers, telecom towers, tower accessories, fasteners, angles, channels, high mast and swaged poles, solar"
PRAJIND,Praj Industries Limited,Capital Goods,Industrials,Engineering & Construction,5738.0,15.23,Industrial Machinery,"Praj Industries Limited operates in the field of bio-based technologies and engineering in India and internationally. It offers solutions for the ethanol industry, including multi-feed multi-product plants, modernization of existing plants, and renewable fuels comprising BioCNG, iso-butanol, etc.; and high purity system solutions for the biopharma industry, sterile formulations, topical and oral f"
TRANSRAILL,Transrail Lighting Limited,Capital Goods,Industrials,Engineering & Construction,5561.0,15.3,,"Transrail Lighting Limited, an engineering, procurement, and construction (EPC) company, engages in the designing, manufacturing, testing, installation, and supply of galvanized steel structures and conductors for power transmission and distribution in India and internationally. The company also provides EPC for civil construction, such as bridges, tunnels, elevated roads, and cooling towers; solu"
ASHOKLEY,Ashok Leyland Limited,Capital Goods,Industrials,Farm & Heavy Construction Machinery,95010.0,217.99,,"Ashok Leyland Limited, together with its subsidiaries, manufactures and sells commercial vehicles in India. It operates in Commercial Vehicle and Financial Service segments. The company offers ICV trucks, haulage vehicles, tractors, and tippers; buses; light commercial vehicle goods carriers and passenger vehicles, and small commercial vehicle goods carriers; defense vehicles, such as armored, hig"
ESCORTS,Escorts Kubota Limited,Capital Goods,Industrials,Farm & Heavy Construction Machinery,31026.0,16.69,,"Escorts Kubota Limited manufactures and sells agricultural and construction equipment in India and internationally. The company offers rotavators, straw reapers, super seeders, MB ploughs, orchard sprayers, paddy harvesters, seed drills, and rice transplanters; filters, pumps, engine assemblies, gear parts, clutch systems, hydraulic pumps, cylinders, lubricants, oils, and service kits; and generat"
ACE,Action Construction Equipment Limited,Capital Goods,Industrials,Farm & Heavy Construction Machinery,14645.0,34.98,,"Action Construction Equipment Limited manufactures and sells material handling and construction equipment primarily in India and internationally. The company operates through two segments: Crane, Material Handling and Construction equipment, and Agri Equipment. It also offers mobile cranes, truck mounted cranes, crawler cranes, rough terrain hydraulic mobile cranes, material handling equipment lik"
PTCIL,PTC Industries Limited,Capital Goods,Industrials,Metal Fabrication,33433.0,70.66,,"PTC Industries Limited manufactures and sells high-precision metal castings in India and internationally. The company offers torque tubes, airframe structural components, engine mounts, turbine frames, engine liners, swirlers, and injectors for aircraft structures and propulsion systems; turbine frames, blades, buckets, vanes, inlet and outlet structures, and bearing housings for aero engines; and"
RHIM,RHI MAGNESITA INDIA LIMITED,Capital Goods,Industrials,Metal Fabrication,7599.0,5.63,,"RHI Magnesita India Limited engages in the manufacture and trading of refractories, monolithics, bricks, and ceramic paper in India and internationally. The company offers isostatically pressed continuous casting refractories, slide gate plates, nozzles and well blocks, tundish nozzles, bottom purging refractories and top purging lances, slag arresting darts, castables, and high alumina bricks, an"
BALUFORGE,Balu Forge Industries Limited,Capital Goods,Industrials,Metal Fabrication,6296.0,80.02,,"Balu Forge Industries Limited manufactures and sells crankshafts in India and internationally. It offers bombshell, stainless steel flanges, valve components, stub ends, forged hydraulic fittings, railway wheels, axles, wheel sets, swan necks, flange balls, tow bar, sorting, snap, shank, ramshorn lifting hooks, hub, brake flange, disc, caliper, rotor, track, body and piston brakes, front axle beam"
TIMETECHNO,Time Technoplast Limited,Capital Goods,Consumer Cyclical,Packaging & Containers,8897.0,45.2,,"Time Technoplast Limited manufactures and sells composite and polymer products in India. It operates thorugh two segments, Polymer and Composite. The company offers industrial packaging products, including drums, containers, jerry cans, pails, and PET sheets under TECHPACK brand; infrastructure solutions, such as high-density polyethylene (HDPE) pipes under Max'M brand, as well as DWC pipes; and e"
EPL,EPL Limited,Capital Goods,Consumer Cyclical,Packaging & Containers,7676.0,59.96,,"EPL Limited, together with its subsidiaries, manufactures and sells plastic packaging materials in the Americas, Europe, Africa, the Middle East, South Asia, and East Asia Pacific. It offers dispensing systems, caps and closures, laminated tubes, laminates, and extruded tubes. The company also provides laminated tubes, including Platina, Platina Pro, r-Platina, Platina Me, Platina Vision, Platina"
TITAGARH,TITAGARH RAIL SYSTEMS LIMITED,Capital Goods,Industrials,Railroads,10083.0,39.45,,"Titagarh Rail Systems Limited manufactures and sells freight and passenger rail systems in India and internationally. The company offers forged wheel set, cast bogies, couplers, draft gear, loco shells, and cast manganese steel crossing products; flat, hopper, tank, box, automobile-carrying, covered, and special purpose wagons; and brake vans. It also provides passenger rolling stock products, inc"
JWL,Jupiter Wagons Limited,Capital Goods,Industrials,Railroads,9747.0,14.71,,"Jupiter Wagons Limited manufactures and sells railway wagons, wagon components, and railway transportation equipment in India and internationally. It provides open, covered, flat, hopper, container, and special purpose wagons; and wagon accessories, such as alloy steel cast bogies, high tensile center buffer couplers, and high-capacity draft gears. The company also offers train sets, passenger, an"
TEXRAIL,Texmaco Rail & Engineering Limited,Capital Goods,Industrials,Railroads,4656.0,22.39,,"Texmaco Rail & Engineering Limited manufactures, sells, and provides services for rail and rail related products in India. It operates through four segments: Freight Car Division, Infra Rail & Green Energy, Infra Electrical, and Real Estate. The company offers freight cars, such as railway freight cars, loco components and shells, and steel castings; steel girders for railway bridges; and pressure"
WAAREEENER,Waaree Energies Limited,Capital Goods,Technology,Solar,71884.0,125.96,Renewable Energy Equipment,"Waaree Energies Limited manufactures and trades in solar photovoltaic modules in India and internationally. It operates through Solar Photovoltaic Modules; Generation of Power; and Engineering, Procurement and Construction Contract segments. The company offers PV modules, such as HJT, N Type, mono PERC, flexible, and special modules; single and three phase on-grid inverter; solar kits; battery ene"
PREMIERENE,Premier Energies Limited,Capital Goods,Technology,Solar,41529.0,89.43,Renewable Energy Equipment,"Premier Energies Limited, together with its subsidiaries, manufactures, sells, and trades in solar cells and modules in India and internationally. The company offers P-type mono PERC and N-type TOPCon photovoltaic cells, including M10R 10BB mono PERC solar cells, G12R 16BB n-type bifacial solar cells, and G12R 0BB n-type bifacial solar cells; and a range of p-type mono PERC and n-type TOPCon bifac"
EMMVEE,Emmvee Photovoltaic Power Limited,Capital Goods,Technology,Solar,23581.0,42.86,,"Emmvee Photovoltaic Power Limited manufactures and sales solar cells, photovoltaic modules, and photovoltaic systems across India and Europe. Its products include TopCon Photovoltaic Module and TopCon Photovoltaic cells. It also executes grid and off-grid photovoltaic power projects on a turnkey basis and operates solar power plants. The company serves independent power producers, entities operati"
UTLSOLAR,Fujiyama Power Systems Limited,Capital Goods,Technology,Solar,12953.0,11.08,,"Fujiyama Power Systems Limited manufactures and sells roof-top solar products and solutions under the UTL Solar and Fujiyama Solar brands in India and internationally. It offers solar power generation systems, such as solar panels, hybrid solar inverter, off and on- grid inverter, online solar power conditioning units, solar management unit, and lithium-ion and tubular lead acid batteries; power b"
BORORENEW,BOROSIL RENEWABLES LIMITED,Capital Goods,Technology,Solar,6973.0,21.25,,"Borosil Renewables Limited engages in the manufacture and sale of flat glass products in India and internationally. It provides low iron textured solar glass for various applications in photovoltaic (PV) panels, flat plate collectors, and greenhouses. It also offers 2 MM fully tempered solar glass; Shakti, a solar glass in matt-matt finish; NoSbEra, an antimony-free solar glass; Selene, an anti-gl"
VIKRAMSOLR,Vikram Solar Limited,Capital Goods,Technology,Solar,5934.0,29.47,,"Vikram Solar Limited engages in the manufacture and sale of solar photovoltaic modules/systems in India and internationally. It also engineering, procurement and construction (EPC) and operation and maintenance of solar power plant. It sells its products under the Suryava, Hypersol, Hypersol Pro, Paradea, and SOMERA brand names. It also involved in rooftop projects. The company was incorporated in"
SAATVIKGL,Saatvik Green Energy Limited,Capital Goods,Technology,Solar,5486.0,2.56,,"Saatvik Green Energy Limited manufactures and sells solar photovoltaic modules in India and internationally. Its solar energy products include monocrystalline passive emitter and rear cell modules and N-TopCon solar modules for various applications comprising residential, commercial, and utility scale solar projects. The company also provides solar pumps, such as solar submersible and surface pump"
WEBELSOLAR,Websol Energy System Limited,Capital Goods,Technology,Solar,3127.0,14.28,Renewable Energy Equipment,"Websol Energy System Limited manufactures and sells solar photovoltaic (PV) cells and modules in India and internationally. It serves solar module manufacturers. The company was formerly known as Websol Energy Systems Ltd. and changed its name to Websol Energy System Limited in October 2011. The company was incorporated in 1990 and is based in Kolkata, India."
GRWRHITECH,Garware Hi-Tech Films Limited,Capital Goods,Basic Materials,Specialty Chemicals,14995.0,25.56,,"Garware Hi-Tech Films Limited manufactures and sells polyester films in India, the United States, and internationally. The company offers paint protection and sun control films. It also offers defendo-dual reflective, spectrally selective, deco vista, safety, designer, privacy, reflective, IR rejection, writable, antigraffity, and whiteboard films, as well as HP films. In addition, the company pro"
ABB,ABB India Limited,Capital Goods,Industrials,Specialty Industrial Machinery,154079.0,129.68,Power T&D Equipment,"ABB India Limited develops and sells products and system solutions to utilities, industries, channel partners, and original equipment manufacturers in India and internationally. It operates through Motion, Robotics and Discrete Automation, Electrification, and Process Automation segments. The Motion segment offers motors, generators, and drives that provide power, motion, and control for a range o"
BHEL,Bharat Heavy Electricals Limited,Capital Goods,Industrials,Specialty Industrial Machinery,150913.0,256.84,Power T&D Equipment,"Bharat Heavy Electricals Limited operates as power plant equipment manufacturer in India and internationally. The company operates in two segments, Power and Industry. It offers equipment supplies; spares and services; and undertakes engineering, procurement, and construction works for coal and lignite, gas, hydro and nuclear power plant, transportation, transmission, defence, aerospace, captive p"
CUMMINSIND,Cummins India Limited,Capital Goods,Industrials,Specialty Industrial Machinery,140457.0,210.55,Engines & Pumps,"Cummins India Limited engages in the design, manufacture, distribution, and service of engines, generator sets, and related technologies in India, Nepal, and Bhutan. The company operates through two segments, Engines and Lubes. It provides accelera, G-drive, fire pump drive, hydrogen, and natural gas and browse engines; and generators and power systems, including integrated power systems, alternat"
SIEMENS,Siemens Limited,Capital Goods,Industrials,Specialty Industrial Machinery,138424.0,129.41,Power T&D Equipment,"Siemens Limited, a technology company, industry, infrastructure, mobility, and healthcare business in India and internationally. It operates through Smart Infrastructure, Mobility, Digital Industries, and Others segments. The Smart Infrastructure supplies products, systems, solutions, and services for transmission and distribution of electrical energy for power utilities, industrial companies, and"
GVT&D,GE Vernova T&D India Limited,Capital Goods,Industrials,Specialty Industrial Machinery,111792.0,354.76,Power T&D Equipment,"GE Vernova T&D India Limited engages in power transmission and distribution business in India and internationally. It offers grid solutions for generation, transmission, distribution, and industries and infrastructures, such as HVDC/FACTS, AC substations solution and services for system integration; HV/MV equipment, including circuit breakers, disconnectors, instrument transformers, power transfor"
SUZLON,Suzlon Energy Limited,Capital Goods,Industrials,Specialty Industrial Machinery,59577.0,179.34,Renewable Energy Equipment,"Suzlon Energy Limited, together with its subsidiaries, manufactures and sells wind turbine generators and related components in India and internationally. The company operates through the WTG, Foundry & Forging, O&M services, and Others segments. It offers onshore wind turbine generators with capacities ranging from 2 MW to 6 MW, and classic fleet turbines; and services including project developme"
AIAENG,AIA Engineering Limited,Capital Goods,Industrials,Specialty Industrial Machinery,36778.0,12.79,Industrial Machinery,"AIA Engineering Limited designs, develops, produces, installs, and services high chromium parts in India, the United Arab Emirates, and internationally. The company offers lining systems, DE assemblies, fasteners, and ceramic composite alloys; diaphragms, shell liners, grinding media, mill liners, FLS, pfeiffer, polysius, and loesche; blow bars, hammers, impellers, anvils, feed disks, and frame li"
KIRLOSENG,Kirloskar Oil Engines Limited,Capital Goods,Industrials,Specialty Industrial Machinery,31031.0,84.68,Engines & Pumps,"Kirloskar Oil Engines Limited manufactures and distributes diesel engines, agricultural pump sets, electric pump sets, power tillers, generating sets, and spares in India and internationally. It operates in three segments: Business to Business, Business to Customer, and Financial Services. The company offers power generation solutions, such as gensets, backup solutions, generator electrical, retro"
JYOTICNC,Jyoti CNC Automation Limited,Capital Goods,Industrials,Specialty Industrial Machinery,25332.0,90.4,,"Jyoti CNC Automation Limited engages in the manufacture and sale of metal cutting computer numerical control machines in India, rest of Asia, Europe, the Middle East, North America, South America, and Africa. The company's product portfolio includes CNC turning centers, CNC turn mill centers, CNC vertical machining centers, CNC horizontal machining centers, CNC 5 axis machining centers, and CNC mu"
TDPOWERSYS,TD Power Systems Limited,Capital Goods,Industrials,Specialty Industrial Machinery,23350.0,130.17,,"TD Power Systems Limited, together with its subsidiaries, manufactures and sells AC generators and electric motors in India and internationally. The company offers steam turbine, gas turbine, hydro turbine, gas engine, and diesel engine generators; and induction, traction, and synchronous motors; and hydro, and diesel power plants, as well as geothermal and wind applications. It also provides desi"
DIACABS,Diamond Power Infrastructure Limited,Capital Goods,Industrials,Specialty Industrial Machinery,22490.0,30.86,Cables & Wires,"Diamond Power Infrastructure Limited manufactures and sells power transmission equipment. The company provides power cables that includes low voltage, high voltage, extra high voltage cables, control cables, fire-resistant and flame-retardant, medium voltage, instrumentation, communication, marine and offshore, single and multicore, solar DC and EV charging cables. It also offers and transmission"
MTARTECH,Mtar Technologies Limited,Capital Goods,Industrials,Specialty Industrial Machinery,21579.0,65.28,Defence,"MTAR Technologies Limited manufactures and sells high precision, heavy equipment, components, and machines in India and internationally. The company offers space solutions comprising liquid propulsion engines; cryogenic engines, including turbo pumps, booster pumps, gas generators, and injector heads; and electro-pneumatic modules. It also provides mechanical subsystems and systems integration for"
ELGIEQUIP,Elgi Equipments Limited,Capital Goods,Industrials,Specialty Industrial Machinery,19299.0,24.12,,"Elgi Equipments Limited manufactures and sells air compressors and related parts in India, Europe, Australia, the United States, and internationally. It operates through two segments, Air Compressors and Automotive Equipments. The company offers oil lubricated screw and piston air compressors, oil free piston and screw air compressors, rotary and reciprocating air compressors, diesel and electric"
INOXINDIA,INOX India Limited,Capital Goods,Industrials,Specialty Industrial Machinery,18996.0,51.96,,"INOX India Limited manufactures and supplies cryogenic liquid storage and transport tanks for gas companies and engineering, procurement, and construction (EPC) companies in India and internationally. The company offers industrial gas equipment comprising storage and transport tanks, microbulk units, vaporizers and piping, and oil and gas equipment. It also provides liquid nitrogen containers, bio"
AZAD,Azad Engineering Limited,Capital Goods,Industrials,Specialty Industrial Machinery,17856.0,98.33,,"Azad Engineering Limited manufactures and sells precision-engineered components for energy and power generation, aerospace and defence, and oil and gas industries in India and internationally. It offers fixed air foil, last stage air foil rotary, welding chamfers, last stage air foil stationary, stator and rotor air foils, compressor air foils, hot gas parts, slips, drill bits, hatch cover, bonnet"
TRITURBINE,Triveni Turbine Limited,Capital Goods,Industrials,Specialty Industrial Machinery,17664.0,21.34,Industrial Machinery,"Triveni Turbine Limited, together with its subsidiaries, manufactures and supplies power generating equipment and solutions in India and internationally. The company offers backpressure and condensing steam turbines for a range of combined heat and power and power generation applications; and American Petroleum Institute single and multi-stage steam turbines for various drive, chemicals, petrochem"
TEGA,Tega Industries Limited,Capital Goods,Industrials,Specialty Industrial Machinery,15995.0,37.29,,"Tega Industries Limited designs, manufactures, and installs process equipment and accessories for the mineral processing, mining, and material handling industries. It offers a range of grinding mill liners, such as DynaPrime, DynaSteel, DynaPulp, and DynaWear. The company also offers conveyor components products comprising centrax, friflo, spill-ex skirt sealing, bed system manufacturer, eco-flip"
KIRLOSBROS,Kirloskar Brothers Limited,Capital Goods,Industrials,Specialty Industrial Machinery,14270.0,5.22,Engines & Pumps,"Kirloskar Brothers Limited provides fluid management solutions worldwide. The company manufactures various pumps, including utility, solid handling, process, split-case, multi-stage, sump, vertical inline and turbine, non-clog submersible, special engineered, firefighting, and nuclear pumps; and sluice/gate, non-return/check, globe, air, ball, suction diffuser, triple duty, and butterfly valves. I"
KSB,Ksb Limited,Capital Goods,Industrials,Specialty Industrial Machinery,13968.0,10.81,,"KSB Limited manufactures and sells power-driven pumps and industrial valves in India and internationally. It operates through Pumps and Valves segments. The Pumps segment manufactures and trades in industrial, submersible, and effluent treatment pumps, etc.; and provides related spares and services. The Valves segment is involved in the manufacture and trading of industrial valves and spares; and"
INOXWIND,Inox Wind Limited,Capital Goods,Industrials,Specialty Industrial Machinery,13394.0,79.67,Renewable Energy Equipment,"Inox Wind Limited engages in the manufacture and sale of wind turbine generators and components for independent power producers, utilities, public sector undertakings, businesses, and private investors in India. It provides rotor, generator, braking system, gear box, and towers. The company also offers infrastructure services, such as wind resource assessment and site screening, land acquisition a"
LLOYDSENGG,LLOYDS ENGINEERING WORKS LIMITED,Capital Goods,Industrials,Specialty Industrial Machinery,13173.0,35.92,,"Lloyds Engineering Works Limited provides engineering products and services in India. It designs, engineers, manufactures, fabricates, supplies, erects, installs, and commissions mechanical, hydraulic, structural, process plants, metallurgical, and chemical plants equipment, including marine loading/unloading arms, truck/wagon loading/unloading arms, columns, pressure vessels, dryers, boilers, pow"
KIRLPNU,Kirloskar Pneumatic Company Limited,Capital Goods,Industrials,Specialty Industrial Machinery,9283.0,9.4,,"Kirloskar Pneumatic Company Limited, together with its subsdiary, engages manufacture and sale of compression and transmission products in India. It operates through Compression Systems and Other non-reportable segments. The company offers reciprocating refrigeration compressors, screw refrigeration compressors and packages, industrial refrigeration packages, marine HVAC and R, steam driven vapour"
ELECON,Elecon Engineering Company Limited,Capital Goods,Industrials,Specialty Industrial Machinery,9278.0,11.3,Industrial Machinery,"Elecon Engineering Company Limited manufactures and sells industrial gears and material handling equipment in India and internationally. The company operates in two segments, Material Handling Equipment and Transmission Equipment. It offers helical and bevel helical, planetary, worm, wind turbine, marine, and custom-built gear boxes; and customized gear boxes, loose gears, and couplings. The compa"
GMMPFAUDLR,GMM Pfaudler Limited,Capital Goods,Industrials,Specialty Industrial Machinery,6776.0,46.74,Industrial Machinery,"GMM Pfaudler Limited designs, manufactures, installs, and services corrosion-resistant equipment and complete chemical process systems used in the chemical, pharmaceutical, and other industries in India and internationally. The company offers glass-lined technology comprising lining, glass-line reactors and mixing systems, baffling technology, storage tanks and receivers, columns, instrumentation,"
SHAKTIPUMP,Shakti Pumps (India) Limited,Capital Goods,Industrials,Specialty Industrial Machinery,5811.0,18.09,Engines & Pumps,"Shakti Pumps (India) Limited, together with its subsidiaries, manufactures and sells pumping solutions in India and internationally. It offers submersible, solar, vertical multistage centrifugal, monoblock end suction, pressure booster, waste water, open well, positive displacement submersible, shallow well and slow speed, immersible, single shaft vertical multistage, solar open well, plug and pla"
GREAVESCOT,Greaves Cotton Limited,Capital Goods,Industrials,Specialty Industrial Machinery,4626.0,14.48,,"Greaves Cotton Limited operates engineering and mobility retail business in India, the Middle East, Africa, Southeast Asia, and internationally. It operates in four segments: Engines; Electric Mobility & Other Vehicles; Cables & Control Levers; and Others. The company engages in the provision of engines for farm equipment, gensets, and spares; manufacture and trade of electric vehicles and its spa"
ANUP,The Anup Engineering Limited,Capital Goods,Industrials,Specialty Industrial Machinery,3269.0,3.39,,"The Anup Engineering Limited, together with its subsidiaries, provides engineering products in India and internationally. The company is also involved in manufacturing and fabrication of process equipment. In addition, it offers static process equipment, including heat exchangers, reactors, pressure vessels, columns and towers, and custom fabrication products; technology products, such as helix ch"
WELCORP,Welspun Corp Limited,Capital Goods,Basic Materials,Steel,72853.0,642.44,,"Welspun Corp Limited, together with its subsidiaries, manufactures, trades in, distributes, and sells steel pipes, tubes, bars, coils, and plates in India, the United States, and internationally. It operates through Steel Products and Others segments. The company offers carbon steel line pipes comprising longitudinal submerged arc welding, helically submerged arc welding, high frequency welding, b"
APLAPOLLO,APL Apollo Tubes Limited,Capital Goods,Basic Materials,Steel,60560.0,150.26,,"APL Apollo Tubes Limited manufactures and sells structural steel tubes and related value added products in India and internationally. The company offers circular hollow sections, square hollow sections, rectangular hollow sections, and GP Pipes for residential housing, commercial buildings, and infrastructure; apollo structural tubes, apollo Z+, apollo galv, apollo build products for industrial st"
SHYAMMETL,Shyam Metalics and Energy Limited,Capital Goods,Basic Materials,Steel,30546.0,28.74,,"Shyam Metalics and Energy Limited, a metal-producing company, produces and sells long steel products, ferro alloys, and aluminium and stainless steel in India and internationally. The company offers carbon steel products, such as pellet, sponge and pig iron, billet, TMT bar, structural bar, structural steel, wire rods, and crash barrier; SS rebar, hot rolled bar, bright bar, wires, welding wires,"
RATNAMANI,Ratnamani Metals & Tubes Limited,Capital Goods,Basic Materials,Steel,19464.0,19.08,,"Ratnamani Metals & Tubes Limited engages in the manufacturing of stainless-steel pipes, tubes, and carbon steel pipes in India and internationally. The company offers stainless steel products, such as heat exchanger tubes, instrumentation seamless tubes, and stainless-steel pipes; nickel alloy seamless heat exchanger tubes; titanium welded tubes; carbon steel products, including ERW pipes and SAW"
JINDALSAW,Jindal Saw Limited,Capital Goods,Basic Materials,Steel,18685.0,63.23,,"Jindal Saw Limited engages in the manufacture and supply of iron and steel pipes, and pellets in India and internationally. The company offers SAW pipes, such as double jointing, connector casings, hot pulled induction bends, monel sheating and anodes installation, post weld heat treatment, eddy current testing, and clad, as well as external and internal coatings, and line pipes; centrifugal caste"
USHAMART,Usha Martin Limited,Capital Goods,Basic Materials,Steel,16252.0,33.9,,"Usha Martin Limited, together with its subsidiaries, manufactures and sells steel wires, strands, wire ropes, wire drawing and allied machine, cord, and related accessories in India and internationally. The company offers wire ropes, including crane, mining, elevator, oil and offshore, fishing, general engineering, aerial transportation, structural, and forestry ropes, as well as conveyor cords. I"
GPIL,Godawari Power And Ispat limited,Capital Goods,Basic Materials,Steel,15409.0,30.73,,"Godawari Power & Ispat Limited, together with its subsidiaries, engages in the mining of iron ores in India. It manufactures and sells iron ore pellets, sponge iron, steel billets, MS rounds, wire rods, HB wires, and ferro alloys with generation of electricity, as well as ferro and silico manganese, galvanized fabricated products, and rolled structural products. The company was formerly known as I"
GALLANTT,Gallantt Ispat Limited,Capital Goods,Basic Materials,Steel,13194.0,2.78,,"Gallantt Ispat Limited engages in manufacture and sale of iron and steel products in India. The company offers TMT bars, sponge iron, M.S. round bars and billets, iron ore pellets, and MIS roll bars. It also involved in real estate and cement businesses. The company offers its products to real estate developers, construction industries, government organizations, and corporate customers. The compan"
MAHSEAMLES,Maharashtra Seamless Limited,Capital Goods,Basic Materials,Steel,9473.0,21.25,,"Maharashtra Seamless Limited engages in the manufacture and sale of seamless steel pipes and tubes in India. The company operates through three segments: Steel Pipes & Tubes, Power  Electricity, and RIG. It offers mild steel and galvanized pipes; API line pipes; oil country tubular goods (OCTG) pipes; and hot finished pipes and tubes, and cold drawn and boiler tubes. It also provides coated pipes"
JAYNECOIND,Jayaswal Neco Industries Limited,Capital Goods,Basic Materials,Steel,8894.0,28.71,,"Jayaswal Neco Industries Limited engages in the manufacture and sale of ally steel, and iron and steel castings in India. It operates through Steel; Iron and Steel Castings; and Other segments. The company offers steel products, including pellets, sponge and pig iron, billets, bright bar, alloy steel bars, and wire rods, as well as metallic products used in axles, fasteners, springs, connecting ro"
MIDHANI,Mishra Dhatu Nigam Limited,Capital Goods,Basic Materials,Steel,7841.0,33.23,Defence,"Mishra Dhatu Nigam Limited manufactures and sells super alloys, titanium, special purpose steel, and other special metals in India and internationally. The company provides high value speciality steels, including ultra-high strength steel, armour grade plates, precipitation hardening steel, and ferritic, martensitic and austenitic stainless steels; cast superalloy single-crystal blade material for"
SURYAROSNI,Surya Roshni Limited,Capital Goods,Basic Materials,Steel,4596.0,7.63,,"Surya Roshni Limited manufactures and sells steel pipes and strips, and lighting and consumer durables in India. The company offers GI pipes for agriculture and irrigation, casing and tubing, water transportation/plumbing and pipelines, green houses, firefighting, street light poles, and solar panels; API/3LPE coated spiral pipes for oil and gas, and water transportation, and city gas distribution"
TIMKEN,Timken India Limited,Capital Goods,Industrials,Tools & Accessories,23595.0,10.24,Bearings,"Timken India Limited manufactures, sells, and distributes tapered and other roller bearings, components, accessories, and mechanical power transmission products in India, the United States, and internationally. The company offers engineered bearing products, such as mounted, roller, energy efficient, ball, precision, plain, thrust bearings, engineered seals, bearing accessories, and lubricant solu"
SKFINDUS,SKF India (Industrial) Limited,Capital Goods,Industrials,Tools & Accessories,14238.0,11.67,,"SKF India (Industrial) Limited manufactures and sells bearings products in India and internationally. The company offers rolling bearings, mounted bearings and housings, super-precision bearings, slewing bearings, plain bearings, magnetic bearings and systems, and thin section bearings; industrial and automotive seals; lubricants, manual lubrication tools, lubricators, automatic lubrication system"
ENRIN,Siemens Energy India Limited,Capital Goods,Utilities,Utilities - Renewable,114482.0,96.26,,"Siemens Energy India Limited engages in energy business. The company offers air insulated and gas insulated switchgears, bushings, instrument transformers and coils, power transformers, reactors, and traction transformers; gas turbines and steam turbines; hydrogen-powered hybrid power plants; and power generators. It also provides engineering procurement and construction services for projects; ope"
COROMANDEL,Coromandel International Limited,Chemicals,Basic Materials,Agricultural Inputs,57165.0,19.98,Fertilisers,"Coromandel International Limited provides agriculture solutions in India and internationally. The company operates through the Nutrient and Other Allied Business, and Crop Protection segments. It offers crop nutrition products, including fertilizers, specialty nutrients, organic, and nano products; crop protection products comprising insecticides, fungicides, herbicides, plant growth regulators, a"
FACT,Fertilizers and Chemicals Travancore Limited,Chemicals,Basic Materials,Agricultural Inputs,51879.0,11.85,Fertilisers,"The Fertilisers and Chemicals Travancore Limited manufactures and markets fertilizers and petrochemicals in India. It operates through Fertilizer and Petrochemical segments. The company offers complex fertilizers, including ammonium phosphate and sulphate, and zincated factamfos; straight fertilizers, such as ammonium sulphate; organic fertilizers under the FACT Organic and FACT Organic Plus brand"
UPL,UPL Limited,Chemicals,Basic Materials,Agricultural Inputs,47327.0,100.61,Agrochemicals,"UPL Limited, together with its subsidiaries, manufactures and sells pesticides, insecticides, and micronutrients in India, Brazil, the United States, the United Kingdom, and internationally. It operates through Crop protection, Seeds & Post-Harvest solutions, and Non-Agro segments. The company offers herbicides, fungicides, insecticides, acaricides, seed treatment, adjuvants, bio-solutions, public"
PIIND,PI Industries Limited,Chemicals,Basic Materials,Agricultural Inputs,35223.0,35.46,Agrochemicals,"PI Industries Limited, together with its subsidiaries, manufactures and distributes of agricultural chemicals in India, rest of Asia, North America, Europe, and internationally. It operates through Agro Chemicals and Pharma segments. The company offers agrochemicals, including insecticides, fungicides, herbicides, and biologicals; crop solutions for soybeans, chili, sugarcane, rice, wheat, cotton,"
SUMICHEM,Sumitomo Chemical India Limited,Chemicals,Basic Materials,Agricultural Inputs,22689.0,7.96,Agrochemicals,"Sumitomo Chemical India Limited engages in the manufacture and sale of household and public health insecticides, agricultural pesticides, and animal nutrition products in India and internationally. It also offers crop protection products, such as insecticides, herbicides, fungicides, and miticides; household pesticides; animal nutrition; plant nutrition and plant growth regulators; fumigants and r"
BAYERCROP,Bayer Cropscience Limited,Chemicals,Basic Materials,Agricultural Inputs,16966.0,5.64,Agrochemicals,"Bayer CropScience Limited, together with its subsidiaries, engages in the agriculture business in India, Germany, Bangladesh, and internationally. The company manufactures, sells, and distributes agrochemical products, including insecticides, fungicides, herbicides, seed treatment solutions, and biologicals; produces, sells, and distributes hybrid corn seeds, as well as rice, fruits, and vegetable"
CHAMBLFERT,Chambal Fertilizers & Chemicals Limited,Chemicals,Basic Materials,Agricultural Inputs,16715.0,20.88,Fertilisers,"Chambal Fertilisers and Chemicals Limited, together with its subsidiaries, produces and sells fertilizers primarily in India. The company operates through Own Manufactured Fertilisers; Complex Fertilisers; Crop Protection Chemicals and Speciality Nutrients and Seeds; and Others segments. It offers urea; di-ammonium phosphate, muriate of potash, and triple super phosphate; NPK fertilizers; and crop"
PARADEEP,Paradeep Phosphates Limited,Chemicals,Basic Materials,Agricultural Inputs,16173.0,47.95,Fertilisers,"Paradeep Phosphates Limited manufactures, trades, distributes, and sells urea and complex fertilizers in India. It sells its products through dealers and retailers under the Navratna and Jai Kisaan and Mangala brand names. The company offers di-ammonium phosphate; nitrogen, phosphorus, and potassium fertilizers; muriate of potash; triple super phosphate; zypmite; phospho-gypsum; sulphuric acid; hy"
SHARDACROP,Sharda Cropchem Limited,Chemicals,Basic Materials,Agricultural Inputs,6728.0,8.8,Agrochemicals,"Sharda Cropchem Limited, a crop protection chemical company, engages in the provision of various formulations and generic active ingredients worldwide. The company operates through Agrochemicals and Non- Agrochemicals segments. It offers agrochemical products, including insecticides, fungicides, herbicides, veterinary drugs, plant growth regulators, fumigants, regulators, rodenticides, dithianon,"
GSFC,Gujarat State Fertilizers & Chemicals Limited,Chemicals,Basic Materials,Agricultural Inputs,6007.0,15.6,Fertilisers,"Gujarat State Fertilizers & Chemicals Limited produces and sells fertilizers and chemicals in India. The company operates in two segments, Fertilizer Products and Industrial Products. It offers fertilizers, including neem coated urea, di-ammonium phosphate, boronated NPK, muriate of potash, ammonium phosphate sulphate, gypsum, and ammonium sulphate. The company provides industrial products, such a"
RCF,Rashtriya Chemicals and Fertilizers Limited,Chemicals,Basic Materials,Agricultural Inputs,5999.0,11.45,Fertilisers,"Rashtriya Chemicals and Fertilizers Limited manufactures, markets, and sells fertilizers and industrial chemicals in India. The company operates through Fertilizers, Industrial Chemicals, and Trading segments. It offers various fertilizers, including Suphala 15:15:15, a NPK fertilizer; Urea, a nitrogenous fertilizer; Biola, a bio-fertilizer; Sujala, a water-soluble fertilizers; Microla micronutrie"
RALLIS,Rallis India Limited,Chemicals,Basic Materials,Agricultural Inputs,3931.0,10.46,Agrochemicals,"Rallis India Limited manufactures and markets agri input products in India and internationally. It offers crop protection products, including insecticides, herbicides, fungicides, and bio pesticide; organic and micronutrient fertilizers, and plant growth nutrients; seeds, such as maize, watermelon, cauliflower, cabbage, bottle gourd, cucumber, bitter gourd, chilli, okra, tomato, millet, paddy, and"
NFL,National Fertilizers Limited,Chemicals,Basic Materials,Agricultural Inputs,3279.0,3.15,Fertilisers,"National Fertilizers Limited engages in the production and marketing of neem coated urea, bio-fertilizers, and other allied Industrial products in India. It operates through Manufactured Fertilizers, Manufactured Chemicals, Traded Imported Fertilizers, and Others segments. The company offers urea; bentonite sulphur; and bio fertilizers, including rhizobium, azectobactor and PSB, and zinc solubiliz"
NAVINFLUOR,Navin Fluorine International Limited,Chemicals,Basic Materials,Chemicals,43543.0,89.65,Fluorochemicals,"Navin Fluorine International Limited manufactures and sells specialty fluorochemicals in India and internationally. The company offers refrigerants for various applications, including room air conditioning, commercial refrigeration, industrial cooling, mobile air conditioning, cold chain, and heat pumps under the Mafron brand for original equipment manufacturers, service technicians, and equipment"
DEEPAKNTR,Deepak Nitrite Limited,Chemicals,Basic Materials,Chemicals,21636.0,51.26,Amines & Intermediates,"Deepak Nitrite Limited manufactures, trades, and sells chemical intermediates in India and internationally. It operates through Advanced Intermediates and Phenolics segments. The company offers sodium nitrite, sodium nitrate, nitro toluidines, fuel additives, nitrosylsulfuric acid, xylidines, oximes, cumidines, speciality agrochemicals, optical brighteners, nitric acid, fluorinated compounds, DASD"
TATACHEM,Tata Chemicals Limited,Chemicals,Basic Materials,Chemicals,17698.0,38.72,Chlor-Alkali & Soda Ash,"Tata Chemicals Limited, together with its subsidiaries, manufactures, markets, sells, and distributes basic chemistry and specialty products in India, Asia, Africa, Europe, the United Kingdom, the Americas, and internationally. It operates through two segments, Basic Chemistry Products and Specialty Products. The company offers dense, heavy, high purity, industrial grade, and light soda ash; allie"
DEEPAKFERT,Deepak Fertilizers and Petrochemicals Corporation Limited,Chemicals,Basic Materials,Chemicals,17260.0,27.9,Fertilisers,"Deepak Fertilisers And Petrochemicals Corporation Limited engages in the manufacture, trade, and sale of bulk chemicals in India. It operates through the Chemicals, Fertilisers, and Realty segments. The company offers chemicals, including ammonia, methanol, dilute and concentrated nitric acid, carbon dioxide, iso-propyl alcohol, propane, and bulk and speciality chemicals; and fertilisers, such as"
GNFC,Gujarat Narmada Valley Fertilizers and Chemicals Limited,Chemicals,Basic Materials,Chemicals,8668.0,35.32,Fertilisers,"Gujarat Narmada Valley Fertilizers & Chemicals Limited engages in the manufacturing and selling of fertilizers, industrial chemical products and providing IT services in India and internationally. It operates in two segments, Chemical and Fertilizers. The Chemical segment offers chemicals and petrochemicals plants such as methanol, formic acid, acetic acid, toluene di- isocyanate (TDI), technical"
ACI,Archean Chemical Industries Limited,Chemicals,Basic Materials,Chemicals,5756.0,17.74,,"Archean Chemical Industries Limited manufactures and sells specialty marine chemicals in India and internationally. It offers bromine for use in pharmaceuticals, agrochemicals, flame retardants, and water treatment products, as well as oil and gas, and energy storage industries; industrial salt for chloralkali chemical, food and beverage, water treatment, and oil and gas industries; and sulphate o"
ELLEN,Ellenbarrie Industrial Gases Limited,Chemicals,Basic Materials,Chemicals,5263.0,21.91,,"Ellenbarrie Industrial Gases Limited manufactures industrial and medical gases in India. It offers industrial gases, such as oxygen, nitrogen, argon, carbon dioxide, helium, acetylene, hydrogen, nitrous oxide, synthetic air, and special gases; and medical gases, including medical oxygen, medical nitrogen, medical nitrous oxide, and medical grade carbon dioxide. The company also provides project en"
GHCL,GHCL Limited,Chemicals,Basic Materials,Chemicals,3864.0,3.93,Chlor-Alkali & Soda Ash,"GHCL Limited, together with its subsidiaries, manufactures and trades inorganic chemicals in India and internationally. The company offers light soda ash, a basic industrial alkali chemical used in powdered, paste, soap and detergents, pulp and paperand chemical products; dense soda ash for use in glass manufacturing, silicate, ultramarine, and other chemical industries; and refined sodium bicarbo"
STYRENIX,Styrenix Performance Materials Limited,Chemicals,Basic Materials,Chemicals,3688.0,7.13,,"Styrenix Performance Materials Limited engages in the manufacture, trading, and sale of engineering thermoplastics in India. It offers Absolac, a plastic resin that is used for manufacturing of automobile interiors and exteriors, household appliances, and housings for electronic devices; and Absolan, which is primarily used in industrial goods, cosmetic packing, stationery, electrical appliances,"
SRF,SRF Limited,Chemicals,Industrials,Conglomerates,75287.0,55.4,Fluorochemicals,"SRF Limited manufactures, purchases, and sells technical textiles, chemicals, packaging films, and other polymers. It operates through Technical Textiles Business, Chemicals Business, Performance Films and Foil Business, and Others segments. The company offers polyester and nylon tyre cord, belting, coated, and laminated fabrics; and polyester industrial yarns. It also provides fluorochemicals, su"
SWANCORP,SWAN CORP LIMITED,Chemicals,Industrials,Conglomerates,9473.0,26.64,,"Swan Corp Limited manufactures and markets cotton, polyester cotton, linen and viscose fabrics, and non-lycra products in India and internationally. It operates through Textiles, Energy, Construction/Others, Distribution & Development, Warehousing, Manufacturing, and Shipyard segments. The company develops commercial and residential real estate projects. It is also involved in the operation of the"
SUDEEPPHRM,Sudeep Pharma Limited,Chemicals,Healthcare,Drug Manufacturers - Specialty & Generic,12921.0,28.32,,"Sudeep Pharma Limited manufactures and sells excipients and specialty ingredients for the pharmaceutical, food, and nutrition industries in India, the United States, and internationally. The company provides mineral salts, such as iron, calcium, sodium, zinc, copper, magnesium, manganese, potassium, picolinates, simethicone, and others;It also offers micronutrient premixes and liposomal, encapsula"
SOLARINDS,Solar Industries India Limited,Chemicals,Basic Materials,Specialty Chemicals,174329.0,309.08,Defence,"Solar Industries India Limited, together with its subsidiaries, manufactures and sells industrial explosives, explosive initiating devices, and high energy materials for mining and defense applications in India and internationally. The company offers industrial explosives comprising bulk, packaged, non-permitted, permitted, and seismic explosives; initiating systems; electronic, non-electric, and"
PIDILITIND,Pidilite Industries Limited,Chemicals,Basic Materials,Specialty Chemicals,160237.0,92.6,,"Pidilite Industries Limited, together with its subsidiaries, engages in the consumer and industrial specialty chemicals business in India and internationally. It operates through the Consumer & Bazaar, and Business to Business segments. The Consumer & Bazaar segment offers adhesives, sealants, art and craft materials; and construction and paint chemicals for carpenters, painters, plumbers, mechani"
LINDEINDIA,Linde India Limited,Chemicals,Basic Materials,Specialty Chemicals,53529.0,10.78,,"Linde India Limited manufactures and sells industrial and medical gases in India and internationally. It operates through Gases, Related Products and Services; and Project Engineering Division segments. It supplies oxygen, nitrogen, and argon gases through onsite pipeline systems, bulk liquid distribution networks, and packaged gas solutions. The company also engages in manufacture of industrial a"
FLUOROCHEM,Gujarat Fluorochemicals Limited,Chemicals,Basic Materials,Specialty Chemicals,50092.0,56.2,Fluorochemicals,"Gujarat Fluorochemicals Limited engages in the manufacture and trading of refrigerant gases, fluorochemicals, fluoropolymers, battery chemicals, wind energy, and renewable energy solutions in India, Europe, the United States, and internationally. It provides caustic soda, carbon tetrachloride, chlorine, methylene di chloride, hydrochloric acid, sodium hydrogen sulphate, hydrogen gas, fluorspar, ch"
HSCL,Himadri Speciality Chemical Limited,Chemicals,Basic Materials,Specialty Chemicals,34132.0,223.43,,"Himadri Speciality Chemical Limited manufactures and sells carbon materials and chemicals in India and internationally. The company operates through Carbon Materials and Chemicals and Power segments. It offers anode materials, LFP cathodes, and recycling materials. The company also provides SDS, TDS, ASTM, lithium mining and refining, and carbon black; tyre, MRG, plastics, ink, and coatings; refin"
AETHER,Aether Industries Limited,Chemicals,Basic Materials,Specialty Chemicals,21762.0,33.51,,"Aether Industries Limited produces and sells advanced intermediates and specialty chemicals in India and internationally. It provides large-scale manufacturing, contract research and manufacturing services, as well as contract/exclusive manufacturing services. The company serves its products to the chemical industry, including multinational, regional, and local companies in the pharmaceuticals, ag"
AARTIIND,Aarti Industries Limited,Chemicals,Basic Materials,Specialty Chemicals,18129.0,33.41,Amines & Intermediates,"Aarti Industries Limited engages in the manufacturing and dealing in specialty chemicals and intermediates in India and internationally. The company offers chemistry products, such as alkylation, ammonolysis, balz schiemann, bromination, chlorination, condensation, denitrochlorination, diazotization, dinitro chlorination, esterification, fluorination, grignard's reagent, halex, hydrogenation, hydr"
ATUL,Atul Limited,Chemicals,Basic Materials,Specialty Chemicals,17918.0,15.62,Specialty & Performance Chemicals,"Atul Ltd manufactures and sells chemicals and other chemical products worldwide. The company offers 2 nitro para cresol, 2-methylcyclohexyl acetate, allyl caproate and heptanoate, ambrettolide, anethole, cresol mixture, manganese sulphate monohydrate, ortho cresol and methoxy toluene, phenyl acetic acid, skatole, and sodium sulfite and sulphate, as well as anisic aldehyde, anisyl acetate and alcoh"
SPLPETRO,Supreme Petrochem Limited,Chemicals,Basic Materials,Specialty Chemicals,16277.0,13.93,,"Supreme Petrochem Limited engages in the manufacture and sale of polystyrene, expandable polystyrene, masterbatches and compounds of styrenics and other polymers, and extruded polystyrene insulation board in India and internationally. Supreme Petrochem Limited was incorporated in 1989 and is based in Mumbai, India."
PRIVISCL,Privi Speciality Chemicals Limited,Chemicals,Basic Materials,Specialty Chemicals,13772.0,20.17,,"Privi Speciality Chemicals Limited, together with its subsidiaries, manufactures, supplies, and trades in aroma and fragrance chemicals in India and internationally. The company offers aroma chemicals, including alpha damascone, alpha ionone, alpha terpenyl acetate, amber fleur, amber gamma, ambery woody extreme, beta iso damascol, bi perfumery and technical grades, camphor, carene, carvacrol, ced"
PCBL,PCBL Chemical Limited,Chemicals,Basic Materials,Specialty Chemicals,13549.0,32.63,,"PCBL Chemical Limited, together with subsidiaries, produces, sells, and exports carbon black in India and internationally. The company operates through Carbon Black, Power, Chemicals, and Battery Chemical segments. It offers carbon black for tires, performance chemicals, specialty chemicals, and other materials under the CarboNext, ECOZEN, Royale Black, Bluemina, NuTone, VEDABLACK, and Energia bra"
ANURAS,Anupam Rasayan India Limited,Chemicals,Basic Materials,Specialty Chemicals,13216.0,30.55,Specialty & Performance Chemicals,"Anupam Rasayan India Ltd engages in the custom synthesis and manufacturing of specialty chemicals in India, Europe, Japan, Singapore, China, North America, and internationally. It operates through two segments: Life Science related Specialty Chemicals and Other Specialty Chemicals. The company offers life science related specialty chemicals, such as agro intermediates and agro active ingredients f"
SUDARSCHEM,Sudarshan Chemical Industries Limited,Chemicals,Basic Materials,Specialty Chemicals,10015.0,34.57,,"Sudarshan Chemical Industries Limited, together with its subsidiaries, manufactures and sells organic, inorganic and effect pigments, performance colorants, pearlescent pigments, and specialty chemicals in India and internationally. It operates through two segments, Pigments and Others. The company offers architectural, automotive, floor, industrial, wood, coil, glass, and powder coating products,"
JUBLINGREA,Jubilant Ingrevia Limited,Chemicals,Basic Materials,Specialty Chemicals,9893.0,10.79,,"Jubilant Ingrevia Limited engages in life science products and solutions in India, the United States, Europe, China and internationally. It operates in three segments, Specialty Chemicals, Nutrition & Health Solutions, and Chemical Intermediates. The Specialty Chemicals segment offers bio-pyridine and -picolines, fine chemicals, agro chemicals, custom development and manufacturing services, and mi"
ALKYLAMINE,Alkyl Amines Chemicals Limited,Chemicals,Basic Materials,Specialty Chemicals,9554.0,12.3,Amines & Intermediates,"Alkyl Amines Chemicals Limited manufactures and supplies amines, amine derivatives, and other specialty chemicals in India and internationally. The company offers aliphatic amines, such as methylamines, ethylamines, isopropylamines, n-propylamines, n-butylamines, ethylhexylamines, furfurylamines, n-propylamines, and cyclohexylamines; and amine derivatives, including dimethylamine hydrochloride, di"
CLEAN,Clean Science and Technology Limited,Chemicals,Basic Materials,Specialty Chemicals,8874.0,23.97,Specialty & Performance Chemicals,"Clean Science and Technology Limited, together with its subsidiaries, manufactures fine and specialty chemicals in India, China, the United States, Europe, and internationally. It operates through Performance Chemicals, FMCG Chemicals, and Pharma & Agro Intermediates segments. The company offers performance chemicals, including monomethyl ether of hydroquinone, butylated hydroxy anisole, ascorbyl"
RAIN,Rain Industries Limited,Chemicals,Basic Materials,Specialty Chemicals,7137.0,89.03,,"Rain Industries Limited, together with its subsidiaries, manufactures and sells carbon, advanced materials, and cement products in India and internationally. The company operates through three segments: Carbon, Advanced Materials, and Cement. It offers calcined petroleum coke, coal tar pitch, green petroleum coke, and derivatives of coal tar distillation, including carbon black, creosote, naphthal"
NEOGEN,Neogen Chemicals Limited,Chemicals,Basic Materials,Specialty Chemicals,7089.0,35.08,,"Neogen Chemicals Limited engages in the manufacture and sale of specialty chemicals in India. It offers organo bromine compounds, such as alkyl bromide compounds, dibromoalkane compounds, bromo chloro alkanes, bromine derivatives of organoacids, bromoacid ester compounds, aromatic bromine derivatives, cyclic bromine derivatives, and speciality bromo fluro derivatives; speciality chloro compounds c"
BALAMINES,Balaji Amines Limited,Chemicals,Basic Materials,Specialty Chemicals,6904.0,52.06,Amines & Intermediates,"Balaji Amines Limited engages in the manufacture and sale of methylamines, ethylamines, and derivatives of specialty chemicals and pharma excipients in India and internationally. The company operates in two segments, Chemicals and Hotel. It offers monomethylamine, dimethylamine, trimethylamine, monoethylamine, diethylamine, triethylamine, and dimethyl and diethyl amino ethanol; and specialty chemi"
LXCHEM,Laxmi Organic Industries Limited,Chemicals,Basic Materials,Specialty Chemicals,4936.0,13.96,Amines & Intermediates,"Laxmi Organic Industries Limited, together with its subsidiaries, manufactures and trades acetyl intermediates and specialty chemicals in India and internationally. The company offers essential products, such as ethyl acetate, acetaldehyde, acetic anhydride, n-propyl acetate, n-butyl acetate, and other proprietary solvents; and specialty products, such as ketene and diketene derivatives, fluorospe"
LT,Larsen & Toubro Limited,Construction,Industrials,Engineering & Construction,537248.0,521.62,EPC & Infrastructure Contractors,"Larsen & Toubro Limited engages in engineering, procurement, and construction projects (EPC) in India and internationally. The company operates through four segments: Infrastructure Projects, Energy Projects, Hi-Tech Manufacturing, and Others. The Infrastructure Projects segment is involved in the engineering and construction of building and factories, transportation infrastructure, heavy civil in"
RVNL,Rail Vikas Nigam Limited,Construction,Industrials,Engineering & Construction,43725.0,82.54,,"Rail Vikas Nigam Limited, together with its subsidiaries, engages in rail infrastructure works in India and internationally. The company undertakes rail project development and implementation, as well as provides financial resources mobilization services. It also executes various railway projects, including new lines, doubling, gauge conversion, railway electrification, workshops, bridge work, meg"
KPIL,Kalpataru Projects International Limited,Construction,Industrials,Engineering & Construction,24576.0,18.62,EPC & Infrastructure Contractors,"Kalpataru Projects International Limited provides engineering, procurement, and construction (EPC) services for power transmission and distribution, buildings and factories, water supply and irrigation, railways, oil and gas, and urban infrastructure sectors in India and internationally. The company operates in Engineering, Procurement and Construction; Developmental Project; and Others segments."
NBCC,NBCC (India) Limited,Construction,Industrials,Engineering & Construction,22451.0,42.05,,"NBCC (India) Limited engages in project management consultancy, engineering procurement and construction, and real estate development businesses in India and internationally. The company operates through three segments: PMC; EPC; and Real Estate. It offers services for various civil construction projects, including residential and commercial complexes, re-development of old government colonies, ed"
CEMPRO,Cemindia Projects Limited,Construction,Industrials,Engineering & Construction,21585.0,26.51,,"Cemindia Projects Limited provides construction and civil engineering contracting services in India. The company constructs maritime structures, including jetties, dolphins, service platforms, quay, berths on concrete and steel piles, solid gravity type wharf structures, ship lifts, dry docks, wet basins, and inclined berths; mass rapid transport systems (MRTs); airports; highways, bridges, and fl"
ENGINERSIN,Engineers India Limited,Construction,Industrials,Engineering & Construction,16032.0,73.96,EPC & Infrastructure Contractors,"Engineers India Limited, an engineering consultancy company, provides design, engineering, procurement, construction, and integrated project management services for oil, gas, fertilizers, steel, railways, power, infrastructure, and petrochemical industries worldwide. The company operates through two segments, Consultancy & Engineering Projects, and Turnkey Projects. It offers supply chain manageme"
TECHNOE,Techno Electric & Engineering Company Limited,Construction,Industrials,Engineering & Construction,11772.0,13.28,EPC & Infrastructure Contractors,"Techno Electric & Engineering Company Limited provides engineering, procurement, and construction (EPC) services to the power generation, transmission, and distribution sectors in India. It offers operates gas insulated, hybrid, and EHV substations; and offers STATCOM installation services, as well as engages in flue gas desulphurization projects. The company also offers metering infrastructure an"
KEC,KEC International Limited,Construction,Industrials,Engineering & Construction,10736.0,28.77,EPC & Infrastructure Contractors,"KEC International Limited engages in the engineering, procurement, and construction (EPC) business. It designs, manufactures, supplies, and erects transmission lines on turnkey basis; executes gas insulated transmission lines; undertakes EPC projects of high voltage electrical switching and distribution substations, as well as transmission lines in oil field areas; and turnkey solutions for railwa"
WELENT,Welspun Enterprises Limited,Construction,Industrials,Engineering & Construction,10642.0,45.77,,"Welspun Enterprises Limited engages in the engineering, procurement, and construction of infrastructure development projects in India. The company develops and operates infrastructure for road transport, water, tunneling, and rehabilitation; hybrid annuity model and build; operate and transfer; and oil and gas exploration activities. It engages in carrying out operation and maintenance activities,"
IRCON,Ircon International Limited,Construction,Industrials,Engineering & Construction,10238.0,16.37,,"Ircon International Limited, together with its subsidiaries, engages in providing engineering and construction services. It undertakes construction of new railway lines; rehabilitation/conversion of existing lines, station buildings and facilities, and bridges; construction of railway bridges, tunnels, and signaling and telecommunication networks; railway electrification works; wet leasing of loco"
RITES,RITES Limited,Construction,Industrials,Engineering & Construction,9767.0,6.11,,"RITES Limited, together with its subsidiaries, operates as an engineering consultancy company in the field of railways, highways, airports, ports, ropeways, urban transport, and inland waterways. The company operates through five segments: Consultancy Services; Leasing of Railway Rolling Stock & Equipments; Export of Rolling Stock, Equipments and Spares; Turnkey Construction Projects; and Power Ge"
AFCONS,Afcons Infrastructure Limited,Construction,Industrials,Engineering & Construction,9443.0,22.06,,"Afcons Infrastructure Limited, together with its subsidiaries, engages in infrastructure, engineering, and construction businesses in India and internationally. The company undertakes marine works, highways, bridges, metro works, power houses, tunnels, oil and gas, liquified natural gas tanks, and other general civil engineering projects. It also constructs ports and harbour jetties, dry docks, we"
NCC,NCC Limited,Construction,Industrials,Engineering & Construction,8541.0,29.11,EPC & Infrastructure Contractors,"NCC Limited operates in the construction business in India and internationally. It operates through the Construction, Real Estate, and Others segments. The company constructs buildings, including hospitals, medical colleges, institutional buildings, sports complexes, housing projects, IT parks, hospitals, stadiums, and industrial and commercial buildings; transportation projects comprising constru"
POWERMECH,Power Mech Projects Limited,Construction,Industrials,Engineering & Construction,7728.0,10.0,,"Power Mech Projects Limited, together with its subsidiaries, provides services in power and infrastructure sectors in India and internationally. The company engages in the erection, testing, and commissioning of boilers, turbines, and generators; balance of plant (BOP), civil works and operation and maintenance (O&M); and overhauling and renovation of thermal power plants, as well as undertakes pr"
DBL,Dilip Buildcon Limited,Construction,Industrials,Engineering & Construction,6844.0,3.7,,"Dilip Buildcon Limited, together its subsidiaries, engages in the development of infrastructure facilities on engineering, procurement, and construction (EPC) basis in India. The company operates through Engineering, Procurement and Construction (EPC) Projects & Road Infrastructure Maintenance, and Annuity Projects & Others segments. It is involved in roads, highways, bridges, tunnels, irrigation,"
HCC,Hindustan Construction Company Limited,Construction,Industrials,Engineering & Construction,5718.0,64.76,,"Hindustan Construction Company Limited provides engineering and construction services in India and internationally. The company constructs roads, highways, expressways, bridges, elevated corridors, railways, metro rails, ports, and marine structures; dams, barrages, tunnels, powerhouses, shafts, and various underground works; and reactors, auxiliary buildings, spent fuel buildings, safety pump hou"
AHLUCONT,Ahluwalia Contracts (India) Limited,Construction,Industrials,Engineering & Construction,3887.0,4.74,,"Ahluwalia Contracts (India) Limited, together with its subsidiaries, operates as an engineering, procurement, and construction company in India and internationally. The company operates through Construction Contract, Lease Rental, and Others segments. Its portfolio includes residential and commercial buildings/complexes, hotels, institutional and hospital buildings, corporate offices, information"
PNCINFRA,PNC Infratech Limited,Construction,Industrials,Engineering & Construction,3604.0,9.7,,"PNC Infratech Limited, together with its subsidiaries, engages in the construction, development, operation, and management of infrastructure projects in India. The company undertakes various infrastructure projects, including roads, highways, bridges, flyovers, power transmission lines, airport runways and pavements, rural drinking water supply, irrigation, industrial area development, rail freigh"
KNRCON,KNR Constructions Limited,Construction,Industrials,Engineering & Construction,3429.0,22.63,,"KNR Constructions Limited, together with its subsidiaries, engages in the construction, engineering, and infrastructure development activities in India. The company provides engineering, procurement, and construction services for roads, highways, bridges and flyovers, expressways, roads & highways, viaducts, irrigation, urban water infrastructure management, and other projects. The Company also bu"
ASHOKA,Ashoka Buildcon Limited,Construction,Industrials,Engineering & Construction,3163.0,7.51,,"Ashoka Buildcon Limited engages in the construction business in India. The company operates through Construction & Contract Related Activity; Built, Operate and Transfer (BOT)/ Annuity Projects; and Sale of Goods segments. The company engages in the construction of infrastructure facilities on engineering, procurement, and construction basis, as well as built, operate, and transfer basis. It also"
HGINFRA,H.G. Infra Engineering Limited,Construction,Industrials,Engineering & Construction,2885.0,2.5,,"H.G. Infra Engineering Limited, together with its subsidiaries, engages in the provision of engineering, procurement, and construction (EPC) services in India. It operates through two segments, Construction and Renewable segments. The company provides EPC services on a turnkey basis and hybrid annuity model for civil construction and related infrastructure projects. It also undertakes projects und"
IRB,IRB Infrastructure Developers Limited,Construction,Industrials,Infrastructure Operations,21861.0,17.83,,"IRB Infrastructure Developers Limited engages in the infrastructure development in India. It operates through Built, Operate and Transfer (BOT)/Toll, Operate and Transfer (TOT); InvITs & Related Assets; and Construction segments. The company is involved in the operation and maintenance of roads; airport development; development of highways; investment in units of IRB Infrastructure Trust, IRB InvI"
SWSOLAR,Sterling and Wilson Renewable Energy Limited,Construction,Technology,Solar,4047.0,14.9,,"Sterling and Wilson Renewable Energy Limited provides renewable engineering, procurement, and construction (EPC) services in India, Europe, the Middle East, North Africa, rest of Africa, the United States, Latin America, and Australia. It operates through two segments, EPC Business; and Operations and Maintenance (O&M) Service. The company offers design and engineering; construction, installation,"
ULTRACEMCO,UltraTech Cement Limited,Construction Materials,Basic Materials,Building Materials,326528.0,276.25,,"UltraTech Cement Limited, together with its subsidiaries, engages in the manufacturing, marketing, and distribution of building materials in India and internationally. It offers grey cement, including ordinary Portland, composite, and weather plus, as well as Portland pozzolana, pozzolana super, and slag cement; white cement, wall care putty, and value-added products; and ready-mix concrete. The c"
GRASIM,Grasim Industries Limited,Construction Materials,Basic Materials,Building Materials,214735.0,293.02,,"Grasim Industries Limited, together with its subsidiaries, primarily produces cellulosic fibres, diversified chemicals, fashion yarns, and fabrics in india and internationally. The company operates through Cellulosic Fibres, Chemicals, Building Materials, Financial Services, and Others segments. It offers cellulosic staple fibre; and cellulosic fashion yarn; chlor-alkali comprising caustic soda; c"
AMBUJACEM,Ambuja Cements Limited,Construction Materials,Basic Materials,Building Materials,97094.0,51.79,,"Ambuja Cements Limited, together with its subsidiaries, manufactures, markets, and sells cement and related products to individual home builders, developers, institutional clients, masons, contractors, architects, and construction professionals in India. The company operates through Cement and Ready Mix Concrete segments. It offers Adani Ambuja Kawach, a water-repellent cement; Adani Ambuja Plus,"
SHREECEM,SHREE CEMENT LIMITED,Construction Materials,Basic Materials,Building Materials,81362.0,39.0,,"Shree Cement Limited engages in the manufacture and sale of cement and clinker in India and internationally. The company provides ordinary Portland, Portland pozzolana, Portland slag, and composite cements. It also produces ready mix concrete, as well as aerated autoclaved concrete blocks, a lightweight and precast building material. The company offers its products under the Bangur brand name. In"
JKCEMENT,JK Cement Limited,Construction Materials,Basic Materials,Building Materials,39306.0,18.66,,"J.K. Cement Limited manufactures and sells cement and its related products in India and internationally. The company offers grey cement products; JKMaxx paints, including interior and exterior emulsions, distemper, enamel, and primers; wall putty; and white cement. It also provides tile adhesives and grouts; and wood finishes, as well as construction chemicals solutions. The company was founded in"
DALBHARAT,Dalmia Bharat Limited,Construction Materials,Basic Materials,Building Materials,33123.0,13.89,,"Dalmia Bharat Limited, together with its subsidiaries, manufactures and sells cement and its related products primarily in India. It offers ordinary Portland cement (OPC), Portland pozzolana cement (PPC), Portland composite cement (PCC), and Portland slag cement (PSC) under the Dalmia DSP Cement, Dalmia Cement, Konark Cement, Dalmia Bharat Weather365, InfraPro Cement, and InstaPro Cement brand nam"
ACC,ACC Limited,Construction Materials,Basic Materials,Building Materials,23592.0,12.78,,"ACC Limited engages in the manufacture and sale of cement and ready-mix concrete in India. It operates in Cement and ancilliary services and Ready Mix Concrete segments. The company provides range of cement; ready mixed concrete value-added products; and bulk cement. It also offers construction chemicals, such as ACC LeakBlock, an integral waterproofing compound used in concrete and plaster while"
RAMCOCEM,The Ramco Cements Limited,Construction Materials,Basic Materials,Building Materials,20914.0,18.04,,"The Ramco Cements Limited, together with its subsidiaries, manufactures and sells cement and cement-related products in India and internationally. The company offers blended and ordinary Portland cement products; construction chemicals, including waterproofing, tiling and flooring, mortars and wall, and grouts and repair solutions under the Hard Worker brand; and ready-mix concrete. It also provid"
INDIACEM,The India Cements Limited,Construction Materials,Basic Materials,Building Materials,16037.0,2.18,,"The India Cements Limited manufactures and sells cement and cement-related products in India. The company offers grey and white cement, ready mix concrete, and clinkers. It also engages in the generation of power from windmills and thermal power plants; and provision of freight services, including ship hiring and chartering services. The company was incorporated in 1946 and is based in Chennai, In"
JSWCEMENT,JSW Cement Limited,Construction Materials,Basic Materials,Building Materials,15713.0,13.4,,"JSW Cement Limited manufactures and sells cement under the JSW Cement brand in India. The company offers Portland slag, ordinary Portland, composite, and Portland pozzolana cement products. It also provides construction chemicals comprising precision steel grouts, mortars, and waterproofing compounds, as well as tile adhesives, grouts, and cleaners; cementitious materials, including ground granula"
NUVOCO,Nuvoco Vistas Corporation Limited,Construction Materials,Basic Materials,Building Materials,11806.0,8.96,,"Nuvoco Vistas Corporation Limited manufactures and sale of cement and building materials products in India. It operates through Cement, and RMX and Other divisions. The company offers ordinary Portland, Portland slag, Portland pozzolana, and Portland composite cement products under the Concreto Uno, Duraguard, Double Bull, PSC, Nirmax, and Infracem brands; and ready-mix concrete under the Concreto"
STARCEMENT,Star Cement Limited,Construction Materials,Basic Materials,Building Materials,7821.0,4.73,,"Star Cement Limited manufactures and supplies cement and clinker products in India and internationally. The company offers ordinary Portland, Portland pozzolana, and antirust and weather shield products under the Star Cement brand. It also generates power, as well as provides fleet services. The company was formerly known as Cement Manufacturing Company Limited and changed its name to Star Cement"
JKLAKSHMI,JK Lakshmi Cement Limited,Construction Materials,Basic Materials,Building Materials,6403.0,7.01,,"JK Lakshmi Cement Limited manufactures and supplies cement in India. The company provides an array of cement products, including portland cement, portland pozzolana cement, portland slag cement and composite cement; and value-added products and services, including ready-mixed concrete, gypsum plaster, wall putty, primer, fly ash blocks, autoclaved aerated blocks, and adhesives. The company offers"
BIRLACORPN,Birla Corporation Limited,Construction Materials,Basic Materials,Building Materials,6353.0,3.79,,"Birla Corporation Limited manufactures and sells cement and clinker in India and internationally. It operates through three segments: Cement, Jute, and Others. The company offers ordinary Portland, Portland Pozzolana, and Portland slag cement under the MP Birla Cement Perfect Plus, MP Birla Cement Samrat Advanced, MP Birla Cement Ultimate Ultra, MP Birla Cement Unique, MP Birla Cement Samrat, MP B"
PRSMJOHNSN,Prism Johnson Limited,Construction Materials,Basic Materials,Building Materials,5861.0,3.57,,"Prism Johnson Limited, an integrated building materials company, manufactures and sells cement, tiles, and ready-mixed concrete in India and internationally. It operates through three segments: Cement, HRJ, and Ready Mixed Concrete (RMC). The company offers Portland pozzolana and ordinary Portland cement under the Champion, Champion Plus, Champion Duratech, and Champion All Weather brands. It also"
ORIENTCEM,Orient Cement Limited,Construction Materials,Basic Materials,Building Materials,2570.0,3.51,,"Orient Cement Limited manufactures and sells cement in India. The company offers pozzolana and ordinary Portland cement under the Birla A1 Premium Cement, Birla A1 StrongCrete, Birla A1 OrientGreen, and Birla A1 Dolphin brand names. Its products are used in residential, commercial, infrastructure, industrial, and community projects. The company was founded in 1979 and is based in Ahmedabad, India."
BLUESTARCO,Blue Star Limited,Consumer Durables,Industrials,Building Products & Equipment,32175.0,75.45,,"Blue Star Limited provides air conditioning and commercial refrigeration products, air and water purifiers, air coolers, cold storages, and specialty products in India. It operates through three segments: Electro-Mechanical Projects and Commercial Air Conditioning Systems; Unitary Products; and Professional Electronics and Industrial Systems. The Electro-Mechanical Projects and Commercial Air Cond"
KAJARIACER,Kajaria Ceramics Limited,Consumer Durables,Industrials,Building Products & Equipment,18865.0,16.73,,"Kajaria Ceramics Limited manufactures, sells, and distributes ceramic and vitrified wall and floor tiles under the Kajaria, GresBond, and Eternity brands in India and internationally. The company operates through Tiles and Others segments. It offers ceramic wall and floor tiles, polished vitrified tiles, glazed vitrified tiles, grestough floor tiles, tile adhesives, and tile cleaners. The company"
CERA,Cera Sanitaryware Limited,Consumer Durables,Industrials,Building Products & Equipment,7128.0,2.54,,"Cera Sanitaryware Limited manufactures, sells, and trades in building material products in India. The company offers sanitaryware, including toilets, wash basins, cisterns, seat covers, and fittings; faucets, showers, health faucets, allied products, and bath accessories; urinals; special needs bathroom products, shower chairs, and grab bars and handrails; green bathroom products; floor and wall t"
LGEINDIA,LG Electronics India Limited,Consumer Durables,Technology,Consumer Electronics,112425.0,86.06,,"LG Electronics India Limited manufactures and sells home appliances and consumer electronics in India, rest of Asia, Africa, Europe, the Middle East, South-Central America, and internationally. It operates in two segments, Home Appliances and Air Solution, and Home Entertainment. The Home Appliances and Air Solution segment offers refrigerators, washing machines, air conditioners, water purifiers,"
DIXON,Dixon Technologies (India) Limited,Consumer Durables,Technology,Consumer Electronics,81171.0,491.15,Electronics Manufacturing Services,"Dixon Technologies (India) Limited, together with its subsidiaries, engages in the manufacture and sale of electronic goods in India and internationally. The company offers display solutions, such as LED TVs, interactive flat panels, digital signages, and monitors; and lightning solutions, including special lamps, battens, bulbs, downlights, and strips and rope lights. It also provides home applia"
HAVELLS,Havells India Limited,Consumer Durables,Industrials,Electrical Equipment & Parts,69226.0,82.67,,"Havells India Limited, a fast-moving electrical and electronic durables company, manufactures, trades in, and sells various consumer electrical and electronic products in India and internationally. The company operates through six segments: Switchgears, Cables, Lighting and Fixtures, Electrical Consumer Durables, Lloyd Consumer, and Others. It offers switches; switchgears, such as circuit breakers"
VGUARD,V-Guard Industries Limited,Consumer Durables,Industrials,Electrical Equipment & Parts,14197.0,13.47,,"V-Guard Industries Limited manufactures and sells electrical and electronic products in India and internationally. It operates through four segments: Electronics, Electrical, Consumer Durables and Sunflame. The Electronics segment offers voltage stabilizers; and inverter, digital DUPS, inverter batteries, UPS, solar inverters, solar power systems, off grid and on grid systems and inverters, and on"
PGEL,PG Electroplast Limited,Consumer Durables,Technology,Electronic Components,15372.0,44.58,,"PG Electroplast Limited provides electronic manufacturing services for original equipment manufacturers in India and internationally. The company manufactures and/or assembles various consumer electronic components and finished products, such as kitchen appliances, air conditioners sub-assemblies, air cooler, washing machines, mobile handsets, and LEDs for third parties. It also offers automotive"
BATAINDIA,Bata India Limited,Consumer Durables,Consumer Cyclical,Footwear & Accessories,8164.0,7.38,,"Bata India Limited manufactures, sells, and trades in footwear and accessories through its retail and wholesale network in India and internationally. It offers men's footwear, including casual shoes, slippers and flipflops, as well as ethnic, formal, loafers, sandals, sneakers, sports, and outdoor shoes. The company also offers women's footwear, such as ballerinas, boots, casual, flats, flipflop,"
RELAXO,Relaxo Footwears Limited,Consumer Durables,Consumer Cyclical,Footwear & Accessories,7308.0,5.07,,"Relaxo Footwears Limited engages in the manufacture and sale of footwear and related products for men, women, and kids in India and internationally. The company offers casual, running, athleisure, walking, sneakers, formal, sports, school, and training and gym shoes; and slippers, sandals, flip-flops, slides, chappals, and clogs, as well as footwear accessories. The company also provides wind powe"
SAFARI,Safari Industries (India) Limited,Consumer Durables,Consumer Cyclical,Footwear & Accessories,7280.0,4.0,,"Safari Industries (India) Limited engages in the design, manufacturing, trading, and marketing of luggage, backpacks and travel accessories in India. The company offers hard, soft, laptop, and printed trolley bags; laptop, school, office, college, overnighters, adventure, formal, anti-theft, tech, and expandable storage backpacks; and accessories, such as messenger bags, duffle bags, sling bags, a"
CAMPUS,Campus Activewear Limited,Consumer Durables,Consumer Cyclical,Footwear & Accessories,6455.0,7.86,,"Campus Activewear Limited engages in the design, manufacture, marketing, and distribution of sports and athleisure footwear, apparels, and backpacks for men, women, and children in India and internationally. It offers general-purpose sports shoes for fitness, exercising, walking, and light sports activities; and sneakers, sandals, slippers and open footwear across men's, women's and kids under the"
REDTAPE,Redtape Limited,Consumer Durables,Consumer Cyclical,Footwear & Accessories,6435.0,4.33,,"REDTAPE Limited engages in the retail sale of footwear, garments, accessories and allied products in India and internationally. It provides footwear, such as boots, casual and formal shoes, sandals, sliders/flip flops, and sports shoes; topwear, including jackets, shirts, sweaters, sweat shirts/hoodies, and T-shirts; bottomwear, such as jeans, trousers, shorts, jeggings, and pants; and sportswear"
VIPIND,VIP Industries Limited,Consumer Durables,Consumer Cyclical,Footwear & Accessories,4203.0,10.84,,"V.I.P. Industries Limited manufactures and retails luggage, backpacks, handbags, and accessories in India and internationally. It offers hard luggage, soft luggage, duffle bags, backpacks, business satchels, and ladies' handbags. The company sells its products under the VIP, Caprese, Carlton, Skybags, Alfa, and Aristocrat brands through exclusive brand outlets and e-commerce platforms. It also exp"
VOLTAS,Voltas Limited,Consumer Durables,Consumer Cyclical,"Furnishings, Fixtures & Appliances",37790.0,77.58,,"Voltas Limited operates as air conditioning and engineering solutions in India, the Middle East, Africa, and internationally. The company operates through three segments: Unitary Cooling Products; Electro - Mechanical Projects and Services; and Engineering Products and Services. The company manufactures, sells, and services cooling appliances and cold storage products, such as room air conditioner"
AMBER,Amber Enterprises India Limited,Consumer Durables,Consumer Cyclical,"Furnishings, Fixtures & Appliances",25033.0,93.5,Electronics Manufacturing Services,"Amber Enterprises India Limited engages in the room air conditioners (RAC) industry in India. It offers complete built units and various components for consumer durable goods; room air conditioners, such as split AC, outdoor unit, window AC, and top-throw window AC; and commercial air conditioners, including cassette AC, tower AC, duct, VRF, water heat pump, and outdoor unit. The company also prov"
CROMPTON,Crompton Greaves Consumer Electricals Limited,Consumer Durables,Consumer Cyclical,"Furnishings, Fixtures & Appliances",14491.0,77.17,,"Crompton Greaves Consumer Electricals Limited manufactures and markets consumer electrical products in India. It operates in two segments, Electrical Consumer Durables and Lighting Products. The company offers fans, such as ceiling, table, wall-mounted, pedestal, ventilating, kitchen tower, exhaust, and industrial fans; and agriculture, industrial monoset, residential, compressor, specialty, and s"
WHIRLPOOL,Whirlpool of India Limited,Consumer Durables,Consumer Cyclical,"Furnishings, Fixtures & Appliances",9185.0,17.57,,"Whirlpool of India Limited manufactures and markets home appliances in India and internationally. It offers refrigerators, washing machines, air conditioners, microwave ovens, air fryer, kitchen, built-in, and small appliances, as well as dishwasher. The company sells its products through Internet. The company was incorporated in 1960 and is headquartered in Gurugram, India. Whirlpool of India Lim"
EUREKAFORB,Eureka Forbes Limited,Consumer Durables,Consumer Cyclical,"Furnishings, Fixtures & Appliances",7328.0,5.32,,"Eureka Forbes Limited engages in manufacturing, trading, renting, selling, and servicing of vacuum cleaners, water filter cum purifiers, air purifiers electronic air cleaning systems, and related products in India and internationally. The company also offers water softeners and water solutions. It serves individual consumers, educational institutions, retail stores, households, banks, IT companies"
CELLO,Cello World Limited,Consumer Durables,Consumer Cyclical,"Furnishings, Fixtures & Appliances",7111.0,6.94,,"Cello World Limited manufactures and sells consumer houseware and glassware products in India and internationally. The company offers vacuum-insulated steel products, including flasks, bottles, sports bottles, kids' bottles, mugs, tiffin's, soup and food jars, serving pots, and beverage dispensers, as well as hot pots, lunch packs, water jugs, single-walled steel bottles, and containers. It also p"
SFL,Sheela Foam Limited,Consumer Durables,Consumer Cyclical,"Furnishings, Fixtures & Appliances",7027.0,9.52,,"Sheela Foam Limited engages in the manufacture and sale of polyurethane foams and mattresses in India and internationally. The company provides technical foams, such as automotive, reticulated, sound absorption, visco-elastic, resilience, stable, silentech and ultraviolet stable foams, as well as specialty foams. It also offers comfort foam and home care products, consisting foam sheets, foam bloc"
IFBIND,IFB Industries Limited,Consumer Durables,Consumer Cyclical,"Furnishings, Fixtures & Appliances",4953.0,3.12,,"IFB Industries Limited, together with its subsidiaries, manufactures and trades in home appliances in India and internationally. It operates through the Engineering, Home Appliances, Motor, and Steel segments. Its products include laundry solution, such as front and top load washing machine, washer dryer refresher, and clothes dryer; kitchen solutions, including refrigerators, microwave, dishwashe"
WAKEFIT,Wakefit Innovations Limited,Consumer Durables,Consumer Cyclical,"Furnishings, Fixtures & Appliances",4864.0,11.78,,"Wakefit Innovations Limited manufactures and markets home furnishing products. Its products include mattresses, beds, rollup, side tables, sofas, wardrobes, dressing tables, pillows, cabinets and shelves, kitchen and dining cushions, home essentials, TV units, office chairs, coffee tables, mats, rugs and carpets, yoga mats, runner, double, curtains, bathrobes, and home décor, lifestyle needs, tabl"
BAJAJELEC,Bajaj Electricals Limited,Consumer Durables,Consumer Cyclical,"Furnishings, Fixtures & Appliances",3763.0,3.72,,"Bajaj Electricals Limited provides consumer products and lighting solutions in India. It offers ceiling, table, pedestal, wall, personal, tower, lifestyle, and domestic exhaust fans; ceiling lights, smart products, inverter lights, lamps, battens, decorative lights, accessories, outdoor lights, and portable lights; and indoor and outdoor lighting products. The company also provides water heaters/g"
CENTURYPLY,Century Plyboards (India) Limited,Consumer Durables,Basic Materials,Lumber & Wood Production,15627.0,3.01,,"Century Plyboards (India) Limited engages in the manufacture and sale of plywood, laminates, decorative veneers, medium density fiber boards (MDF), pre-laminated boards, particle boards, and flush doors in India. It operates through Plywood, Laminate, MDF, Plain Particle Board, CFS Services, and Others segments. The company provides plywood, blockboard, veneer, and timber; decorative laminates; an"
TITAN,Titan Company Limited,Consumer Durables,Consumer Cyclical,Luxury Goods,432565.0,238.43,,"Titan Company Limited, together with its subsidiaries, manufactures and sells watches, jewelry, eyewear, fragrances, women's bags, and other accessories and products in India and internationally. The company operates through four segments: Watches and Wearables, Jewellery, Eyecare, and Others. The company designs, manufactures, and retails watches and wearables under the Nebula, Titan, Titan Clock"
KALYANKJIL,Kalyan Jewellers India Limited,Consumer Durables,Consumer Cyclical,Luxury Goods,60054.0,439.09,,"Kalyan Jewellers India Limited, together with its subsidiaries, engages in the manufacture and retail of various gold and precious stone studded jewelry products in India, the Middle East, the United states of America, and United Kingdom, and internationally. It offers gold, diamond, silver, platinum, gemstone, and white and rose gold jewelry, including wedding, staple regional, aspirational, stud"
THANGAMAYL,Thangamayil Jewellery Limited,Consumer Durables,Consumer Cyclical,Luxury Goods,15325.0,43.69,,"Thangamayil Jewellery Limited operates a chain of retail jewelry stores in India. The company offers gold, diamond, silver, precious stones, and platinum jewelries, as well as silver articles and gold coins. It also involved in the manufacture and sale of jewelry, and other accessories and products. In addition, it offers gold saving schemes. The company provides its products through online. Thang"
BLUESTONE,BlueStone Jewellery and Lifestyle Limited,Consumer Durables,Consumer Cyclical,Luxury Goods,12917.0,50.02,,"BlueStone Jewellery and Lifestyle Limited designs, manufactures, and sells fine jewelry products under the BlueStone brand in India. The company offers rings, earrings, necklaces, pendants, solitaires, bangles, bracelets, kadas, studs, cufflinks, nazariyas, mangalsutras, nose pins, nose rings, nose screws, and chains; watch jewelry, including charms, bands, and pins; men's, kid's, platinum, gold,"
PCJEWELLER,PC Jeweller Limited,Consumer Durables,Consumer Cyclical,Luxury Goods,12473.0,481.53,,"PC Jeweller Limited manufactures, sells, and trades in gold, diamond, silver articles, precious stone, and gold and diamond studded jewelry in India. It offers rings, earrings, pendants, gold chains, bracelets and bangles, nose pins, necklaces, and mangalsutra, as well as men's jewelry. It sells its jewelry through its retail showrooms, franchisee showrooms, and online. It also exports its product"
SKYGOLD,SKY GOLD AND DIAMONDS LIMITED,Consumer Durables,Consumer Cyclical,Luxury Goods,12309.0,65.35,,"Sky Gold and Diamonds Limited designs, manufactures, assembles, cuts, polishes, markets, and sells gold and silver jewelry in India. The company offers rings, chains, mangalsutra, bracelets, pendants, necklaces, earrings, bangles, and customized jewellery. The company also offers American diamonds, natural diamonds, lab-grown diamonds and colour gemstones. In addition, the company imports, exports"
PNGJL,P N Gadgil Jewellers Limited,Consumer Durables,Consumer Cyclical,Luxury Goods,8855.0,25.62,,"P N Gadgil Jewellers Limited, together with its subsidiaries, engages in the retail sale of gems, diamonds, semi-precious stones, and jewellery products in India and the United States. It sells gold, silver, platinum, and diamond jewellery, including earrings, rings, necklaces, pendants, mangalsutras, bracelets and bangles, and nosepins, as well as naths, chains, and bullions. The company sells it"
ETHOSLTD,Ethos Limited,Consumer Durables,Consumer Cyclical,Luxury Goods,6940.0,8.13,,"Ethos Limited operates a chain of luxury watch boutiques in India. The company offers luxury and premium watches; pre-owned watches; jewellery and jewellery boxes; watch straps, stands, and winders; clocks and their spare parts; collector boxes; handbags and luggage products. It also provides product repair and services, including movement overhauling, battery replacement, ultrasonic cleaning, pol"
SENCO,Senco Gold Limited,Consumer Durables,Consumer Cyclical,Luxury Goods,5604.0,20.68,,"Senco Gold Limited engages in the manufacture and trading of jewelry and articles made of gold, silver, platinum, and other precious and semi-precious stones in India and internationally. It also manufactures diamond jewelry. In addition, the company provides a range of bracelets, cuff-links, chains, pendants, finger rings, and ear-studs under the AHAM brand; a range of costume and silver jewelry"
VAIBHAVGBL,Vaibhav Global Limited,Consumer Durables,Consumer Cyclical,Luxury Goods,3488.0,4.04,,"Vaibhav Global Limited, together with its subsidiaries, manufactures and sells fashion jewelry and lifestyle products in India, the United States of America, Canada, the United Kingdom, Germany, the rest of Europe, and internationally. The company offers fashion jewelry; gemstones; and lifestyle products, such as home décor, hair care, beauty care, apparel, and accessories. It also provides call c"
ASIANPAINT,Asian Paints Limited,Consumer Durables,Basic Materials,Specialty Chemicals,233938.0,126.23,Paints & Coatings,"Asian Paints Limited, together with its subsidiaries, engages in the manufacture, distribution, and sale of paints, coatings, and products related to home decoration and bath fittings, kitchen, and wardrobe in India, Asia, the Middle East, Africa, and the South Pacific region. The company offers wall coverings, waterproofing products, adhesives; and bath fittings and sanitaryware, modular kitchens"
BERGEPAINT,Berger Paints (I) Limited,Consumer Durables,Basic Materials,Specialty Chemicals,52540.0,12.58,Paints & Coatings,"Berger Paints India Limited manufactures and sells paints in India and internationally. The company offers interior wall coatings, including designer finishes, interior emulsions, and ceiling paints; exterior wall coatings comprising exterior emulsions and textures, and roof and floor coatings; putty and cement paints; solvent, interior, exterior, metal, and wood primers; enamels; wood finishes; w"
SHAILY,Shaily Engineering Plastics Limited,Consumer Durables,Basic Materials,Specialty Chemicals,15018.0,38.92,,"Shaily Engineering Plastics Limited engages in the manufacture and sale of precision injection moulded plastic components/products in India. The company offers specialty devices, platform devices, inhalers, sprays and pumps, intricate insulin injector pens, auto-injectors, and specialty packaging and containers for solid and liquid formulations, as well as providing contract development and manufa"
KANSAINER,Kansai Nerolac Paints Limited,Consumer Durables,Basic Materials,Specialty Chemicals,14742.0,2.79,Paints & Coatings,"Kansai Nerolac Paints Limited engages in the manufacture and supply paints, varnishes, enamels, and lacquers in India. It provides interior and exterior wall paints, wood coatings, metal enamel paints, and ancillary paints, as well as adhesives and waterproofing products; interior textures; general industrial, powder, coil, automotive, auto refinish, and floor coatings; wood finishes, waterproofin"
JSWDULUX,JSW Dulux Limited,Consumer Durables,Basic Materials,Specialty Chemicals,14388.0,6.58,Paints & Coatings,"JSW Dulux Limited manufactures, distributes, and sells paints and coatings in India and internationally. It offers paints, enamels or lacquers, and varnishes for interior, exterior, waterproofing, and woodcare and metal applications; waterproofing paint products; weathershield paint for institutions/builders; and automotive and specialty, industrial, powder, and marine and protective coatings. The"
INDIGOPNTS,Indigo Paints Limited,Consumer Durables,Basic Materials,Specialty Chemicals,5396.0,6.6,Paints & Coatings,"Indigo Paints Limited manufactures and sells decorative paints in India and internationally. The company offers interior and exterior emulsions, enamels, putties and primers, and sleek wood coatings, as well as waterproofing solutions and construction chemicals; aluminium paints, stone and tiles paints, roof paints, stainers, interior lustre finish under the Indigo brand. The company was incorpora"
MANYAVAR,Vedant Fashions Limited,Consumer Services,Consumer Cyclical,Apparel Manufacturing,13041.0,16.85,,"Vedant Fashions Limited manufactures, trades, and sells wedding and celebration wear in India Nepal, the United States, Canada, the United Arab Emirates, the United Kingdom, and internationally. The company offers kurta sets, indo-western, sherwani sets, jackets, accessories, jodhpuris suits, and short kurtas for men; lehengas, sarees, stitched suits, crop top lehengas, gowns, and accessories for"
ABFRL,Aditya Birla Fashion and Retail Limited,Consumer Services,Consumer Cyclical,Apparel Manufacturing,6066.0,17.54,,"Aditya Birla Fashion and Retail Limited manufactures, distributes, and retails fashion apparel and accessories in India and internationally. It operates through Pantaloons and Ethnic & Others segments. The company offers shirts, trousers, denims, t-shirts, dresses, suits and blazers, casuals, ceremonial, and party wear; shorts, joggers, track pants, sweatshirts, jackets, polos, chinos, kurtas and"
TRENT,Trent Limited,Consumer Services,Consumer Cyclical,Apparel Retail,150132.0,168.36,,"Trent Limited engages in the retailing and trading of apparels, footwear, accessories, food, grocery, and non-food products in India. The company provides apparel, footwear, and accessories for men, women, and children, as well as furnishings, decor, and a range of home accessories under the Westside brand; apparels and footwear for men, women, and children under the Zudio brand; apparel, footwear"
ABLBL,Aditya Birla Lifestyle Brands Limited,Consumer Services,Consumer Cyclical,Apparel Retail,9825.0,4.53,,"Aditya Birla Lifestyle Brands Limited engages in the retail of garments and accessories in India and the Middle East. The company is also involved in the western wear business under the lifestyle brands, including Louis Philippe, Simon Carter, Van Heusen, Allen Solly, and Peter England brands; the sportswear business under the Reebok brand; and the innerwear business under the Van Heusen brand, as"
V2RETAIL,V2 Retail Limited,Consumer Services,Consumer Cyclical,Apparel Retail,7688.0,19.4,,"V2 Retail Limited, together with its subsidiary, V2 Smart Manufacturing Private Limited, engages in the retail trade of garments, textiles, and accessories in India. It is involved in the retail sale of ready-made garments, hosiery goods, and other articles of clothing and clothing accessories under the Godspeed, Herrlich, Glamora, Ebellia, and Honey Brats brands. The company was formerly known as"
ARVINDFASN,Arvind Fashions Limited,Consumer Services,Consumer Cyclical,Apparel Retail,5718.0,6.6,,"Arvind Fashions Limited engages in the wholesale and retail trading of ready-made garments and accessories in India and internationally. The company offers a portfolio of owned and licensed international brands, such as US Polo, Arrow, Tommy Hilfiger, Flying Machine, Calvin Klein, and others. It also provides footwear and accessories, including belts, bags, etc. It sells its menswear, womenswear,"
CARTRADE,Cartrade Tech Limited,Consumer Services,Consumer Cyclical,Auto & Truck Dealerships,14186.0,96.37,,"CarTrade Tech Limited operates digital automotive marketplaces and related technology platforms in India and internationally. It operates through three segments: Consumer, Remarketing, and Classifieds. The company provides services, including buying, selling, marketing, valuation, and financing of new and pre-owned vehicles. It also offers new car original equipment manufacturers (OEM) solutions t"
VMM,Vishal Mega Mart Limited,Consumer Services,Consumer Cyclical,Department Stores,47621.0,84.35,,"Vishal Mega Mart Limited engages in the wholesale, trading, and retail of apparel, fast moving consumer goods, and general merchandise in India. The company offers apparel, including t-shirts, classics, fashion, lingerie, men's formal and casual, kids' wear, women's casual and ethnic, denims, athleisure, infant wear, and girl's wear products; and general merchandise, such as home appliances and fu"
VMART,V-Mart Retail Limited,Consumer Services,Consumer Cyclical,Department Stores,6436.0,6.17,,"V-Mart Retail Limited operates a chain of retail departmental stores in India. The company offers casual, formal, ethnic, sports, inner, and night wear for men, women, and kids. It also provides accessories and non-apparel products, such as beauty and fashion accessories, footwear, home needs, bags/luggage, toys, and tech wearables and audio accessories; and general merchandise products, including"
DMART,Avenue Supermarts Limited,Consumer Services,Consumer Defensive,Discount Stores,247880.0,144.0,,"Avenue Supermarts Limited engages in the business of organized retail and operation of supermarkets under the D-Mart brand name in India. The company offers food products, such as groceries, staples, processed food products, dairy, frozen products, beverages and confectionery products, and fruits and vegetables; non-food products, including home care and personal care products, toiletries, and oth"
PWL,Physicswallah Limited,Consumer Services,Consumer Defensive,Education & Training Services,39093.0,113.29,,"Physicswallah Limited offers test preparation courses and study materials. The company's test preparation courses, including joint entrance exam, national eligibility cum entrance test, and foundation; other-test preparation courses for other competitive entrance examinations for undergraduate and post-graduate studies, public administration jobs, and professional qualifications; and upskilling co"
CRIZAC,Crizac Limited,Consumer Services,Consumer Defensive,Education & Training Services,3088.0,3.66,,"Crizac Limited provides a technology-enabled B2B international education services platform in India and internationally. It offers student recruitment solutions to global institutions of higher education in the United Kingdom, Canada, Republic of Ireland, Australia, New Zealand, and the United Arab Emirates. The company was incorporated in 2011 and is based in Kolkata, India."
NAUKRI,Info Edge (India) Limited,Consumer Services,Communication Services,Internet Content & Information,83973.0,141.29,,"Info Edge (India) Limited operates as an online classifieds company in the areas of recruitment, matrimony, real estate, and education and related services in India and internationally. It operates through Recruitment Solutions, 99acres for Real Estate, and Other segments. The company provides recruitment services through Naukri.com, an online job website for job seekers and corporate customers, i"
JUSTDIAL,Just Dial Limited,Consumer Services,Communication Services,Internet Content & Information,5806.0,9.86,,"Just Dial Limited engages in the search engine business in India. The company offers local search, search related, and software services through various platforms, including internet, mobile internet, over the telephone, and text. The company provides Ask Anything for multilingual and voice search and review summarization; JD Business for profile and lead management, JD Omni for transaction-ready"
ETERNAL,ETERNAL LIMITED,Consumer Services,Consumer Cyclical,Internet Retail,309209.0,692.87,,"Eternal Limited, together with its subsidiaries, provides e-commerce platform services to restaurant partners, quick commerce merchants, delivery partners, theatres, sports facilities, event organizers, and users in India and internationally. The company operates through India Food Ordering and Delivery, Hyperpure Supplies (B2B Business), Quick Commerce, and Going Out segments. It offers a B2C tec"
MEESHO,Meesho Limited,Consumer Services,Consumer Cyclical,Internet Retail,101384.0,358.36,,"Meesho Limited operates an e-commerce marketplace in India. It operates in two segments, Marketplace and New Initiatives. The company operates Meesho, an online platform that connects consumers, sellers, logistics partners, and content creators; displays ads; and provides logistics services comprising order management, order pickup, transportation, and delivery. It also provides digital financial"
INDIAMART,Indiamart Intermesh Limited,Consumer Services,Consumer Cyclical,Internet Retail,98117.0,9.68,,"IndiaMART InterMESH Limited operates an online business-to-business marketplace for business products and services in India and internationally. The company's e-marketplace acts as an interactive hub for domestic and international buyers and suppliers. Its platform serves small and medium enterprises, large enterprises, and individuals. The company also provides the Live Keeping Tally mobile app,"
NYKAA,FSN E-Commerce Ventures Limited,Consumer Services,Consumer Cyclical,Internet Retail,96273.0,137.1,,"FSN E-Commerce Ventures Limited, through its subsidiaries, manufactures, sells, and distributes beauty and lifestyle products in India and internationally. It operates through three segments: Beauty, Fashion, and Others. The company offers makeup for face, eyes, lips, and nails, as well as makeup palettes and tools and brushes; body, eye lip, sun, and hands and feet care products, as well as moist"
SWIGGY,Swiggy Limited,Consumer Services,Consumer Cyclical,Internet Retail,71447.0,455.04,,"Swiggy Limited, together with its subsidiary, operates a convenience platform for accessing food and everyday essentials in India. It operates through Food Delivery, Out of Home Consumption, Quick-Commerce, Supply Chain and Distribution, and Platform Innovations segments. The company operates Swiggy, a platform that enables customers to browse, select, order, and pay for food, groceries, and house"
FIRSTCRY,Brainbees Solutions Limited,Consumer Services,Consumer Cyclical,Internet Retail,8270.0,18.43,,"Brainbees Solutions Limited operates multi-channel retailing platform for mothers, babies, and kids products in India and internationally. The company offers products in various categories, including boy and girl fashion products, footwear, toys, diapering and gear products, feeding and bath products, nursery products, health and safety products, boutiques, women's beauty and care products, moms a"
RTNINDIA,RattanIndia Enterprises Limited,Consumer Services,Consumer Cyclical,Internet Retail,3739.0,4.29,,"RattanIndia Enterprises Limited, together with its subsidiaries, engages in the retail business in India and internationally. It operates through Retail-E-commerce Business, EV (E-Motorcycles), Investments, and Others segments. The company engages in the retail trade of apparel, shoes, wire accessories, office products, musical instruments, eyewear, handbags, and books through online e-commerce pl"
INDHOTEL,The Indian Hotels Company Limited,Consumer Services,Consumer Cyclical,Lodging,107772.0,95.56,,"The Indian Hotels Company Limited, together with its subsidiaries, owns, operates, and manages hotels, palaces and resorts in India and internationally. It operates through two segments: Hotel Services and Air and Institutional Catering. The company operates hotels under the Taj, Claridges Collection, SeleQtions, Atmanan, Brij, Tajsats, GATEWAY, Vivanta, Ginger, Tree of Life, amã Stays & Trails, Q"
EIHOTEL,EIH Limited,Consumer Services,Consumer Cyclical,Lodging,19324.0,5.93,,"EIH Limited, together with its subsidiaries, owns and manages hotels and cruisers under the Oberoi, Trident, and Maidens brand names in India and internationally. It is involved in flight catering, airport restaurants, project management and corporate, resorts, and air charters activities. The company also rents investment properties. EIH Limited was incorporated in 1949 and is based in Delhi, Ind"
CHALET,Chalet Hotels Limited,Consumer Services,Consumer Cyclical,Lodging,18835.0,11.43,,"Chalet Hotels Limited owns, develops, manages, and operates hotels and resorts in India. It also operates in rental and annuity, and real estate development business. The company's portfolio comprises hotels and commercial spaces. In addition, it engages in construction and development of residential properties. Chalet Hotels Limited was incorporated in 1986 and is headquartered in Mumbai, India."
THELEELA,Leela Palaces Hotels & Resorts Limited,Consumer Services,Consumer Cyclical,Lodging,17949.0,19.77,,"Leela Palaces Hotels & Resorts Limited operates in the hospitality industry in India. The company owns, operates, and manages hotels and resorts under The Leela brand name. It also offers gift cards. The company was formerly known as Schloss Bangalore Limited and changed its name to Leela Palaces Hotels & Resorts Limited in September 2025. The company was founded in 1986 and is headquartered in Mu"
LEMONTREE,Lemon Tree Hotels Limited,Consumer Services,Consumer Cyclical,Lodging,8393.0,24.44,,"Lemon Tree Hotels Limited, together with its subsidiaries, engages in the hotel business in India. The company also operates hotel chains, owns, leases, operates, franchises hotels. It provides housing rental, digital transformation services. The company operates hotels in India and internationally under various brand names, including Aurika Hotels and Resorts, Lemon Tree Premier, Lemon Tree Hotel"
SAMHI,Samhi Hotels Limited,Consumer Services,Consumer Cyclical,Lodging,3564.0,13.98,,"SAMHI Hotels Limited, a hotel ownership and asset management platform, operates as a hotel development and investment company in India. It operates hotels under the Hyatt Place, Hyatt Regency, Sheraton, Courtyard By Marriott, Renaissance Hotel, Four Points By Sheraton, Fairfield By Marriott, Holiday Inn Express, Trinity, and Caspia brand names. The company was incorporated in 2010 and is based in"
JSLL,Jeena Sikho Lifecare Limited,Consumer Services,Healthcare,Medical Care Facilities,6316.0,18.29,,"Jeena Sikho Lifecare Limited trades in ayurvedic products in India and internationally. It operates through Ayurvedic products/medicine, Ayurvedic healthcare services, and others segments. The company offers ayurvedic products under the Shuddhi brand name. It also provides services, including in-patient, out-patient, 72 hours health camps, Panchakarma therapies, dietary support and nutrition guida"
ENTERO,Entero Healthcare Solutions Limited,Consumer Services,Healthcare,Medical Distribution,7815.0,41.66,,"Entero Healthcare Solutions Limited engages in the trading of pharmaceutical and surgical products in India. The company offers a range of pharmaceuticals and other healthcare products to retail pharmacies and healthcare practitioners; and healthcare products, including pharmaceutical and nutraceutical products and vaccines; medical devices, such as orthopaedic implants and coronary stents; and ho"
LENSKART,Lenskart Solutions Limited,Consumer Services,Healthcare,Medical Instruments & Supplies,118405.0,487.44,,"Lenskart Solutions Limited, a technology-driven eyewear company, engages in designing, manufacturing, branding, and retailing of eyewear products in India, Japan, Southeast Asia, the Middle East, and internationally. Its products include prescription eyeglasses, sunglasses, goggles, screen glasses, and other products, such as contact lenses and eyewear accessories, including frames for men, women,"
MEDPLUS,Medplus Health Services Limited,Consumer Services,Healthcare,Pharmaceutical Retailers,7934.0,5.47,,"MedPlus Health Services Limited engages in the retail trading of medicines and general items in India. It manufactures and trades in pharmaceutical and wellness items, such as prescription medicines, over-the-counter drugs, vitamins, vitamins, medical devices, and diagnostic test kits; and fast-moving consumer goods (FMCG), including personal and home care products like toiletries, baby care items"
ITCHOTELS,ITC Hotels Limited,Consumer Services,Consumer Cyclical,Resorts & Casinos,32466.0,22.23,,"ITC Hotels Limited owns, operates, and manages hotels and resorts in India and internationally. The company operates under the ITC Hotels, Mementos, Storii, EPIQ Collection, Welcomhotel, Fortune Hotels, and WelcomHeritage brands. It also owns and operates golf club under the Classic Golf & Country Club name. The company was founded in 1975 and is based in Gurugram, India."
JUBLFOOD,Jubilant Foodworks Limited,Consumer Services,Consumer Cyclical,Restaurants,32032.0,46.56,,"Jubilant FoodWorks Limited, together with its subsidiaries, engages in food service business in India, Turkey, Bangladesh, Sri Lanka, Azerbaijan, and Georgia. The company operates quick service restaurants under the Domino's, Dunkin', Popeyes, Hong's Kitchen, and COFFY brands. It also engages in wholesale and retail sale of food items. The company was formerly known as Domino's Pizza India Ltd. an"
DEVYANI,Devyani International Limited,Consumer Services,Consumer Cyclical,Restaurants,17658.0,29.21,,"Devyani International Limited develops, manages, and operates quick service restaurants and food courts in India, Nepal, Nigeria, Thailand, and internationally. It operates outlets under the KFC, Pizza Hut, Costa Coffee, Vaango and other brands. The company serves retail consumers for quick service food and beverages through dine in, takeaway, and delivery channels. The company was incorporated in"
TRAVELFOOD,Travel Food Services Limited,Consumer Services,Consumer Cyclical,Restaurants,16181.0,3.62,,"Travel Food Services Limited, together with its subsidiaries, manages and operates travel quick service restaurant outlets and lounges in India and internationally. The company engages in the operation of fast foods, cafes, bakeries, restaurants, and bars, as well as airport lounges. It is also involved in the development and management of technology infrastructure and related services for airport"
WESTLIFE,WESTLIFE FOODWORLD LIMITED,Consumer Services,Consumer Cyclical,Restaurants,8756.0,2.42,,"Westlife Foodworld Limited, through its subsidiary, Hardcastle Restaurants Private Limited, owns and operates a chain of McDonald's restaurants in Western and Southern India. The company operates through various restaurants, such as freestanding, food court, in-store, and mall stores. It also offers brand extensions, including McCafe, McDelivery, McBreakfast, and Dessert Kiosks. The company was fo"
SAPPHIRE,Sapphire Foods India Limited,Consumer Services,Consumer Cyclical,Restaurants,7670.0,18.13,,"Sapphire Foods India Limited owns and operates restaurants. The company engages in the franchisee business of KFC, Pizza Hut, and Taco Bell restaurants in India, Sri Lanka, and Maldives. Sapphire Foods India Limited was incorporated in 2009 and is based in Mumbai, India."
RBA,Restaurant Brands Asia Limited,Consumer Services,Consumer Cyclical,Restaurants,6780.0,27.38,,"Restaurant Brands Asia Limited, together with its subsidiaries, operates quick service restaurant chains in India and Indonesia. It develops, establishes, operates, and franchises restaurants under the Burger King brand in India, as well as Burger King and POPEYES brands in Indonesia. The company was formerly known as Burger King India Limited and changed its name to Restaurant Brands Asia Limited"
URBANCO,Urban Company Limited,Consumer Services,Technology,Software - Application,25534.0,122.54,,"Urban Company Limited operates an online services marketplace that provides various home and beauty services and solutions in India, the Kingdom of Saudi Arabia, Singapore, and the United Arab Emirates. It operates through four segments: India consumer services; Native; International; and InstaHelp. The company offers home services, which includes cleaning and pest control; appliance servicing and"
BLS,BLS International Services Limited,Consumer Services,Industrials,Specialty Business Services,9570.0,21.14,,"BLS International Services Limited provides outsourcing and administrative tasks of visa, passport, and consular services to diplomatic missions in the Middle East, Asia-Pacific, North America, Europe, Africa, South America, China, and India. It operates in two segments, Rendering of Visa and Other Allied Services; and Digital Services. The company offers visa processing, such as end-to-end outsou"
AVL,Aditya Vision Limited,Consumer Services,Consumer Cyclical,Specialty Retail,8127.0,10.46,,"Aditya Vision Limited engages in the retail business of consumer durables and electronics in India. The company sells digital gadgets, such as mobile phones, laptops, and tablets; entertainment solutions, including televisions, sound bars, home theaters, cameras, and accessories; home appliances comprising air conditioners, air coolers, refrigerators, and washing machines. It also offers small app"
EMIL,Electronics Mart India Limited,Consumer Services,Consumer Cyclical,Specialty Retail,7359.0,27.69,,"Electronics Mart India Limited engages in the sale of consumer electronics and durable products in India. The company offers large appliances, which include televisions, washing machines, air conditioners, and refrigerators; mobiles, such as smartphones, fitness trackers, and tablets; and small appliances, IT & others, including laptops, printers, geysers, coolers, miscellaneous electronics, perso"
IRCTC,Indian Railway Catering And Tourism Corporation Limited,Consumer Services,Consumer Cyclical,Travel Services,37656.0,28.53,,"Indian Railway Catering & Tourism Corporation Limited engages in the provision of catering and hospitality, Internet ticketing, travel and tourism, and packaged drinking water services in India. The company operates through four segments: Catering, Railneer, Tourism & Train Operation, and Internet Ticketing. It provides mobile catering services for Vande Bharat, Rajdhani, Shatabdi, Duronto, Gatima"
TBOTEK,TBO Tek Limited,Consumer Services,Consumer Cyclical,Travel Services,18206.0,20.52,,"TBO Tek Limited operates travel distribution platforms in India and internationally. It offers an online technology platform which provides its customers with access to book global travel inventory through travel suppliers, such as airlines, hotels, car rentals, transfers, cruises, insurance, rail services, and others. The company's products include hotels, airlines, car rentals, transfers, and ra"
IXIGO,Le Travenues Technology Limited,Consumer Services,Consumer Cyclical,Travel Services,7100.0,17.25,,"Le Travenues Technology Limited operates online travel agency (OTA) platforms in India. Its OTA platforms allow travelers to book train tickets, flight tickets, bus tickets, hotels and cabs; provide travel utility tools and services, including PNR status updates, flight status updates, LIVE bus tracking, train seat availability alerts, train running status updates and delay predictions, pricing an"
THOMASCOOK,Thomas Cook  (India)  Limited,Consumer Services,Consumer Cyclical,Travel Services,4940.0,8.98,,"Thomas Cook (India) Limited offers integrated travel services in India and internationally. It operates through Financial Services, Travel and Related Services, Leisure Hospitality and Resorts Business, and Digiphoto Imaging Services segments. The Financial Services segment engages in wholesale, and retail purchase and sale of foreign currencies and paid documents. Its Travel and Related Services"
3MINDIA,3M India Limited,Diversified,Industrials,Conglomerates,39118.0,6.56,,"3M India Limited manufactures and trades in various products in India and internationally. It operates in four segments: Safety & Industrial; Transportation & Electronics; Health Care; and Consumer. The company offers vinyl, polyester, foil, and specialty industrial tapes and adhesives, such as masking, filament, and packaging tapes; functional and decorative graphics; abrasion-resistant films; an"
GODREJIND,Godrej Industries Limited,Diversified,Industrials,Conglomerates,37111.0,7.78,,"Godrej Industries Limited, together with its subsidiaries, engages in the chemical, agriculture, real estate, vegetable oil, hospitality, and financial and investment businesses in India and internationally. The company produces and sells fatty acids, fatty alcohols, esters and emulsifying waxes, refined glycerin, alpha olefin sulphonates, sodium lauryl sulphate, and sodium lauryl ether sulphate."
DCMSHRIRAM,DCM Shriram Limited,Diversified,Industrials,Conglomerates,15241.0,6.94,Chlor-Alkali & Soda Ash,"DCM Shriram Limited, together with its subsidiaries, engages in agri-rural, chemicals and vinyl, and value added businesses in India and internationally. It operates through Chemicals and Vinyl, Sugar and Ethanol, Fenesta Building System, Shriram Farm solutions, Fertiliser, Bioseed, and Others segments. The company manufactures poly-vinyl chloride, PVC compounds, carbide, and chlor alkali products"
EIDPARRY,EID Parry India Limited,Fast Moving Consumer Goods,Basic Materials,Agricultural Inputs,12473.0,26.22,,"E.I.D.- Parry (India) Limited, together with its subsidiaries, engages in the manufacture and sale of sugar, ethanol, cogeneration, nutraceuticals, and consumer products in India, North America, Europe, and internationally. The company offers sugar for use in food, bakery, confectioneries, beverage, and pharmaceutical industries; and grains, such as millets and dals, as well as rice. It also provi"
KSCL,Kaveri Seed Company Limited,Fast Moving Consumer Goods,Basic Materials,Agricultural Inputs,3627.0,4.54,,"Kaveri Seed Company Limited produces, distributes, sells, and markets seeds in India. The company operates through three segments: Seeds, Micronutrients, and Vegetables. Its product portfolio includes seeds for various field crops, such as maize, cotton, sunflower, mustard, sorghum, paddy, pulses, bajra, and wheat; and vegetables, including tomatoes, okra, chilies, watermelon, gourds, and brinjal."
UBL,United Breweries Limited,Fast Moving Consumer Goods,Consumer Defensive,Beverages - Brewers,32464.0,13.19,,"United Breweries Limited engages in manufacture, purchase, and sale of beer and non-alcoholic beverages in India and internationally. The company provides beer products under the Heineken Original, Heineken Silver, Kingfisher Premium, Kingfisher Strong, Kingfisher Ultra, Kingfisher Ultra Max, Kingfisher Ultra Witbier, Amstel, Amstel Grande, Bullet, Bullet Super Strong, Cannon 10000, Zingaro, Kingf"
VBL,Varun Beverages Limited,Fast Moving Consumer Goods,Consumer Defensive,Beverages - Non-Alcoholic,143756.0,259.44,,"Varun Beverages Limited, together with its subsidiaries, manufactures, bottles, sells, and distributes beverages under the PepsiCo brands in India, Sri Lanka, Nepal, Zambia, Morocco, Zimbabwe, the Democratic Republic of Congo, Mozambique, South Africa, Lesotho, Eswatini, Namibia, and Botswana. The company offers carbonated soft drinks under the Pepsi, Pepsi Zero, Mountain Dew, Mirinda, and Seven-U"
UNITDSPR,United Spirits Limited,Fast Moving Consumer Goods,Consumer Defensive,Beverages - Wineries & Distilleries,99195.0,71.11,,"United Spirits Limited, together with its subsidiaries, manufactures, sells, and distributes alcoholic beverages and other allied spirits in India and internationally. The company offers alcoholic beverages, such as Scotch whisky, Indian made foreign liquor whisky, malts, tequila, brandy, rum, vodka, and gin under the Godawan, McDowell's No.1, Royal Challenge, Royal Challenge American Pride, Signa"
RADICO,Radico Khaitan Limited,Fast Moving Consumer Goods,Consumer Defensive,Beverages - Wineries & Distilleries,60024.0,100.37,,"Radico Khaitan Limited engages in the manufacture and trading of Indian made foreign liquor (IMFL), country liquor, and other alcoholic products in India, Ghana, Nigeria, Sudan, the United Arab Emirates, and internationally. The company provides IMFL products in various categories of whisky, vodka, rum, gin, brandy, and liqueurs, as well as ethanol. It also provides bottling services to other spir"
ABDL,Allied Blenders and Distillers Limited,Fast Moving Consumer Goods,Consumer Defensive,Beverages - Wineries & Distilleries,18357.0,18.88,,"Allied Blenders and Distillers Limited produces and sells alcoholic beverages in India and internationally. The company offers whisky, brandy, rum, vodka, and gin under the Arthaus, Officer's Choice, Sterling Reserve Blend 7, ICONiQ Winter, X&O Barrel, Srishti, Officer's Choice Blue, Sterling Reserve, Officer's Choice Star, Kyron, Jolly Roger, Class 21, and Zoya brand names. It also provides packa"
TI,Tilaknagar Industries Limited,Fast Moving Consumer Goods,Consumer Defensive,Beverages - Wineries & Distilleries,14367.0,33.42,,"Tilaknagar Industries Ltd. engages in the manufacture and sale of Indian made foreign liquor and its related products in India. The company offers brandy under the Mansion House and Courier Napoleon brands; rum under the Madiraa brand; whisky under the Mansion House and Senate Royale brands; and gin under the Blue Lagoon brand, as well as extra neutral alcohol and cocktails. It also exports its pr"
PICCADIL,Piccadily Agro Industries Limited,Fast Moving Consumer Goods,Consumer Defensive,Beverages - Wineries & Distilleries,5828.0,9.65,,"Piccadily Agro Industries Limited engages in the manufacture and sale of alcoholic beverages in India and internationally. It operates in two segments, Sugar and Distillery. The company offers liquor, rectified spirit, extra neutral alcohol, ethanol, malt spirit, carbon dioxide gas, cask aged rum, vodka, and alcoholic beverage under the Indri, Camikara, Cashmir, Whistler, and Royal Highland brands"
DOMS,DOMS Industries Limited,Fast Moving Consumer Goods,Industrials,Business Equipment & Supplies,12642.0,5.71,,"DOMS Industries Limited designs, develops, manufactures, and sells stationery and art material products under the DOMS brand name in India and internationally. It offers pens and writing instruments; pencils and accessories; paper stationary; mathematical drawing instruments; markers and highlighters; gifting products; fine art; drawing and coloring; and crafts and hobbyist products. The company a"
INDIAGLYCO,India Glycols Limited,Fast Moving Consumer Goods,Basic Materials,Chemicals,1715.0,12.69,,"India Glycols Limited manufactures and sells bio-based specialities and performance chemicals in India and internationally. It operates through Bio-based Specialities and Performance Chemicals, Potable Spirits, Ennature Biopharma, and Bio-Fuel segments. The company offers bio mono ethylene, di ethylene, and tri ethylene glycols; ethylene and diethylene glycol monoethyl ethers, ethylene and diethyl"
BALRAMCHIN,Balrampur Chini Mills Limited,Fast Moving Consumer Goods,Consumer Defensive,Confectioners,14043.0,145.86,,"Balrampur Chini Mills Limited manufactures and sells of sugar in India. It operates through Sugar, Distillery, Polylactic Acid, and Others segments. The company offers molasses, industrial alcohol, ethanol, extra neutral alcohol, CO2, dry ice, and bagasse products. It also provides agricultural fertilizers, such as granulated potash and bio-pesticides. In addition, the company is involved in the g"
TRIVENI,Triveni Engineering & Industries Limited,Fast Moving Consumer Goods,Consumer Defensive,Confectioners,5261.0,19.43,,"Triveni Engineering & Industries Limited engages in the sugar and allied businesses, and engineering businesses in India and internationally. The company is involved in the production of refined sugar, multi-grade white crystal sugar, pharmaceutical-grade sugar, potable alcohol, fuel-ethanol, and power from bagasse; production of alcohol/ethanol using molasses; sale of surplus molasses and bagasse"
RENUKA,Shree Renuka Sugars Limited,Fast Moving Consumer Goods,Consumer Defensive,Confectioners,4891.0,42.37,,"Shree Renuka Sugars Limited manufactures, refines, and trades in sugar in India and internationally. It operates through Sugar-Milling, Sugar-Refinery, Trading, Co-Generation, Distillery, Engineering, and Other segments. The company offers white refined sugar under the Madhur Pure & Hygienic Sugar brand for the beverages, biscuit and snack, and confectionary companies; ethanol products, including"
HINDUNILVR,Hindustan Unilever Limited,Fast Moving Consumer Goods,Consumer Defensive,Household & Personal Products,457465.0,219.77,,"Hindustan Unilever Limited, a fast-moving consumer goods company, manufactures and sells food, home care, and personal care products in India and internationally. It operates through Home Care, Beauty & Wellbeing, Personal Care, Foods, and Others segments. The company offers detergent bars, detergent powders, detergent liquids, and scourers; skin care and hair care products; skin cleansing, oral c"
MARICO,Marico Limited,Fast Moving Consumer Goods,Consumer Defensive,Household & Personal Products,107005.0,139.38,,"Marico Limited, together with its subsidiaries, manufactures and sells branded consumer products in India, Bangladesh, Vietnam, and internationally. It offers coconut oils, refined edible oils, hair oils, anti-lice treatments, fabric care, functional and other processed food, hair creams and gels, hair serums, shampoos, conditioners, shower gels, hair relaxers and straighteners, deodorants, female"
GODREJCP,Godrej Consumer Products Limited,Fast Moving Consumer Goods,Consumer Defensive,Household & Personal Products,88772.0,102.56,,"Godrej Consumer Products Limited, a fast-moving consumer goods company, manufactures and sells personal care and home care products in India, Africa, Indonesia, the Middle East, the United States, and internationally. The company offers household insecticides, home hygiene, and air and fabric care products; and personal wash and hygiene, hair color, beauty and professional products, and deodorants"
DABUR,Dabur India Limited,Fast Moving Consumer Goods,Consumer Defensive,Household & Personal Products,68617.0,76.42,,"Dabur India Limited operates as a fast moving consumer goods company worldwide. It operates through Consumer Care Business, Foods Business, Retail Business, and Other segments. The company provides health supplements under the Dabur Chyawanprash, Dabur Honey, and Dabur Glucose brand name; digestive products under the Hajmola, Pudin Hara, Hingoli, Dabur Nature Care, and Sat Isabgol brands; cough an"
COLPAL,Colgate Palmolive (India) Limited,Fast Moving Consumer Goods,Consumer Defensive,Household & Personal Products,51460.0,58.15,,"Colgate-Palmolive (India) Limited manufactures and trades in personal and oral care products in India. The company offers toothpastes, toothpowder, toothbrushes, mouth wash, serum, rinses, whitening products, hand washes, and shower gels under the Colgate and Palmolive brand name. It also offers soaps, cosmetics, and toiletries. In addition, the company exports its products. Colgate-Palmolive (Ind"
CUPID,Cupid Limited,Fast Moving Consumer Goods,Consumer Defensive,Household & Personal Products,33791.0,301.96,,"Cupid Limited manufactures and supplies male and female condoms in India and internationally. The company offers water based lubricant jellies; in vitro diagnostic kits, including viral transport medium, pregnancy detection testing kit, ovulation testing kit, typhoid antibody, dengue, hepatitis b antigen, malaria antigen, syphilis antibody, hepatitis C, HIV/Syphilis Combo, rapid diagnostic, HIV 1"
GILLETTE,Gillette India Limited,Fast Moving Consumer Goods,Consumer Defensive,Household & Personal Products,22966.0,11.65,,"Gillette India Limited engages in the manufacture and sale of grooming and oral care products in India and internationally. The company operates through grooming, and oral care segment. It offers shaving system and cartridges, blades, toiletries, razors, and other components. The company also offers toothbrushes and oral care products. In addition, the company provides body shaving and trimming; s"
EMAMILTD,Emami Limited,Fast Moving Consumer Goods,Consumer Defensive,Household & Personal Products,16613.0,57.51,,"Emami Limited, together with its subsidiaries, manufactures and markets personal and healthcare products in India and internationally. The company offers antiseptic creams, body lotions, soaps, aloe vera gels, petroleum jellies, prickly heat powders, and all-season creams under the BoroPlus brand; cool oils and talcs under the Navratna brand; ayurvedic products for pain management, immunity, diges"
HONASA,Honasa Consumer Limited,Fast Moving Consumer Goods,Consumer Defensive,Household & Personal Products,15441.0,32.68,,"Honasa Consumer Limited operates as a digital beauty and personal care company in India and internationally. The company provides body and baby care, skin and hair care, color cosmetics, other related personal care under Mamaearth, The Derma Co., Aqualogica, Ayuga, Staze and Dr. Sheth's brands. It offers beauty salon and hair styling services under the BBlunt brand; and operates Momspresso, a cont"
JYOTHYLAB,Jyothy Labs Limited,Fast Moving Consumer Goods,Consumer Defensive,Household & Personal Products,7149.0,10.22,,"Jyothy Labs Limited, together with its subsidiaries, manufactures and markets fabric care, dishwashing, personal care, and household insecticides products in India and internationally. It operates through Dishwashing, Fabric Care, Household Insecticides, Personal Care, and Others segments. The Dishwashing segment offers dish wash bars, gels, and liquids, as well as dish wash scrubbers, steel scrub"
NESTLEIND,Nestle India Limited,Fast Moving Consumer Goods,Consumer Defensive,Packaged Foods,267072.0,143.44,,"Nestlé India Limited engages in the manufacture and sale of food products in India and internationally. It offers milk products and nutrition, including dairy whitener, condensed milk, UHT milk, yogurt, maternal and infant formula, baby foods, health care nutrition; prepared dishes and cooking aids, such as noodles, sauces, seasonings, pasta, cereals, and pet foods; powdered and liquid beverages c"
BRITANNIA,Britannia Industries Limited,Fast Moving Consumer Goods,Consumer Defensive,Packaged Foods,120988.0,131.36,,"Britannia Industries Limited engages in manufacturing, trading, and sale of various food products in India and internationally. The company offers biscuits under the Good Day, Marie Gold, NutriChoice, Milk Bikis, Tiger, 50-50, Jim Jam, Britannia Bourbon, Little Hearts, Treat, Pure Magic, Nice Time, and Biscafe brand names; cakes under the Muffills, Fudge It, Gobbles, Layerz, Tiffin Fun, Rollyo, an"
TATACONSUM,TATA CONSUMER PRODUCTS LIMITED,Fast Moving Consumer Goods,Consumer Defensive,Packaged Foods,99028.0,103.94,,"Tata Consumer Products Limited, together with its subsidiaries, manufactures, distributes, and trades in food products in India, the United States, the United Kingdom, and internationally. It operates through Branded Business and Non Branded Business segments. The company provides tea, coffee, water, salt, pulses, spices, snacks, ready-to-eat packaged and processed food products, ready to cook, re"
PATANJALI,Patanjali Foods Limited,Fast Moving Consumer Goods,Consumer Defensive,Packaged Foods,43102.0,68.51,,"Patanjali Foods Limited engages in the processing of oil seeds and refining crude oil for edible use in India and internationally. The company operates through Edible Oils, Food & FMCG, Home & Personal Care, and Wind Power Generation segments. The company offers crude and refined oil; vanaspati, bakery fats, seed extractions, and other related products; mustard, soyabean, sunflower, rice bran, ses"
AWL,AWL Agri Business Limited,Fast Moving Consumer Goods,Consumer Defensive,Packaged Foods,23713.0,36.62,,"AWL Agri Business Limited, a fast-moving consumer goods food company, provides kitchen commodities in India and internationally. It operates through Edible Oils, Food & FMCG, and Industry Essentials segments. The company offers soyabean, palm, sunflower, rice bran, mustard, groundnut, cottonseed, olive, and blended oil; specialty fats, noodles, snacks, bakery and dairy products, ready-to-eat meals"
ZYDUSWELL,Zydus Wellness Limited,Fast Moving Consumer Goods,Consumer Defensive,Packaged Foods,16877.0,11.39,,"Zydus Wellness Limited engages in the development, production, marketing, and distribution of health and wellness products in Asia, the Middle East, Africa, the Oceania, Europe, and North America. It provides glucose powder under the Glucon-D brand; sugar substitute products under the Sugar Free Gold+, Sugar Free Natura, Sugar Free Green, and I'm lite brands; Milk-based nutrition drink products un"
LTFOODS,LT Foods Limited,Fast Moving Consumer Goods,Consumer Defensive,Packaged Foods,14960.0,21.03,,"LT Foods Limited, an FMCG company, operates in the specialty rice and rice-based food business in India. The company operates through Consumer (B2C), Institutional (B2B), and Convenience segments. It provides basmati and other specialty rice; organic food and ingredients; and ready to eat and ready-to-cook products. The company sells its products under the DAAWAT, Royal, Golden Star, Heritage, Ele"
CCL,CCL Products (India) Limited,Fast Moving Consumer Goods,Consumer Defensive,Packaged Foods,14281.0,15.47,,"CCL Products (India) Limited engages in the production, trading, and distribution of coffee and related products in India. The company offers filter, premix, instant, and flavored coffee, including spray dried coffee powder and agglomerated coffee, freeze dried coffee, freeze concentrated liquid coffee, roast and ground coffee, and roasted coffee beans under the Continental brand. It also exports"
BIKAJI,Bikaji Foods International Limited,Fast Moving Consumer Goods,Consumer Defensive,Packaged Foods,14015.0,7.77,,"Bikaji Foods International Limited, together with its subsidiaries, manufactures, purchases, and sells snack food products in India and internationally. It offers sweets, pellets, bhujia, namkeen, papad, chips, and other snacks, as well as frozen food products, gift packs, mathris, and cookies under the Bikaji brand. The company sells its products through general trade, supermarkets, hypermarkets,"
GODREJAGRO,Godrej Agrovet Limited,Fast Moving Consumer Goods,Consumer Defensive,Packaged Foods,12712.0,20.75,,"Godrej Agrovet Limited, an agri-business company, provides products and services that enhance crop and livestock yields in India and internationally. The company operates through Animal Feed, Vegetable Oil, Crop Protection, Dairy, Poultry and Processed Food, and Other segments. It offers animal feed, such as cattle, poultry, and aqua feed. The company also engages in the oil palm cultivation with"
MANORAMA,Manorama Industries Limited,Fast Moving Consumer Goods,Consumer Defensive,Packaged Foods,12138.0,31.13,,"Manorama Industries Limited manufactures, processes, and supplies specialty fats and butters from tree-borne, and plant-based seeds worldwide. The company offers shea butter and fat, sal butter, sal fat, shea oil, sal oil, sal stearine, shea stearine, mango butter and fat, mango oil, mango stearine, kokum butter and oil, mowrah fat, and de-oiled cakes, as well as cocoa, mowrah, and phulwara butter"
AVANTIFEED,Avanti Feeds Limited,Fast Moving Consumer Goods,Consumer Defensive,Packaged Foods,10450.0,20.35,,"Avanti Feeds Limited, together with its subsidiaries, manufactures and sells shrimp feeds in India, the United States, and internationally. The company operates through three segments: Shrimp Feed, Shrimp Hatchery, and Power Generation. It manufactures and markets shrimp feeds for aqua culture to grow shrimps, as well as offers hatchery which produces shrimp seeds to aqua farmers. The company also"
BBTC,The Bombay Burmah Trading Corporation Limited,Fast Moving Consumer Goods,Consumer Defensive,Packaged Foods,10358.0,7.36,,"The Bombay Burmah Trading Corporation Limited engages in the tea and coffee plantations, auto electric components, healthcare, and real estate businesses in India and internationally. It operates through six segments: Plantation- Tea, Health Care, Auto Electric Components, Investments, Horticulture, Food -Bakery & Dairy Products, and Others. The company produces and trades in tea, coffee, cardamom"
KRBL,KRBL Limited,Fast Moving Consumer Goods,Consumer Defensive,Packaged Foods,8999.0,24.86,,"KRBL Limited manufactures and markets rice products in India and internationally. The company operates through Agri and Energy segments. The Agri segment offers agricultural commodities, such as rice, furfural, seed, bran, bran oil, etc. The Energy segment generates power from wind turbine, and husk based and solar power plants. This segment has a total wind power project capacity of 112.25 megawa"
ORKLAINDIA,Orkla India Limited,Fast Moving Consumer Goods,Consumer Defensive,Packaged Foods,7932.0,4.12,,"Orkla India Limited operates as a food company, manufactures and sells spices and convenience foods in India and internationally. It offers instant food mixes, spices, masalas and blended curry powders; ready-to-eat food products, vermicelli, confectionery, beverages, coffee; and rice products, such as Puttu Podi, Idli Podi, Dosa Podi, Pathiri Podi, Appam Podi, and other products. The company also"
GAEL,Gujarat Ambuja Exports Limited,Fast Moving Consumer Goods,Consumer Defensive,Packaged Foods,7396.0,12.71,,"Gujarat Ambuja Exports Limited engages in the agro processing business in India and internationally. It operates through the Agro, Spinning, Maize, and Power segments. The company offers starch derivatives, including maize starch, liquid glucose, dextrose monohydrate powder, maltodextrin, sorbitol 70% solution, dextrose anhydrous powder, pregelatinized starch, maltitol syrup, glucose syrup solids,"
BECTORFOOD,Mrs. Bectors Food Specialities Limited,Fast Moving Consumer Goods,Consumer Defensive,Packaged Foods,6922.0,26.31,,"Mrs. Bectors Food Specialities Limited manufactures and distributes various food products in India and internationally. The company provides biscuits, including cookies, creams, crackers, digestives, and glucose under the Mrs. Bector's Cremica brand. It also offers bakery products that includes breads, buns, kulchas, rusk, pizza bases, and cakes under the English Oven brand. The company exports it"
GOKULAGRO,Gokul Agro Resources Limited,Fast Moving Consumer Goods,Consumer Defensive,Packaged Foods,6526.0,7.0,,"Gokul Agro Resources Limited engages in the production and distribution of edible, non-edible oils and derivatives, and feed meals in India and internationally. The company offers edible oils for household kitchens and institutional use, such as refined soyabean oil, refined sunflower oil, kachi ghani mustard oil, refined groundnut oil, filtered groundnut oil, refined cottonseed oil, refined rice"
HERITGFOOD,Heritage Foods Limited,Fast Moving Consumer Goods,Consumer Defensive,Packaged Foods,3911.0,21.92,,"Heritage Foods Limited procures and processes milk and milk products in India. The company operates through Dairy, Renewable Energy, and Feed segments. It offers milk, curd, butter milk, lassi, ice cream, frozen desserts, milkshakes, paneer, ghee, butter, cheese, fresh cream, cold coffee, cooking butter, milk powder, flavored milk, UHT milk, dairy whitener products, and other dairy drinkables and"
ITC,ITC Limited,Fast Moving Consumer Goods,Consumer Defensive,Tobacco,334565.0,314.52,,"ITC Limited engages in the fast-moving consumer goods, paperboards, paper and packaging, and agri businesses in India and internationally. The company offers cigarettes and cigars; foods, including staples, spices, biscuits, confectionery and gums, snacks, noodles and pasta, beverages, dairy products, ready-to-eat meals, chocolates, coffee, and frozen foods; personal care products; education and s"
GODFRYPHLP,Godfrey Phillips India Limited,Fast Moving Consumer Goods,Consumer Defensive,Tobacco,30884.0,30.47,,"Godfrey Phillips India Limited, together with its subsidiaries, manufactures and trades cigarettes, tobacco products, and related products in India and internationally. It operates through Cigarette, Tobacco and Related Products; and Others segments. The company provides cigarette products under the Marlboro, Four Square, Red & White, Stellar, Cavanders, Originals, North Pole & Tipper, Focus, Jais"
ICICIAMC,ICICI Prudential Asset Management Company Limited,Financial Services,Financial Services,Asset Management,158548.0,120.22,,"ICICI Prudential Asset Management Company Limited, an asset management company, provides a range of investment solutions. The company manages mutual and alternative funds; and offers portfolio management and advisory services to offshore clients. It provides savings and investment products across various financial asset classes structured to a range of its clients' objectives and risk appetites. T"
JIOFIN,Jio Financial Services Limited,Financial Services,Financial Services,Asset Management,151852.0,241.77,,"Jio Financial Services Limited, through its subsidiaries, engages in the business of investing and financing, insurance broking, payment bank and payment aggregator, and payment gateway services in India. The company provides loans, savings accounts, recharges, fixed deposits, digital insurance, financial tracking, management tools, digital banking, UPI bill payments, and insurance advisory; and a"
BAJAJHLDNG,Bajaj Holdings & Investment Limited,Financial Services,Financial Services,Asset Management,126975.0,47.15,,"Bajaj Holdings & Investment Limited, an investment holding company, operates as a non-banking financial-investment and credit company in India. It invests in listed and unlisted securities of companies. Bajaj Holdings & Investment Limited was incorporated in 1945 and is headquartered in Pune, India."
HDFCAMC,HDFC Asset Management Company Limited,Financial Services,Financial Services,Asset Management,104630.0,162.57,,"HDFC Asset Management Company Limited is a publicly owned investment manager. The firm launches and manages equity, fixed income, and balanced mutual funds for its clients. It manages equity, fixed income, balanced, and real estate portfolios. The firm invests in public equity and fixed income markets. The firm employs fundamental analysis to make its investments. HDFC Asset Management Company Lim"
NAM-INDIA,Nippon Life India Asset Management Limited,Financial Services,Financial Services,Asset Management,73383.0,133.06,,"Nippon Life Asset Management Limited is a publicly owned investment manager. The firm launches and manages equity and fixed income mutual funds for its clients. It also manages exchange traded funds for its clients. The firm invests in the public equity, fixed income and commodity markets. Nippon Life Asset Management Limited was previously known as Reliance Nippon Life Asset Management Limited. N"
360ONE,360 ONE WAM LIMITED,Financial Services,Financial Services,Asset Management,43757.0,67.52,,"360 One Wam Limited, together with its subsidiaries, provides wealth and asset management services in India. It operates through the Wealth Management and Asset Management segments. The Wealth Management segment engages in the distribution of financial products, advisory, broking and research, discretionary and non-discretionary portfolio management services, corporate treasury solutions, estate p"
ANANDRATHI,Anand Rathi Wealth Limited,Financial Services,Financial Services,Asset Management,36715.0,37.09,,"Anand Rathi Wealth Limited engages in the distribution and sale of financial products in India. The company offers wealth solutions. It also operates Omni Financial Advisor, a technology platform for mutual fund distributors and independent financial advisors, which include client reporting, business dashboard, client engagement, online mutual fund transactions, and goal planning products. In addi"
TATAINVEST,Tata Investment Corporation Limited,Financial Services,Financial Services,Asset Management,34430.0,10.79,,"Tata Investment Corporation Limited is a publicly owned investment firm. The firm operates as an investment company in India. Its activities primarily include investing in a diversified portfolio of quoted and unquoted securities, debt instruments, long-term investments in equity shares, equity-related securities and other securities of companies in a range of industries. The company also distribu"
NUVAMA,Nuvama Wealth Management Limited,Financial Services,Financial Services,Asset Management,31118.0,42.58,,"Nuvama Wealth Management Limited engages in wealth management, asset management, and capital markets businesses in India and internationally. The company offers wealth management business, which includes the distribution of financial products, investment advisory, lending against securities and securities broking for clients in the wealth management business; and the asset management business comp"
ABSLAMC,Aditya Birla Sun Life AMC Limited,Financial Services,Financial Services,Asset Management,29928.0,21.8,,"Aditya Birla Sun Life AMC Limited is privately owned investment manager. The firm provides its services to individuals including high net worth individuals and institutional clients. It manages separate equity and fixed income portfolios. The firm also manages launches and manages equity and fixed income mutual funds, manages balanced mutual funds, and hedge funds for its clients. It invests in th"
MAHSCOOTER,Maharashtra Scooters Limited,Financial Services,Financial Services,Asset Management,15553.0,4.04,,"Maharashtra Scooters Ltd. invests in securities in India. It is also involved in treasury operations, as well as managing funds. The company was incorporated in 1975 and is based in Pune, India. Maharashtra Scooters Ltd. is a subsidiary of Bajaj Holdings & Investment Limited."
PRUDENT,Prudent Corporate Advisory Services Limited,Financial Services,Financial Services,Asset Management,14189.0,9.16,,"Prudent Corporate Advisory Services Limited, together with its subsidiaries, provides various solutions for financial services distribution to individuals, corporates, high net worth individuals, and ultra-high net worth individuals in India and internationally. The company distributes mutual funds, insurance products, stockbroking, portfolio management schemes, unlisted securities, fixed deposits"
UTIAMC,UTI Asset Management Company Limited,Financial Services,Financial Services,Asset Management,11887.0,9.8,,"UTI Asset Management Company (P) Ltd. is a privately owned investment manager. It manages mutual funds for its clients. The firm invests in money market, fixed income, and public equity markets of India. It employs in-house research while making its investments. UTI Asset Management Company (P) Ltd. was incorporated on November 14, 2002 and is based in Mumbai, India."
TSFINV,TSF INVESTMENTS LIMITED,Financial Services,Financial Services,Asset Management,10160.0,2.42,,"TSF Investments Limited, together with its subsidiaries, invests in the auto component sector in India and internationally. It operates through Investments, Shared Services  Domestic, Shared Services  Overseas, Manufacturing, and Other segments. The company offers axle housings for medium and heavy commercial vehicles; and forged components for the automobile industry. It also provides outsourci"
CRAMC,Canara Robeco Asset Management Company Limited,Financial Services,Financial Services,Asset Management,4609.0,6.02,,Canara Robeco operates as a subsidiary of Canara Bank
HDFCBANK,HDFC Bank Limited,Financial Services,Financial Services,Banks - Regional,1140056.0,1972.44,,"HDFC Bank Limited provides banking and financial products and services to individuals and businesses in India, Bahrain, Hong Kong, Singapore, and Dubai. The company operates through Treasury, Retail Banking, Wholesale Banking, Other Banking Business, Insurance Business, and Other segments. It offers savings, salary, current, rural, public provident fund, pension, and demat accounts; fixed and recu"
ICICIBANK,ICICI Bank Limited,Financial Services,Financial Services,Banks - Regional,965410.0,1221.03,,"ICICI Bank Limited, together with its subsidiaries, engages in the provision of various banking and financial services to corporate and retail customers in India and internationally. The company operates through Retail Banking, Wholesale Banking, Treasury, Other Banking, Life Insurance, General Insurance, and Others segments. The company offers asset management, securities brokerage, private equit"
SBIN,State Bank of India,Financial Services,Financial Services,Banks - Regional,919370.0,734.29,,"State Bank of India provides banking products and services in India and internationally. The company operates through the Treasury, Corporate/Wholesale Banking, Retail Banking, and Other Banking Business segments. It offers personal banking products and services, including current, savings, salary, and deposit accounts; home, personal, pension, auto, education, and gold loans, as well as loans aga"
KOTAKBANK,Kotak Mahindra Bank Limited,Financial Services,Financial Services,Banks - Regional,412629.0,465.11,,"Kotak Mahindra Bank Limited provides a range of banking and financial services to corporate and individual customers in India. It operates through Corporate/Wholesale Banking; Retail Banking; Treasury, BMU and Corporate Centre; Vehicle Financing; Other Lending Activities; Broking; Advisory and Transactional Services; Asset Management; and Insurance segments. The company offers savings, current, re"
AXISBANK,Axis Bank Limited,Financial Services,Financial Services,Banks - Regional,389187.0,532.23,,"Axis Bank Limited provides various financial products and services in India and internationally. The company operates through four segments: Treasury, Retail Banking, Corporate/Wholesale Banking, and Other Banking Business. It provides fixed, recurring, and safe deposits; and saving, salary, current, safe custody, pension disbursement, and demat and trading accounts. The company also offers home,"
UNIONBANK,Union Bank of India,Financial Services,Financial Services,Banks - Regional,135947.0,131.2,,"Union Bank of India provides banking products and services in India. It operates in four segments: Treasury Operations, Retail Banking Operations, Corporate and Wholesale Banking, and Other Banking Operations. The company provides its products and services to individuals, commercial enterprises, large corporates, public bodies, and institutional customers. Union Bank of India was incorporated in 1"
PNB,Punjab National Bank,Financial Services,Financial Services,Banks - Regional,135617.0,136.39,,"Punjab National Bank provides various banking and financial products and services in India and internationally. The company operates through Treasury, Corporate/Wholesale Banking, Retail Banking, and Other Banking Operations segments. The company offers personal banking products and services, including saving fund accounts, current accounts, fixed deposit, and capital gain account and gold monetiz"
BANKBARODA,Bank of Baroda,Financial Services,Financial Services,Banks - Regional,120824.0,169.47,,"Bank of Baroda Limited provides various banking products and services to individuals, government departments, and corporate customers in India and internationally. It operates through Treasury, Wholesale Banking, Retail Banking, and Other Banking Operations segments. The company offers savings, salary, and current accounts; and fixed and recurring deposits. It also provides loans, including home,"
INDIANB,Indian Bank,Financial Services,Financial Services,Banks - Regional,113280.0,86.95,,"Indian Bank provides various banking products and services. It offers deposit products, including savings bank and current accounts, term deposits, and non-resident Indian (NRI) accounts. The company also provides agriculture, MSME, corporate, online, home, mortgage, vehicle, personal, educational, and jewel loans; supply chain finance; 59 minutes loans; loan/OD against deposits, NSC/KVP/ relief b"
CANBK,Canara Bank,Financial Services,Financial Services,Banks - Regional,112204.0,153.87,,"Canara Bank provides various banking products and services in India and internationally. The company offers deposits and accounts, such as savings accounts, current accounts, recurring deposits, and term deposits; unclaimed deposits; loan products, including home, vehicle, education, personal, mortgage, gold, MSME, agri, and solar loans; life, general, and health insurance products; corporate loan"
IDBI,IDBI Bank Limited,Financial Services,Financial Services,Banks - Regional,89309.0,108.45,,"IDBI Bank Limited provides banking and financial solutions to retail and corporate customers in India. It operates through four segments: Corporate/Wholesale Banking, Retail Banking, Treasury Operations, and Other banking operations. The company offers savings, current, and salary accounts, as well as fixed deposits; home, auto, education, mortgage, and personal loans, as well as loans against pro"
FEDERALBNK,The Federal Bank  Limited,Financial Services,Financial Services,Banks - Regional,82011.0,162.4,,"The Federal Bank Limited provides various banking and financial services in India. It operates through four segments: Treasury, Corporate/Wholesale Banking, Retail Banking, and Other Banking Operations segments. The company offers savings, current, salary, GBD super 51, RFC domestic, RFC, EEFC, and gilt accounts, as well as fixed and recurring deposits, and cash certificates; fintech partnership p"
AUBANK,AU Small Finance Bank Limited,Financial Services,Financial Services,Banks - Regional,77789.0,101.82,,"AU Small Finance Bank Limited provides various banking and financial services in India. The company operates through Treasury, Retail Banking, Wholesale Banking, and Other Banking Operations segments. It offers savings, NRI, corporate salary, senior citizen, women and family, minor, current, premium banking, special offerings, RERA and escrow, collection, share capital and dividend, EXIM, institut"
INDUSINDBK,IndusInd Bank Limited,Financial Services,Financial Services,Banks - Regional,74486.0,143.09,,"IndusInd Bank Limited provides various banking products and financial services to individuals, corporations, government entities, and public sector undertakings in India. It operates in four segments: Treasury, Corporate/Wholesale Banking, Retail Banking, and Other Banking Operations. The company offers savings, salary, current, and uniformed personnel accounts; fixed, recurring, auto sweep, senio"
IDFCFIRSTB,IDFC First Bank Limited,Financial Services,Financial Services,Banks - Regional,73978.0,124.23,,"IDFC First Bank Limited provides various banking and financial services in India. It operates through the Treasury, Corporate and Wholesale Banking, Retail Banking, and Other Banking Business segments. The company offers treasury and forex solutions, including correspondent banking, FX, cross-border swift, government bonds and strips, liberalized remittance scheme, and external commercial borrowin"
YESBANK,Yes Bank Limited,Financial Services,Financial Services,Banks - Regional,72727.0,125.78,,"Yes Bank Limited engages in the provision of various banking and financial products and services in India. It operates through Treasury, Corporate Banking /Wholesale Banking, Retail Banking, and Other Banking Operations segments. The company offers savings, salary, and current accounts; deposits; safe deposit locker; credit, debit, prepaid, and MCTC cards; and NRI products. It also provides consum"
MAHABANK,Bank of Maharashtra,Financial Services,Financial Services,Banks - Regional,63225.0,124.33,,"Bank of Maharashtra provides various banking products and services in India. It operates through Treasury, Corporate/Wholesale Banking, Retail Banking, and Other Banking Operations segments. The company accepts savings, current, term, and recurring deposits, as well as provides capital gain account schemes. It also offers housing loans, vehicle and car loans, topup loans, education loans, gold loa"
BANKINDIA,Bank of India,Financial Services,Financial Services,Banks - Regional,63114.0,68.46,,"Bank of India provides various banking products and services in India and internationally. It operates through Treasury; Wholesale Banking; and Retail Banking segments. The company accepts various deposit products, such as savings, salary, current, term, and rera account deposits. It also provides debit, credit, and prepaid cards; personal, home, vehicle, education, star reverse mortgage, and home"
RBLBANK,RBL Bank Limited,Financial Services,Financial Services,Banks - Regional,62438.0,96.73,,"RBL Bank Limited operates as a scheduled commercial bank in India. It operates through Corporate/Wholesale Banking; Retail Banking; Treasury; and Other Banking Operations segments. The company offers savings, salary, current, special institutions, and seafarer accounts; safe deposit lockers; fixed, recurring, and smart deposits; and portfolio investment schemes. It also provides housing, personal,"
IOB,Indian Overseas Bank,Financial Services,Financial Services,Banks - Regional,61737.0,5.85,,"Indian Overseas Bank provides various banking products and services in India and internationally. It operates through Treasury Operations, Corporate/Wholesale Banking Operations, Retail Operations, and Other Banking Operations segments. The company accepts various deposits, such as demand, savings, current, fixed, recurring, tax saver, and term deposits. Its loan products include home, vehicle, je"
KARURVYSYA,Karur Vysya Bank Limited,Financial Services,Financial Services,Banks - Regional,31528.0,48.19,,"The Karur Vysya Bank Limited provides various banking and financial services for personal and corporate customers in India. The company operates through Treasury, Corporate and Wholesale Banking, Retail Banking, and Other Banking Operations segments. The Treasury segment offers investments in Central and State Government securities, debt instruments of banks, FIs, insurance companies, PSUs and cor"
UCOBANK,UCO Bank,Financial Services,Financial Services,Banks - Regional,29618.0,10.34,,"UCO Bank provides various banking and financial services in India and internationally. The company's deposit products include current accounts, saving accounts, fixed deposits, recurring deposits, accounts in foreign currency, and fee collection accounts. It also offers agri, home, education, gold, personal, vehicle, and mortgage loans; finance to micro and small enterprises; working capital finan"
BANDHANBNK,Bandhan Bank Limited,Financial Services,Financial Services,Banks - Regional,28840.0,110.85,,"Bandhan Bank Limited provides banking and financial services for personal and business customers in India. The company operates through Treasury, Retail Banking, Corporate/Wholesale Banking, and Other Banking Business segments. It accepts term, fixed, and recurring deposits; and offers savings, salary, and current accounts. The company also provides home, gold, personal, two-wheeler, and car loans"
CENTRALBK,Central Bank of India,Financial Services,Financial Services,Banks - Regional,28503.0,16.7,,"Central Bank of India operates as a commercial bank in India. The company offers deposit products, which include savings and current accounts, time deposits, recurring deposit schemes, and small saving scheme; and loans, including housing, vehicle, property, personal, pensioner, education, and agricultural, as well as micro small and medium enterprises loans. It also provides credit, debit, and pr"
CUB,City Union Bank Limited,Financial Services,Financial Services,Banks - Regional,23278.0,48.14,,"City Union Bank Limited provides various banking products and services in India. It operates through four segments: Treasury, Corporate/Wholesale Banking, Retail Banking, and Other Banking Operations. The company offers savings, current, staff salary, and resident foreign currency accounts; fixed, recurring, flexifix, desire, and income tax saver deposits; personal, gold, agricultural, consumer, h"
J&KBANK,The Jammu & Kashmir Bank Limited,Financial Services,Financial Services,Banks - Regional,16072.0,27.53,,"Jammu and Kashmir Bank Limited provide various banking products and services. The company operates through Treasury Operations, Corporate/Wholesale Banking, Retail Banking, and Other Banking Business segments. It offers savings, current, salary, pension, and NRE and NRO accounts; and term deposits. The company also provides housing, consumer, education, term, car, coaching fee, personal consumptio"
TMB,Tamilnad Mercantile Bank Limited,Financial Services,Financial Services,Banks - Regional,14035.0,10.98,,"Tamilnad Mercantile Bank Limited provides banking and financial products and services in India. It operates through the Treasury, Corporate and Wholesale Banking, Retail Banking, and Other Banking Operations segments. The company offers savings, fixed, recurring, term deposit, and current accounts; debit and credit cards; and demat and equity trading accounts, mutual fund, insurance, portfolio man"
UJJIVANSFB,Ujjivan Small Finance Bank Limited,Financial Services,Financial Services,Banks - Regional,12641.0,66.88,,"Ujjivan Small Finance Bank Limited provides various banking and financial services in India. The company operates through Treasury, Retail Banking, and Corporate/Wholesale Banking segments. It provides current, savings, salary, TACS savings and current, and NRI accounts; and fixed, recurring, TASC fixed, NRI and NRO fixed, and tax saver fixed deposits, as well as two wheeler loan. The company's lo"
SOUTHBANK,The South Indian Bank Limited,Financial Services,Financial Services,Banks - Regional,11923.0,38.51,,"The South Indian Bank Limited provides various banking products and services in India. It operates through Treasury, Corporate/Wholesale Banking, Retail Banking, and Other Banking Operations segments. The company offers savings, institutional banking, non-resident external, non-resident ordinary, fixed currency non-resident, and current accounts; term deposits; and portfolio investment schemes. It"
KTKBANK,The Karnataka Bank Limited,Financial Services,Financial Services,Banks - Regional,11896.0,65.82,,"The Karnataka Bank Limited provides various banking and financial services in India. It operates through four segments: Treasury operations, Corporate/Wholesale Banking, Retail Banking, and Other Banking Operations. The company provides various fund and non-fund-based products, including term loans, working capital facilities, foreign exchange services, structured finance, as well as trade financi"
EQUITASBNK,Equitas Small Finance Bank Limited,Financial Services,Financial Services,Banks - Regional,8287.0,9.6,,"Equitas Small Finance Bank Limited provides various banking products and services to individuals and corporates, and micro, small, and medium enterprises in India. The company operates through Treasury, Corporate/Wholesale Banking, Retail Banking, and Other Banking Operations segments. It provides fixed and term deposit products, and savings and current accounts, as well as trust, association, soc"
DCBBANK,DCB Bank Limited,Financial Services,Financial Services,Banks - Regional,7048.0,37.52,,"DCB Bank Limited engages in the provision of various banking and financial products and services in India. It operates through Treasury Operations, Corporate/Wholesale Banking, Retail Banking, and Other Banking Operations segments. The company offers deposit products, including current and saving, NRI, recurring, and fixed deposit accounts; debit, travel smart, and credit cards; and payment servic"
CSBBANK,CSB Bank Limited,Financial Services,Financial Services,Banks - Regional,5674.0,18.92,,"CSB Bank Limited provides banking and financial services for small and mid-sized enterprises, large corporates and conglomerates, and domestic and non-resident individuals in India. It operates through Treasury, Corporate/Wholesale Banking, Retail Banking, and Other Banking Operations segments. The company offers savings, current, salary/payroll, and fixed and recurring deposit accounts, as well a"
JSFB,Jana Small Finance Bank Limited,Financial Services,Financial Services,Banks - Regional,5622.0,29.23,,"Jana Small Finance Bank Limited provides banking and financial services to individuals and enterprises in India. It operates through Treasury, Corporate/Wholesale Banking, Retail Banking, and Other Banking Operations segments. The company offers current and savings accounts; fixed, recurring, and other deposits; and loans, such as two-wheeler, group, business, gold, home improvement, agri group an"
GROWW,Billionbrains Garage Ventures Limited,Financial Services,Financial Services,Capital Markets,118005.0,465.98,,"Billionbrains Garage Ventures Limited develops a direct-to-customer digital investment platform that provides wealth creation opportunities through multiple financial products and services in India. Its platform Groww, allows users to invest in and trade stocks, including cash, intraday, and IPO; equity and commodity derivatives; bonds; mutual funds; margin trading facility; exchange traded funds;"
MOTILALOFS,Motilal Oswal Financial Services Limited,Financial Services,Financial Services,Capital Markets,59996.0,75.0,,"Motilal Oswal Financial Services Limited offers financial services in India. It operates through Wealth Management, Capital Markets, Asset and Private Wealth Management, Home Finance, and Treasury Investments segments. The company offers wealth and asset management, private wealth management, and home finance; stock broking, securities brokerage, investment funds shares brokerage, and commodity co"
AIIL,Authum Investment & Infrastructure Limited,Financial Services,Financial Services,Capital Markets,47506.0,8.75,,"Authum Investment & Infrastructure Limited, a non-banking finance company, engages in investment, trading, and lending activities in India and internationally. It operates through the Investment Activity, Lending Activity, and Rental Business segments. The company is involved in the investment and trading in shares and securities. It also invests in publicly listed and unlisted companies. In addit"
CDSL,Central Depository Services (India) Limited,Financial Services,Financial Services,Capital Markets,28445.0,152.34,,"Central Depository Services (India) Limited, together with its subsidiaries, provides depository services in India. It operates through Depository; Data Entry and Storage; and Repository segments. The Depository segment offers various services to investors, such as dematerialisation, rematerialisation, holding, transfer, and pledge of securities in electronic form; and provides e-voting services t"
ANGELONE,Angel One Limited,Financial Services,Financial Services,Capital Markets,27069.0,129.63,,"Angel One Limited provides broking and advisory services, margin funding, and financial products to its clients in India and internationally. The company provides equity, commodities, derivatives, and currency derivative products. It also manages client's securities in the electronic form; facilitates clients in applying for initial public offerings; and provides funds to investors for trading. In"
CHOICEIN,Choice International Limited,Financial Services,Financial Services,Capital Markets,17422.0,24.77,,"Choice International Limited, together with its subsidiaries, provides various financial services in India. It operates through Broking & Distribution Services, Advisory Services, and NBFC Services segments. The company offers equity broking; wealth management, such as asset allocation, risk management, investment products, and estate planning; health, life, commercial, and vehicle insurance; sola"
JMFINANCIL,JM Financial Limited,Financial Services,Financial Services,Capital Markets,12083.0,30.45,,"JM Financial Limited, together with its subsidiaries, provides various integrated and diversified financial services to corporations, financial institutions, government organizations, high net-worth individuals, and retail customers in India and internationally. It operates through Corporate Advisory and Capital Markets; Wealth and Asset Management; Private Markets; and Affordable Home Loans segme"
IIFLCAPS,IIFL Capital Services Limited,Financial Services,Financial Services,Capital Markets,10855.0,11.37,,"IIFL Capital Services Limited provides capital market services in the primary and secondary markets in India. The company offers an investment and trading platform for equities, commodities, currency, and margin trade funding; investment solutions, including equity, debt, alternative investment funds, insurance, and others; and equity, debt, commodities, and currency broking, as well as corporate"
IEX,Indian Energy Exchange Limited,Financial Services,Financial Services,Capital Markets,10122.0,34.09,,"Indian Energy Exchange Limited provides automated trading platform for physical delivery of electricity, renewable energy, and certificates. The company offers Day-Ahead Market, a physical electricity trading market which allows market participants to buy and sell electricity for the next day; Term-Ahead-Market that provides a range of products allowing participants to buy and sell electricity on"
SHAREINDIA,Share India Securities Limited,Financial Services,Financial Services,Capital Markets,4970.0,5.49,,"Share India Securities Limited operates as a financial services company in India. It operates through the Share Broking/Trading Business, Insurance Business, Merchant Banking Business, NBFC Business, and Technology Services Business segments. The company offers retail and institutional broking, research and advisory, financial product distribution, wealth management, and depository services; distr"
BAJFINANCE,Bajaj Finance Limited,Financial Services,Financial Services,Credit Services,635342.0,499.55,,"Bajaj Finance Limited operates as a deposit-taking non-banking financial company in India. The company offers financing for various products, such as consumer electronics, furniture, digital products, lifestyle products, lifecare services, e-commerce purchases, retail spends, and two and three-wheelers; and personal, unsecured, home, secured, gold, and car loans. It also provides secured and unsec"
SHRIRAMFIN,Shriram Finance Limited,Financial Services,Financial Services,Credit Services,238081.0,422.91,,"Shriram Finance Limited, a non-banking finance company, provides financing services in India. It offers fixed and recurring deposits; commercial vehicle loans for commercial goods vehicles, passenger commercial vehicles, tractors and farm equipment, and construction equipment; two-wheeler, gold, used car loan, and personal loans; and green finance services. The company also provides business loans"
CHOLAFIN,Cholamandalam Investment and Finance Company Limited,Financial Services,Financial Services,Credit Services,150657.0,193.61,,"Cholamandalam Investment and Finance Company Limited, operates as a non-banking finance company in India. The company operates through Vehicle Finance, Loan Against Property, Home Loans, and Other Loans segments. It offers loans for commercial vehicles, passenger vehicle, two- and three- wheelers, and tractors and farm equipment, as well as construction equipment. The company also provides secured"
TATACAP,Tata Capital Limited,Financial Services,Financial Services,Credit Services,144928.0,38.34,,"Tata Capital Limited, through its subsidiaries, provides various financial services to retail, SME, corporate, and institutional customers in India, Singapore, and the United Kingdom. The company operates through three segments: Financing Activity, Investment Activity, and Others. It offers loans for retail and corporate borrowers, including asset financing, term loans, channel financing, credit s"
MUTHOOTFIN,Muthoot Finance Limited,Financial Services,Financial Services,Credit Services,114587.0,180.57,,"Muthoot Finance Limited, a non-banking financing company, provides gold loans in India. The company offers various loans, including personal, small business, home, corporate business, SME, and vehicle loans, as well as loans against property; insurance products, such as health, home, vehicle, life, travel, shop, bike, and group insurance; housing and micro finance; and mutual funds. It also provid"
PFC,Power Finance Corporation Limited,Financial Services,Financial Services,Credit Services,113771.0,252.61,,"Power Finance Corporation Limited, a non-banking finance company, provides financial products and related advisory services to the power, logistics, and infrastructure sectors in India. The company offers fund-based financial policies and products, such as project-specific funding; a revamped distribution sector scheme; funding for clearance of dues-LPS; a revolving bill payment facility; guidelin"
IRFC,Indian Railway Finance Corporation Limited,Financial Services,Financial Services,Credit Services,104836.0,64.59,,"Indian Railway Finance Corporation Limited engages in leasing of rolling stock and railway infrastructure assets in India. The company also engages in lending business to other entities under the Ministry of Railways; and borrowing funds from commercial markets, financial markets to finance the acquisition/creation of assets that are leased out to the Indian Railways. Indian Railway Finance Corpor"
RECLTD,REC Limited,Financial Services,Financial Services,Credit Services,81683.0,142.48,,"REC Limited, together with its subsidiaries, engages in the provision of financing services for power generation, transmission, distribution, infrastructure, and logistics projects in India. The company primarily offers long, medium, and short-terms loans; debt refinancing, equity financing, financing of equipment manufacturing for power sector and coal mines; policy for funding against regulatory"
LTF,L&T Finance Limited,Financial Services,Financial Services,Credit Services,77146.0,105.59,,"L&T Finance Limited, a non-banking financial company, provides various financial products and services in India. It offers housing loans; personal loans for medical emergencies, home renovation, wedding, vacation, education, and debt consolidation; two-wheeler loans; business loans, such as SME, doctor, chartered accountant, and professional loans, as well as supply chain financing solutions; rura"
SBICARD,SBI Cards and Payment Services Limited,Financial Services,Financial Services,Credit Services,60620.0,120.24,,"SBI Cards and Payment Services Limited, a non-banking financial company, provides credit cards to individual and corporate customers in India. The company offers corporate, central travel, utility, and corporate purchase and virtual cards. It also acts as a corporate insurance agent for selling insurance policies to credit card customers. The company was incorporated in 1998 and is headquartered i"
HDBFS,HDB Financial Services Limited,Financial Services,Financial Services,Credit Services,56414.0,25.72,,"HDB Financial Services Limited operates as a non-banking financial company that provides lending and business process outsourcing services in India. The company offers personal loans, salaried personal loans, business loans, micro lending loans, auto loans, two-wheeler loans, relationship personal loan, gold loans, loans against property, enterprise business loans, consumer durable loans, commerci"
PIRAMALFIN,Piramal Finance Limited,Financial Services,Financial Services,Credit Services,52434.0,87.8,,"Piramal Finance Limited, a housing finance company, provides financing solutions to corporate and private customers in India. It offers housing loans, such as home, construction, and home renovation and extension loan; business loans, which include working capital loan, loan against property and secured business loan, as well as loans for growing business, consolidate business needs, and professio"
SUNDARMFIN,Sundaram Finance Limited,Financial Services,Financial Services,Credit Services,51576.0,15.02,,"Sundaram Finance Limited, together with its subsidiaries, operates as a non-banking finance company in India. The company accepts fixed, cumulative, and NRI deposits. The company also offers finance for new and used cars, new and used commercial vehicles, and new and used construction equipment; diesel finance for commercial vehicle operators and companies; tire and insurance finance; farm equipme"
M&MFIN,Mahindra & Mahindra Financial Services Limited,Financial Services,Financial Services,Credit Services,49290.0,64.26,,"Mahindra & Mahindra Financial Services Limited, a non-banking financial company, engages in vehicle financing business in India. The company operates through Financing Activities and Other Reconciling Items segments. It offers financing for new and pre-owned auto, utility vehicles, tractors, passenger cars, and commercial vehicles; and vehicle leasing solutions through its digital platform Quiklyz"
POONAWALLA,Poonawalla Fincorp Limited,Financial Services,Financial Services,Credit Services,41253.0,35.38,,"Poonawalla Fincorp Limited, a non-banking finance company, provides consumer and MSME financing services in India. The company offers prime personal, gold, education, consumer durable, commercial vehicle, shopkeeper, instant consumer, pre-owned car, business, mid-market, machinery and medical equipment, and professional loans, and loan against property, as well as NBFC lending. It also provides su"
HUDCO,Housing & Urban Development Corporation Limited,Financial Services,Financial Services,Credit Services,34679.0,20.62,,"Housing and Urban Development Corporation Limited provides financing and credit for housing and infrastructure development projects in India. The company offers housing finance loans for social housing, residential real estate, and HUDCO Niwas; urban infrastructure finance loans for water supply, roads and transport, power, emerging sector, commercial infrastructure and others, social infrastructu"
IREDA,Indian Renewable Energy Development Agency Limited,Financial Services,Financial Services,Credit Services,31182.0,41.1,,"Indian Renewable Energy Development Agency Limited, a non-banking financial company, provides financial products and services in the renewable energy and energy efficiency sectors in India. The company promotes, develops, and extends financial assistance for setting up projects relating to new and renewable sources of energy and energy efficiency/conservation; and environmental technologies for su"
MANAPPURAM,Manappuram Finance Limited,Financial Services,Financial Services,Credit Services,29598.0,120.41,,"Manappuram Finance Limited, a gold loan non-banking financial company, provides fund-based and fee-based financial services in India. It operates through Gold Loan and Others, and Microfinance segments. The company offers loans, such as gold loans, gold loans at your doorstep, online gold loans, business loans, home improvement loans, housing loans, property loans, income-generating loans, and per"
CHOLAHLDNG,Cholamandalam Financial Holdings Limited,Financial Services,Financial Services,Credit Services,27693.0,14.49,,"Cholamandalam Financial Holdings Limited, an investment company, provides financial services in India. It operates through Financing, Insurance, and Others segments. The company offers vehicle finance, loans against property, home loans, secured business and personal loans, consumer and small enterprises loans, gold loans, and small and medium enterprise loans, as well as various other financial s"
CGCL,Capri Global Capital Limited,Financial Services,Financial Services,Credit Services,25868.0,140.92,,"Capri Global Capital Limited, a non-banking financial company, provides financial services in India. It offers home loans; micro, small, and medium enterprises (MSME) loans; construction finance; small business loans; loans against property; and gold loans, as well as indirect lending, car loan distribution, and insurance distribution services. The company was formerly known as Money Matters Finan"
IIFL,IIFL Finance Limited,Financial Services,Financial Services,Credit Services,25862.0,141.72,,"IIFL Finance Limited, a non-banking financial company, provides financial services in India and internationally. The company offers mortgage and gold loans; business loans, including business loans for manufacturers, women, and e-commerce; loans to micro, small, and medium enterprises; loans against securities; and digital finance loans, as well as supply chain finance. It also provides constructi"
CREDITACC,CREDITACCESS GRAMEEN LIMITED,Financial Services,Financial Services,Credit Services,22324.0,29.1,,"CreditAccess Grameen Limited, a non-banking financial company, provides micro finance services for women from poor and low-income households in India. The company offers microcredit loans for income generation, home improvement, emergency, family welfare, and Grameen Unnati, as well as Grameen Suraksha, Grameen Sanchay, life insurance, and national pension schemes. It also provides retail finance"
IFCI,IFCI Limited,Financial Services,Financial Services,Credit Services,20005.0,880.32,,"IFCI Limited provides non-banking financial services to the public sector in India. The company offers project finance for the Electricity and renewable energy, telecommunications, roads, oil and gas, ports, airports, basic metals, chemicals, pharmaceuticals, electronics, textiles, real estate, smart cities, urban infrastructure, etc. It also provides corporate finance, such as balance sheet fundi"
FIVESTAR,Five-Star Business Finance Limited,Financial Services,Financial Services,Credit Services,15496.0,28.58,,"Five-Star Business Finance Limited operates as a non-banking financial company in India. The company offers business and other loans to small business owners and self-employed individuals, as well as for other purposes such as business expansion, home renovation/improvement and other mortgage purposes, including marriage, education, emergency. It also provides mortgage loans. Five-Star Business Fi"
SBFC,SBFC Finance Limited,Financial Services,Financial Services,Credit Services,10117.0,7.62,,"SBFC Finance Limited, a non-banking financial company, engages in fund-based financing activity in India. The company offers secured loans for micro, small, and medium enterprises (MSME); loans against gold; unsecured personal loans and unsecured business loans; and loan management services. It also operates as a corporate agent of insurance products. It serves entrepreneurs, small business owners"
FEDFINA,Fedbank Financial Services Limited,Financial Services,Financial Services,Credit Services,5692.0,11.08,,"Fedbank Financial Services Limited, a non-banking finance company (NBFC), provides financing services to individuals and businesses in India. It offers loan products, including gold, home, and property loans. The company was incorporated in 1995 and is headquartered in Mumbai, India. Fedbank Financial Services Limited operates as a subsidiary of The Federal Bank Limited."
BAJAJFINSV,Bajaj Finserv Limited,Financial Services,Financial Services,Financial Conglomerates,296013.0,109.31,,"Bajaj Finserv Ltd., through its subsidiaries, provides financial services in India. The company operates through Life Insurance, General Insurance, Windmill, Retail Financing, and Investments and Others segments. It offers personal, home, business, gold, loan for doctors and lawyers; loan against properties, securities, car, fixed deposit, insurance policy, mutual funds, and shares; unsecured and"
ABCAPITAL,Aditya Birla Capital Limited,Financial Services,Financial Services,Financial Conglomerates,110440.0,89.63,,"Aditya Birla Capital Limited, through its subsidiaries, provides various financial products and services in India and internationally. It operates through Lending, Housing Finance, Life Insurance, Asset Management, Health Insurance, Stock and Securities Broking, and Other Financial Services segments. The company offers housing loans, such as home extension, renovation, construction, plot and const"
EDELWEISS,Edelweiss Financial Services Limited,Financial Services,Financial Services,Financial Conglomerates,13206.0,122.11,,"Edelweiss Financial Services Limited provides financial products and services to corporations, institutions, and individuals in India. It offers retail credit products, such as home, small and medium-sized enterprise, and business loans; and investment banking services. The company also provides asset management, mutual funds, asset reconstruction, asset reconstruction, and housing finance product"
BSE,BSE Limited,Financial Services,Financial Services,Financial Data & Stock Exchanges,128377.0,1393.91,,"BSE Limited, together with its subsidiaries, provides a platform for the listing and trading of equity, debt instruments, currencies, commodities, derivatives, mutual funds, and small and medium enterprise securities in India and internationally. The company provides clearing and settlement, IT support, training, and stock exchange and index services, as well as engages in the corporate social res"
MCX,Multi Commodity Exchange of India Limited,Financial Services,Financial Services,Financial Data & Stock Exchanges,81674.0,649.45,,"Multi Commodity Exchange of India Limited, a commodity derivatives exchange, provides a platform to facilitate online trading of commodity derivatives in India. The company offers iCOMDEX, a real-time commodity futures price indices; and trades in bullion, base metals, energy, and agricultural commodities. It also provides clearing and settlement services; and data feed subscription and membership"
CRISIL,Crisil Limited,Financial Services,Financial Services,Financial Data & Stock Exchanges,33681.0,18.41,,"CRISIL Limited, an analytical company, provides ratings, research, and risk and policy consulting services in India, Europe, North America, and internationally. It operates through two segment, Rating Services; and Research, Analytics and Solutions. The company offers credit ratings for corporates, banks, and bank loans; credit analysis services; grading services; and analytical services. It also"
CAMS,Computer Age Management Services Limited,Financial Services,Technology,Information Technology Services,17485.0,77.87,,"Computer Age Management Services Limited provides registrar and transfer agency services, including data processing and related activities, to financial institutions in India. It provides MFCentral, a platform for mutual fund investors to digitally view their portfolios as well as manage and transact across their investments; myCAMS, a mobile app and portal for retail investors to manage and trans"
ICICIGI,ICICI Lombard General Insurance Company Limited,Financial Services,Financial Services,Insurance - Diversified,75396.0,111.24,,"ICICI Lombard General Insurance Company Limited provides various general insurance products and services in India. The company primarily offers fire, marine, cargo, engineering, aviation, public/product liability, employee group, workmen's compensation, cyber, personal accident, and travel insurance solutions. It also provides credit, crop, cattle, weather, mass health, and motor, as well as home"
NIACL,The New India Assurance Company Limited,Financial Services,Financial Services,Insurance - Diversified,30745.0,116.81,,"The New India Assurance Company Limited, together with its subsidiaries, engages in the general insurance industry in India and internationally. The company offers motor, health, travel, rural, credit, engineering, aviation, personal accident, liability, marine hull, fire, marine cargo, and miscellaneous insurances, as well as rural micro products, such as cattle, sheep, goat, pig, and agriculture"
LICI,Life Insurance Corporation Of India,Financial Services,Financial Services,Insurance - Life,506000.0,289.05,,"Life Insurance Corporation of India provides life insurance products in India, Fiji, Mauritius, and the United Kingdom. The company offers insurance plans, including endowment, whole life, term insurance, money back, and term assurance plans, as well as riders comprising accidental death and disability benefit, critical illness benefit, and premium waiver benefit riders. It also provides pension,"
SBILIFE,SBI Life Insurance Company Limited,Financial Services,Financial Services,Insurance - Life,176198.0,153.19,,"SBI Life Insurance Company Limited operates as a life insurance company in India. The company's life insurance business comprises individual and group life insurance products, including participating, non-participating, pension, group gratuity, group leave encashment, group superannuation, group annuity, unit-linked and variable insurance products, health, and micro insurance. It also provides acc"
HDFCLIFE,HDFC Life Insurance Company Limited,Financial Services,Financial Services,Insurance - Life,121504.0,184.12,,"HDFC Life Insurance Company Limited engages in the provision of individual and group insurance solutions in India. It offers insurance and investment products, such as protection, pension, savings, investment, annuity, and health, as well as term, investment, life insurance, and NRI plans. The company was formerly known as HDFC Standard Life Insurance Company Limited changed its name to HDFC Life"
ICICIPRULI,ICICI Prudential Life Insurance Company Limited,Financial Services,Financial Services,Insurance - Life,71524.0,55.43,,"ICICI Prudential Life Insurance Company Limited provides life insurance, annuity, pension, and health insurance products to individuals and groups in India. The company offers term, savings, unit linked, guaranteed return, child education, and retirement insurance plans; and pension fund management services. It distributes its products through individual and corporate agents, banks, and brokers, a"
MFSL,Max Financial Services Limited,Financial Services,Financial Services,Insurance - Life,53864.0,83.14,,"Max Financial Services Limited, through its subsidiary, engages in life insurance business in India. It operates through Business Investments and Others, and Life Insurance segments. The company offers participating and nonparticipating and linked products covering life insurance and pension and health benefits, including riders for individual and group through individual agents, corporate agents,"
STARHEALTH,Star Health and Allied Insurance Company Limited,Financial Services,Financial Services,Insurance - Life,31944.0,15.64,,"Star Health and Allied Insurance Company Limited provides health insurance products in India. It offers retail health insurance products for individuals and families; group health insurance products for employer/employee and non-employer/employee groups, including small-to-medium enterprises; and personal accident and travel insurance products. The company also provides star women care insurance p"
NIVABUPA,Niva Bupa Health Insurance Company Limited,Financial Services,Financial Services,Insurance - Life,14886.0,4.03,,"Niva Bupa Health Insurance Company Limited provides health insurance products in India. It offers health insurance plans, such as individual, family, NRIs, senior citizens, personal accident, critical illness, disease-specific, hospital cash, and maternity insurance; travel insurance plans, including international and studying abroad insurance; and corporate insurance plans comprising group and st"
CANHLIFE,Canara HSBC Life Insurance Company Limited,Financial Services,Financial Services,Insurance - Life,14494.0,10.26,,"Canara HSBC Life Insurance Company Limited provides life and other insurance products for individuals, companies, businesses, and organizations in India. It offers term, life, child, group, health, whole life, disability, and accident insurances; and ULIP, pension, savings, retirement, financial, and investment plans. The company sells its policies through bancassurance, agency channels, brokers a"
RELIGARE,Religare Enterprises Limited,Financial Services,Financial Services,Insurance - Life,8729.0,25.98,,"Religare Enterprises Limited, through its subsidiaries, provides various financial services in India. It operates through Investment and Financing Activities; Broking Related Activities; E-Governance; and Insurance segments. The company provides small and medium enterprise financing; and housing finance products comprising home-purchase, home construction, and home improvement loans. It also offer"
GODIGIT,Go Digit General Insurance Limited,Financial Services,Financial Services,Insurance - Property & Casualty,22322.0,4.55,,"Go Digit General Insurance Limited provides various insurance products and services in India. It offers car, bike, and commercial vehicle insurance; health and property insurance; fire, marine cargo and hull, travel, miscellaneous, and business insurance; and workmen's compensation, public/product liability, engineering, aviation, personal accident, crop, and other insurance. The company was forme"
GICRE,General Insurance Corporation of India,Financial Services,Financial Services,Insurance - Reinsurance,60737.0,35.32,,"General Insurance Corporation of India engages in the provision of reinsurance services in India and internationally. It provides property, energy, marine, engineering, liability, spares, health, agriculture/weather, motor and workmen compensation, aviation, life, marine hull, cargo and offshore energy, credit, and miscellaneous products. The company was incorporated in 1972 and is headquartered i"
POLICYBZR,PB Fintech Limited,Financial Services,Financial Services,Insurance Brokers,82855.0,207.22,,"PB Fintech Limited operates an online marketplace for insurance and lending products in India and the United Arab Emirates. It operates through two segments, Insurance Services and Other Services. The company offers Policybazaar that enables consumers to compare, evaluate, and apply for insurance products, such as term, life, health, car, 2 wheeler, family health, travel, and home insurance produc"
BAJAJHFL,Bajaj Housing Finance Limited,Financial Services,Financial Services,Mortgage Finance,69944.0,20.67,,"Bajaj Housing Finance Limited provides housing finance services in India. It offers finance to individuals and corporate entities for the purchase and renovation of homes or commercial spaces. The company also provides loans against property for business or personal needs, as well as working capital for business expansion purposes. In addition, it offers finance to developers engaged in the constr"
LICHSGFIN,LIC Housing Finance Limited,Financial Services,Financial Services,Mortgage Finance,31244.0,192.47,,"LIC Housing Finance Limited, a housing finance company, provides loans for the purchase, construction, repair, and renovation of houses/buildings in India. The company offers public, green, and corporate deposits; home loans to residents and non-residents Indians, as well as to pensioners; plot loans, home improvement and renovation, construction, and home extension loans; refinance; construction"
PNBHOUSING,PNB Housing Finance Limited,Financial Services,Financial Services,Mortgage Finance,29760.0,82.21,,"PNB Housing Finance Limited operates as a housing finance company in India. It offers loans to individuals and corporate bodies for purchase, construction, repair, and upgradation of houses; loans for commercial space, and loans against property, as well as for purchase of residential plots; and home loans, property-related services, and fixed deposits. The company was incorporated in 1988 and is"
AADHARHFC,Aadhar Housing Finance Limited,Financial Services,Financial Services,Mortgage Finance,20423.0,10.65,,"Aadhar Housing Finance Limited, a housing finance company, engages in the housing finance business in India. The company offers loans for residential property; plot purchase and construction; home improvement and extension loans; commercial property construction and acquisition; and loans against residential properties. It serves individuals, companies, corporations, societies, and association of"
SAMMAANCAP,Sammaan Capital Limited,Financial Services,Financial Services,Mortgage Finance,16412.0,70.76,,"Sammaan Capital Limited, together with its subsidiaries, operates as a non-banking financial company in India. The company is involved in the business of providing finance, as well as undertakes lending and finance to persons, co-operative society, association of persons, body of individuals, companies, institutions, and firms; builders, developers, contractors, and tenants; construction, erection"
HOMEFIRST,Home First Finance Company India Limited,Financial Services,Financial Services,Mortgage Finance,13151.0,16.54,,"Home First Finance Company India Limited operates as a housing finance company in India. The company offers home, self-construction, renovation, mortgage, shop, and resale, as well as top-up loans. It also provides insurance loan products and loans through mobile applications. The company serves salaried professionals, self-employed individuals, informal earners, and small business owners, as well"
APTUS,Aptus Value Housing Finance India Limited,Financial Services,Financial Services,Mortgage Finance,11883.0,28.82,,"Aptus Value Housing Finance India Limited, together with its subsidiary, Aptus Finance India Private Limited, provides housing finance solutions against immovable properties in India. The company offers home and quasi-home loans for the purchase, construction, renovation, and extension of houses; loans against property for construction and purchase of houses; and secured, small business, and refin"
AAVAS,Aavas Financiers Limited,Financial Services,Financial Services,Mortgage Finance,10476.0,12.19,,"Aavas Financiers Limited provides housing finance services to low- and middle-income customers in semi-urban and rural areas in India. The company offers home loans for flats, houses, and bungalows; home construction loans for residential houses; resale property purchase loans, and home improvement loans, including loans for tiling or flooring, plaster or painting, etc. It also provides loans agai"
CANFINHOME,Can Fin Homes Limited,Financial Services,Financial Services,Mortgage Finance,10252.0,18.18,,"Can Fin Homes Limited provides housing finance services primarily to first-time homebuyers and professionals in India. The company's products portfolio comprises housing loans, such as individual housing, commercial housing, composite housing, Composite housing loans. Layout loan, Flat under Construction TPA Basis, IHL Cash Salary, and affordable housing loans; non-housing loans, including site, m"
INDIASHLTR,India Shelter Finance Corporation Limited,Financial Services,Financial Services,Mortgage Finance,7364.0,5.83,,"India Shelter Finance Corporation Limited operates as a housing finance company in India. The company offers home, purchase and construction, and home renovation loans, as well as loans against property. It also provides secured retail home and home equity loans. The company was formerly known as Satyaprakash Housing Finance India Limited and changed its name to India Shelter Finance Corporation L"
KFINTECH,Kfin Technologies Limited,Financial Services,Technology,Software - Application,15501.0,55.0,,"KFin Technologies Limited operates as a corporate registrar and transfer agency in India, the United States, Canada, and internationally. The company offers digital onboarding & KYC services, registrar and transfer agency, investor service centres, distributor services, investor and distributor engagement tools, compliance and regulatory reporting, infrastructure support, call centre support, anal"
PAYTM,One 97 Communications Limited,Financial Services,Technology,Software - Infrastructure,116045.0,564.08,,"One97 Communications Limited engages in the provision of payment, commerce and cloud, and financial services to consumers and merchants in India, the United Arab Emirates, Saudi Arabia, and Singapore. The company offers payment and financial services, including payment facilitator services, facilitation of consumer and merchant lending to consumers and merchants, wealth management, etc. It also pr"
PINELABS,Pine Labs Limited,Financial Services,Technology,Software - Infrastructure,22350.0,445.45,,"Pine Labs Limited, a technology company, provides digital payments and issuing solutions for merchants, consumer brands and enterprises, and financial institutions in India and internationally. It operates through Digital Infrastructure and Transaction Platform, and Issuing and Acquiring Platform segments. The Digital Infrastructure and Transaction Platform segment provides technology platforms un"
STYL,Seshaasai Technologies Limited,Financial Services,Technology,Software - Infrastructure,5666.0,4.44,,"Seshaasai Technologies Limited provides payment, communications and fulfilment, and IoT solutions in India. The company offers smart cards comprising banking, smart ID payment, contact-based, multi-utility contactless, transit, prepaid, access and control payment, and NFT token cards; metal and high-tech payment cards; merchant QR solutions; payment form factor products, such as wrist bands, key f"
CCAVENUE,AvenuesAI Limited,Financial Services,Technology,Software - Infrastructure,5570.0,16.56,,"AvenuesAI Limited, a payment infrastructure company, provides digital payments and lending solutions for merchants, enterprises, corporations, governments, and financial institutions in India, the United Arab Emirates, and internationally. The company offers CCAvenue, a payment gateway that enables merchants to accept payments through websites and mobile devices; BillAvenue, a unified and interope"
JKPAPER,JK Paper Limited,Forest Materials,Basic Materials,Paper & Paper Products,7668.0,15.76,,"JK Paper Limited engages in the production and sale of paper products in India. The company offers office and copier papers; writing and printing; coated paper and boards; packaging board solutions; and carton board, container board & label solutions. It sells its products under the JK Cedar, JK Copier, JK Copier Plus Anti-Microbial, JK Easy Copier, JK A Copier, JK Sparkle, Eco Rise, JK Excel Bond"
BIOCON,Biocon Limited,Healthcare,Healthcare,Biotechnology,64318.0,103.45,Pharma - Export Generics,"Biocon Limited, together with its subsidiaries, manufactures biotechnology products and offers research services in India, the United States, Ireland, rest of the European Union, and internationally. It operates through Generics; Biosimilars; and Contract Research, Development and Manufacturing Organization (CRDMO) segments. The company offers generic formulations and API products, including cardi"
ANTHEM,Anthem Biosciences Limited,Healthcare,Healthcare,Biotechnology,51534.0,80.57,,"Anthem Biosciences Limited operates as a contract research, development, and manufacturing organization in India, rest of Asia, North America, Europe, and internationally. It operates in two segments: Contract Manufacturing, Development & Discovery Services; and Speciality Ingredients. The company offers contract research development and manufacturing services, such as end-to-end services across t"
ONESOURCE,Onesource Specialty Pharma Limited,Healthcare,Healthcare,Biotechnology,18338.0,21.4,CDMO & CRAMS,"OneSource Specialty Pharma Limited, a biopharmaceutical company, engages in the research, development, manufacture, and commercialization of biological drug products in various injectable formats in India, Ireland, the United States, and internationally. The company provides end-to-end contract development and manufacturing operations (CDMO) services across various phases of preclinical and clinic"
CONCORDBIO,Concord Biotech Limited,Healthcare,Healthcare,Biotechnology,16523.0,15.39,Active Pharma Ingredients,"Concord Biotech Limited, a, biopharma company, engages in the research and development, manufacture, and sale of pharmaceutical products in India and internationally. It operates through Active Pharmaceutical Ingredients (APIs) and Formulations segments. The company provides fermentation based active pharmaceutical ingredients in immunosuppressants, anti-bacterial, oncology, antifungal, and other"
BLUEJET,Blue Jet Healthcare Limited,Healthcare,Healthcare,Biotechnology,10055.0,19.3,,"Blue Jet Healthcare Limited engages in the manufacturing and sale of artificial sweeteners, pharmaceutical intermediates and active pharmaceutical ingredients (APIs) for use in products. It provides contrast media intermediates, as well as end-to-end solutions from process development and commercialization of NCEs, advance intermediates, API, and building blocks. The company develops, manufactures"
SUPRIYA,Supriya Lifescience Limited,Healthcare,Healthcare,Biotechnology,7708.0,16.66,Active Pharma Ingredients,"Supriya Lifescience Limited engages in the research and development, manufacture, and sale of bulk drugs and pharmaceutical chemicals worldwide. The company offers active pharmaceuticals ingredients in antihistamine, anti-allergic, anti-asthmatic, decongestant, analgesic/anti-pyretic/anesthetic, antihypertensive, vitamins, anti-malarial, and anti-gout areas. It also provides oncology, veterinary,"
SAILIFE,Sai Life Sciences Limited,Healthcare,Healthcare,Diagnostics & Research,34157.0,95.21,CDMO & CRAMS,"Sai Life Sciences Limited operates as a contract research, development, and manufacturing organization (CRDMO) in India and internationally. It offers medicinal chemistry, pharmacokinetics, clinical and commercial manufacturing, and process development services. The company was formerly known as SAI Advantium Pharma Limited and changed its name to Sai Life Sciences Limited in July 2006. Sai Life S"
LALPATHLAB,Dr. Lal Path Labs Ltd.,Healthcare,Healthcare,Diagnostics & Research,32066.0,35.29,Diagnostics,"Dr. Lal PathLabs Limited operates laboratories for carrying out pathological investigations in India and internationally. The company provides pathological investigations of various branches of bio-chemistry, hematology, histopathology, microbiology, electrophoresis, immuno-chemistry, immunology, virology, cytology, and other pathological and radiological investigations. It also offers phlebotomis"
VIJAYA,Vijaya Diagnostic Centre Limited,Healthcare,Healthcare,Diagnostics & Research,16027.0,16.72,Diagnostics,"Vijaya Diagnostic Centre Limited provides diagnostic services for patients in India. The company offers laboratory services, including clinical pathology, microbiology, haematology, serology, histopathology, cytogenetics, biochemistry, and molecular diagnostics; radiology services, such as CT scan, magnetic resonance imaging (MRI) scan, ultrasound, X-ray, cardiology, and gastroenterology; and adva"
SYNGENE,Syngene International Limited,Healthcare,Healthcare,Diagnostics & Research,15502.0,16.76,CDMO & CRAMS,"Syngene International Limited, a contract research and manufacturing company, provides drug discovery and development services in India, the United States of America, Europe, and internationally. The company provides discovery chemistry services, such as synthetic and medicinal chemistry, library and peptide synthesis, biomolecular science, organic electronic materials, and computational and analy"
METROPOLIS,Metropolis Healthcare Limited,Healthcare,Healthcare,Diagnostics & Research,12310.0,12.17,Diagnostics,"Metropolis Healthcare Limited, together with its subsidiaries, provides pathology and related healthcare services in India and internationally. The company offers routine and specialised pathology tests; advanced diagnostics, including genetic, molecular, and cytogenetic testing; preventive healthcare packages and corporate wellness screening; clinical trial research, hospital lab management, and"
THYROCARE,Thyrocare Technologies Limited,Healthcare,Healthcare,Diagnostics & Research,9095.0,14.09,Diagnostics,"Thyrocare Technologies Limited provides diagnostic testing services to patients, laboratories, and hospitals in India. It operates through three segments: Diagnostic Testing Services, Imaging Services, and Others. The Diagnostic Testing Services segment engages in the selling of consumables used for collection, and promotion of pathology. The Imaging Services segment sells radio-pharmaceutical and"
GLAXO,GlaxoSmithKline Pharmaceuticals Limited,Healthcare,Healthcare,Drug Manufacturers - General,48499.0,20.48,Pharma - Domestic Formulations,"GlaxoSmithKline Pharmaceuticals Limited manufactures, distributes, and trades in pharmaceuticals in India and internationally. The company offers adult and pediatric vaccines, such as Shingrix, Havrix, Fluarix Tetra, Varilrix, Infanrix Hexa, Boostrix, Synflorix, Menveo, and Priorix. It also provides respiratory specialty medicines, such as NUCALA for severe eosinophilic asthma, eosinophilic granul"
RUBICON,Rubicon Research Limited,Healthcare,Healthcare,Drug Manufacturers - General,28604.0,45.25,,"Rubicon Research Limited operates as a specialty pharmaceutical company in India, the United States, and internationally. The company develops products in the areas of analgesics/pain management, cardiovascular system, central nervous system, hypokalemia, skeletal muscle relaxants, nicotine replacement therapy, gastrointestinal, metabolic, and immunosuppressant. Its primary proprietary technologie"
PFIZER,Pfizer Limited,Healthcare,Healthcare,Drug Manufacturers - General,18462.0,12.23,Pharma - Domestic Formulations,"Pfizer Limited engages in manufacturing, marketing, trading, and distribution of pharmaceutical products in India and internationally. It offers therapy area and products, such as vaccines, injectables and anti-infectives, inflammation and immunology, and internal medicine for cardiovascular care, oncology, respiratory, multivitamins and multimineral, neuroscience, women's health, gastroenterology"
MARKSANS,Marksans Pharma Limited,Healthcare,Healthcare,Drug Manufacturers - General,15321.0,58.52,Pharma - Export Generics,"Marksans Pharma Limited, together with its subsidiaries, engages in the research, manufacturing, marketing, and sale of pharmaceutical formulations in the United States, North America, Europe, the United Kingdom, Australia, New Zealand, and internationally. The company offers products in the pain management, cardiovascular, central nervous system, anti-diabetic, gastrointestinal, analgesics, upper"
SANOFICONR,Sanofi Consumer Healthcare India Limited,Healthcare,Healthcare,Drug Manufacturers - General,9220.0,1.69,,"Sanofi Consumer Healthcare India Limited operates as a fast-moving consumer healthcare company in India. The company offers products in the allergy, physical wellness, and pain care segments under Allegra, Combiflam, Avil, DePURA, Festal, and other brand names through distributors, wholesalers, government institutions and hospitals, pharmacy chains, and e-commerce platforms. The company was incorp"
CORONA,CORONA Remedies Limited,Healthcare,Healthcare,Drug Manufacturers - General,,2.96,,"CORONA Remedies Limited, a pharmaceutical formulation company, develops, manufactures, and markets pharmaceutical products. It provides products in women's healthcare, cardio-diabeto, pain management, urology, thyroid management, respiratory, nutraceuticals, gastroenterology, and other therapeutic areas. The company was incorporated in 2004 and is based in Ahmedabad, India."
SUNPHARMA,Sun Pharmaceutical Industries Limited,Healthcare,Healthcare,Drug Manufacturers - Specialty & Generic,448412.0,258.86,Pharma - Export Generics,"Sun Pharmaceutical Industries Limited, a generic pharmaceutical company, develops, manufactures, and markets branded and generic formulations, and active pharmaceutical ingredients (APIs) in India, the United States, and internationally. The company offers formulations in various therapeutic areas, including neuropsychiatry, cardiology, diabetes, gastroenterology, pain/analgesics, gynecology, opht"
DIVISLAB,Divi's Laboratories Limited,Healthcare,Healthcare,Drug Manufacturers - Specialty & Generic,249819.0,464.24,CDMO & CRAMS,"Divi's Laboratories Limited engages in the manufacture and sale of generic active pharmaceutical ingredients (APIs), intermediates, and nutraceuticals in India, North America, Asia, Europe, and internationally. The company also undertakes custom synthesis contract manufacturing services of APIs and intermediates; and supplies a range of carotenoids, such as astaxanthin, beta-carotene, lycopene, ca"
TORNTPHARM,Torrent Pharmaceuticals Limited,Healthcare,Healthcare,Drug Manufacturers - Specialty & Generic,189043.0,141.93,Pharma - Domestic Formulations,"Torrent Pharmaceuticals Limited engages in the research, development, manufacturing, marketing, and distribution of branded and generic pharmaceutical formulations in India, the United States, Brazil, Germany, Malta, and internationally. The company offers products in various therapeutic areas, including anti-diabetic, anti-microbial, cardiovascular, CNS, urology, gynecology, oncology, gastro-inte"
ZYDUSLIFE,Zydus Lifesciences Limited,Healthcare,Healthcare,Drug Manufacturers - Specialty & Generic,115810.0,127.3,Pharma - Export Generics,"Zydus Lifesciences Limited engages in the research, development, production, marketing, distribution, and sale of pharmaceutical products in India, the United States, Europe, and internationally. It operates through three segments: Pharmaceuticals, Consumer Products, and Medical Technologies. The company offers active pharmaceutical ingredients, human and finished dosage formulations, generics, br"
CIPLA,Cipla Limited,Healthcare,Healthcare,Drug Manufacturers - Specialty & Generic,111977.0,118.72,Pharma - Export Generics,"Cipla Limited, together with its subsidiaries, manufactures, develops, sells, and distributes pharmaceutical products in India, the United States, South Africa, and internationally. It offers generic and branded generic medicines, vaccines, active pharmaceutical ingredients, and formulations for various therapeutic areas, such as MI, angina, heart disease, pulmonary disease, kidney disorders, alzh"
LAURUSLABS,Laurus Labs Limited,Healthcare,Healthcare,Drug Manufacturers - Specialty & Generic,109008.0,435.21,CDMO & CRAMS,"Laurus Labs Limited, together with its subsidiaries, manufactures and sells medicines and active pharmaceutical ingredients (APIs) in India and internationally. The company offers Generics APIs and solid oral drug products for intermediates for anti-retroviral (ARV), anti-diabetic, cardiovascular, anti-asthma, ophthalmology, oncology, and gastroenterology. It also develops and manufactures animal-"
MANKIND,Mankind Pharma Limited,Healthcare,Healthcare,Drug Manufacturers - Specialty & Generic,100692.0,78.88,Pharma - Domestic Formulations,"Mankind Pharma Limited develops, manufactures, and markets pharmaceutical formulations and consumer healthcare products in India and internationally. The company develops pharmaceuticals for acute and chronic therapeutics in the areas of anti-infective, cardiovascular, gastrointestinal, gynaecology, urology, anti-diabetic, dermatology, pain/analgesics, neuro/CNS, vitamins/minerals/nutrients, respi"
DRREDDY,Dr. Reddy's Laboratories Limited,Healthcare,Healthcare,Drug Manufacturers - Specialty & Generic,99817.0,157.57,Pharma - Export Generics,"Dr. Reddy's Laboratories Limited, together with its subsidiaries, operates as an integrated pharmaceutical company North America, Europe, India, Russia, and internationally. The company operates through Global Generics, Pharmaceutical Services and Active Ingredients (PSAI), and Others segment. Its Global Generics segment manufactures and markets prescription and over-the-counter finished pharmaceu"
AUROPHARMA,Aurobindo Pharma Limited,Healthcare,Healthcare,Drug Manufacturers - Specialty & Generic,98585.0,113.91,Pharma - Export Generics,"Aurobindo Pharma Limited, a pharmaceutical company, develops, manufactures, and commercializes generic pharmaceuticals in India, the United States, Europe, and internationally. The company manufactures a range of finished formulation products in various forms, such as oral solids, liquids, injectables for generic pharmaceuticals, branded specialty pharmaceuticals, and active pharmaceutical ingredi"
LUPIN,Lupin Limited,Healthcare,Healthcare,Drug Manufacturers - Specialty & Generic,97146.0,140.19,Pharma - Export Generics,"Lupin Limited, together with its subsidiaries, operates as a pharmaceutical company in India, the United States, and internationally. The company operates in two segments: Pharmaceuticals and Others. It produces, develops, and markets various branded and generic formulations, biotechnology products, and active pharmaceutical ingredients (APIs). The company also offers products in the therapeutic a"
GLENMARK,Glenmark Pharmaceuticals Limited,Healthcare,Healthcare,Drug Manufacturers - Specialty & Generic,69145.0,113.87,Pharma - Export Generics,"Glenmark Pharmaceuticals Limited, together with its subsidiaries, research, develops, manufactures, and sells generics, specialty medicines, and over the counter (OTC) pharmaceutical products in India, North America, Europe, and internationally. The company provides various products in the therapeutic areas of dermatology, respiratory, oncology, cardiology, diabetes, gynecology, gastroenterology,"
ALKEM,Alkem Laboratories Limited,Healthcare,Healthcare,Drug Manufacturers - Specialty & Generic,64135.0,59.24,Pharma - Domestic Formulations,"Alkem Laboratories Limited, a pharmaceutical company, engages in the research and development, manufacture, and sale of pharmaceutical and nutraceutical products in India, the United States, and internationally. The company offers biosimilars, active pharmaceutical ingredients, branded and trade generics, complex generics, and consumer wellness products in therapeutic areas comprising anti  infec"
ABBOTINDIA,Abbott India Limited,Healthcare,Healthcare,Drug Manufacturers - Specialty & Generic,57288.0,19.04,Pharma - Domestic Formulations,"Abbott India Limited, together with its subsidiaries, operates as a pharmaceutical company in India. The company offers pharmaceutical products for gastroenterology, women's health, metabolic, hypothyroidism, central nervous system, vaccines, and multispecialty, including insomnia, vertigo, vitamin D deficiency, pre-term labor, and pain management. It also provides anti-infectives, cardio-diabeto,"
IPCALAB,IPCA Laboratories Limited,Healthcare,Healthcare,Drug Manufacturers - Specialty & Generic,50949.0,48.02,Pharma - Domestic Formulations,"Ipca Laboratories Limited, an integrated pharmaceutical company, manufactures and markets formulations and active pharmaceutical ingredients (APIs) for various therapeutic segments in India. The company offers APIs in anti-hypertensive, anti-malarial, diuretic, DMARD, and anthelmintic therapeutic areas. It also provides generic and branded formulations in various therapeutic segments, including al"
GLAND,Gland Pharma Limited,Healthcare,Healthcare,Drug Manufacturers - Specialty & Generic,48516.0,128.93,CDMO & CRAMS,"Gland Pharma Limited engages in manufacturing and sale of injectable formulations in India, the United States, Europe, Canada, Australia, New Zealand, and internationally. It engages in research and development of active pharmaceutical ingredient products, including synthesis of complex drug molecules, such as low molecular weight heparins, corticosteroids, peptides, and cytotoxic molecules. The c"
AJANTPHARM,Ajanta Pharma Limited,Healthcare,Healthcare,Drug Manufacturers - Specialty & Generic,44262.0,24.51,Pharma - Domestic Formulations,"Ajanta Pharma Limited, together with its subsidiaries, a pharmaceutical formulation company engages in the development, manufacture, and marketing of specialty pharmaceutical finished dosages. The company offers chronic and acute therapies; branded generic products; and a range of dosage forms, including tablets, capsules, eye drops, dry powder suspension, injectables, inhalers, ointments, creams,"
EMCURE,Emcure Pharmaceuticals Limited,Healthcare,Healthcare,Drug Manufacturers - Specialty & Generic,38119.0,23.52,,"Emcure Pharmaceuticals Limited provide quality and affordable healthcare solutions worldwide. It offers products in various therapeutic areas, such gynecology, anti-infectives, pain/analgesics, Vitamins, Minerals & Nutrients, blood-related, oncology, respiratory, HIV antivirals, gastro, anti-diabetic, neuro, and cardiovascular. It provides its products under Orofer XT, Tenectase, Pause, Metpure XL"
WOCKPHARMA,Wockhardt Limited,Healthcare,Healthcare,Drug Manufacturers - Specialty & Generic,35542.0,190.95,,"Wockhardt Limited, together with its subsidiaries, operates as a pharmaceutical and biotech company, in India, the United States, Europe, and internationally. It manufactures and trades pharmaceuticals, medicinal chemical, and botanical products, as well as chemicals and chemical products. The company also develops its flagship antibiotic, ZAYNICH zidebactam/cefepime, a novel beta lactam enhancer"
NEULANDLAB,Neuland Laboratories Limited,Healthcare,Healthcare,Drug Manufacturers - Specialty & Generic,29008.0,93.28,CDMO & CRAMS,"Neuland Laboratories Limited engages in the manufacture and sale of active pharmaceutical ingredients (APIs) in India, Europe, the United States, and internationally. It also provides custom manufacturing solutions, generic drug substances, as well as peptide APIs and synthesis services. The company serves generic companies, regional and domestic pharmaceutical manufacturers, distributors, and oth"
PPLPHARMA,Piramal Pharma Limited,Healthcare,Healthcare,Drug Manufacturers - Specialty & Generic,28443.0,62.04,CDMO & CRAMS,"Piramal Pharma Limited operates as a pharmaceutical company in the United States, Europe, Japan, India, and internationally. The company offers a portfolio of pharmaceutical products and services through global development and manufacturing facilities. It also operates contract development and manufacturing organization that provides services across the drug life cycle, including discovery, develo"
GRANULES,Granules India Limited,Healthcare,Healthcare,Drug Manufacturers - Specialty & Generic,23874.0,91.54,Active Pharma Ingredients,"Granules India Limited manufactures and sells active pharmaceutical ingredients (APIs), pharmaceutical formulation intermediates (PFIs), finished dosages (FDs), and peptides CDMO in India and internationally. It offers paracetamol, metformin, guaifenesin, ibuprofen, and methocarbamol, as well as prescription and over-the-counter products. The company also develops and manufactures tablets, capsule"
CAPLIPOINT,Caplin Point Laboratories Limited,Healthcare,Healthcare,Drug Manufacturers - Specialty & Generic,20953.0,33.64,Pharma - Export Generics,"Caplin Point Laboratories Limited, together with its subsidiaries, engages in the development, production, marketing, and export of generic formulations and branded products in India. The company provides tablets, capsules, injections, ophthalmic, liquid orals, softgel capsules, ointments, creams and gels, powder for injections, suppositories, ovules, pre-mix bag formulations, inhalers, and sprays"
SHILPAMED,Shilpa Medicare Limited,Healthcare,Healthcare,Drug Manufacturers - Specialty & Generic,20943.0,106.85,Active Pharma Ingredients,"Shilpa Medicare Limited offers pharmaceutical ingredients (APIs), finished dosage formulations, biosimilars, and contract development and manufacturing organisation (CDMO) services in India, the United States, Europe, and internationally. The company offers various oncology and non-oncology APIs, such as anastrozole, acebrophylline, ambroxol hydrochloride, axitinib, azacitidine, abiraterone acetat"
ERIS,Eris Lifesciences Limited,Healthcare,Healthcare,Drug Manufacturers - Specialty & Generic,17951.0,6.56,Pharma - Domestic Formulations,"Eris Lifesciences Limited, together with its subsidiaries, provides domestic branded formulations for chronic and sub-chronic therapies in India and internationally. The company offers various branded formulations in various therapeutic areas, such as antidiabetes, cardiovascular, nutrition, dermatology, neuroscience, gynecology, nephrology, and oncology, as well as central nervous system, women'"
COHANCE,Cohance Lifesciences Limited,Healthcare,Healthcare,Drug Manufacturers - Specialty & Generic,17617.0,30.75,CDMO & CRAMS,"Cohance Lifesciences Limited engages in the contract research, development, and manufacturing of new chemical entity (NCE) based intermediates, active pharmaceutical ingredients (API), specialty chemicals, and formulated drugs in India, the United States, Europe, and internationally. The company offers small molecule APIs, advanced intermediates, and starting materials; antibody drug conjugates; h"
ALIVUS,Alivus Life Sciences Limited,Healthcare,Healthcare,Drug Manufacturers - Specialty & Generic,17193.0,12.88,Active Pharma Ingredients,"Alivus Life Sciences Limited develops and manufactures active pharmaceutical ingredients in India, the United States, Europe, Japan, Russia, Brazil, South Korea, Taiwan, Canada, China, and Australia. It offers various APIs, such as amiodarone, ezetimibe, lithium carbonate, oxcarbazepine, mirabegron, solifenacin, atovaquone, etoricoxib, dapagliflozin, and sitagliptin for therapeutic areas, includin"
APLLTD,Alembic Pharmaceuticals Limited,Healthcare,Healthcare,Drug Manufacturers - Specialty & Generic,16683.0,12.41,Pharma - Export Generics,"Alembic Pharmaceuticals Limited, an integrated pharmaceutical company, develops, manufactures, markets, and sells pharmaceutical products in India and internationally. The company provides products in various therapeutic areas, such as cardiology, orthopaedics, anti-diabetic, ophthalmology, gynaecology, nephrology, gastrology, urology, dermatology, anti-infective, cold and cough, and animal health"
JUBLPHARMA,Jubilant Pharmova Limited,Healthcare,Healthcare,Drug Manufacturers - Specialty & Generic,16619.0,19.86,CDMO & CRAMS,"Jubilant Pharmova Limited operates as an integrated pharmaceutical company in India, the Americas, Europe, and internationally. It operates through six segments: Radiopharma; Allergy Immunotherapy; Contract Development and Manufacturing Organisation - Sterile Injectables; Generics; Contract Research Development and Manufacturing Organisation; and Proprietary Novel Drugs. The Radiopharma segment of"
NATCOPHARM,Natco Pharma Limited,Healthcare,Healthcare,Drug Manufacturers - Specialty & Generic,14888.0,34.54,Pharma - Export Generics,"NATCO Pharma Limited, a pharmaceutical company, engages in the research and development, manufacturing, and marketing of finished dosage formulations, active pharmaceutical ingredients (APIs), and intermediates in India, the United States, and internationally. It operates through two segments: Pharmaceuticals and Agrochemicals. The company offers formulations in various therapeutic areas, includin"
AKUMS,Akums Drugs and Pharmaceuticals Limited,Healthcare,Healthcare,Drug Manufacturers - Specialty & Generic,12577.0,26.32,CDMO & CRAMS,"Akums Drugs and Pharmaceuticals Limited manufactures and sells pharmaceutical products and active pharmaceutical ingredients India and internationally. The company provides drugs, ayurvedic, nutraceuticals, food and dietary supplements, derma and cosmetics, healthcare and hospital products, over-the-counter (OTC) products, active pharmaceutical ingredients, excipients, and compounds. It also offer"
STAR,Strides Pharma Science Limited,Healthcare,Healthcare,Drug Manufacturers - Specialty & Generic,11384.0,34.41,Pharma - Export Generics,"Strides Pharma Science Limited, a pharmaceutical company, engages in the development, manufacturing, and marketing of pharmaceutical products in North America, Australia, Africa, Europe, India, the rest of Asia, and internationally. The company offers generic finished dosage formulations in a range of dosages, such as tablets, hard capsules, sachets, liquids, nasal sprays, topical formulations, an"
VIYASH,Viyash Scientific Limited,Healthcare,Healthcare,Drug Manufacturers - Specialty & Generic,11103.0,83.76,,"Viyash Scientific Limited operates as a veterinary pharmaceutical Company in India, the United States, Spain, and internationally. The company provides active pharmaceutical ingredients, finished dosage formulations, analytical services, and VET formulation services for cattle and poultry. The company was formerly known as Sequent Scientific Limited and changed its name to Viyash Scientific Limite"
AARTIPHARM,Aarti Pharmalabs Limited,Healthcare,Healthcare,Drug Manufacturers - Specialty & Generic,7676.0,34.55,,"Aarti Pharmalabs Limited, together with its subsidiaries, manufactures and sells active pharmaceutical ingredients, pharmaceutical intermediates, and xanthine derivatives in India and internationally. The company offers active pharmaceutical ingredients for various therapeutic areas, such as cardiovascular, anti-asthmatic, anti-cancer, anti-coagulant, anti-diabetic, arthritis, central nervous syst"
SPARC,Sun Pharma Advanced Research Company Limited,Healthcare,Healthcare,Drug Manufacturers - Specialty & Generic,6364.0,13.11,,"Sun Pharma Advanced Research Company Limited engages in the research and development of pharmaceutical products in India and internationally. It develops Sezaby, a benzyl alcohol and propylene glycol free formulation of phenobarbital sodium injection for the treatment of neonatal seizures; SPARC-121, a novel topical agent for the treatment of Alopecia Areata; and SPARC-122, an anti-MUC1 ADC for tr"
AARTIDRUGS,Aarti Drugs Limited,Healthcare,Healthcare,Drug Manufacturers - Specialty & Generic,3975.0,5.1,Active Pharma Ingredients,"Aarti Drugs Limited, through its subsidiaries, engages in the manufacture and marketing of active pharmaceutical ingredients (APIs), pharmaceutical intermediates, specialty chemicals, and formulations in India and internationally. The company offers aceclofenac, celecoxib, diclofenac sodium, diclodenac potassium, diclofenac diethylamine, diclofenac resinate, diclofenac epolamine, nimesulide, cipro"
INDGN,Indegene Limited,Healthcare,Healthcare,Health Information Services,14351.0,20.75,,"Indegene Limited operates as a digital-first life sciences commercialization company in India, the United States, Europe, North America, and internationally. It operates through Enterprise Medical Solutions, Enterprise Commercial Solutions, and Other segments. The company provides AI-embedded commercialization services for biopharmaceutical, emerging biotech, and medical devices companies. It also"
APOLLOHOSP,Apollo Hospitals Enterprise Limited,Healthcare,Healthcare,Medical Care Facilities,128141.0,232.96,Hospitals,"Apollo Hospitals Enterprise Limited, together with its subsidiaries, provides healthcare services in India. It operates through Healthcare Services, Retail Health & Diagnostics, Digital Health & Pharmacy Distribution, and Others segments. The company's healthcare facilities comprise primary, secondary, and tertiary care, as well as specialty facilities. It offers services in cardiac sciences, onco"
MAXHEALTH,Max Healthcare Institute Limited,Healthcare,Healthcare,Medical Care Facilities,103813.0,183.82,Hospitals,"Max Healthcare Institute Limited provides medical and healthcare services in India. It offers services in various specialties, including cardiac sciences, orthopedics, oncology, renal sciences, neurosciences, minimal access and general surgery, pulmonology, obstetrics, bone marrow transplant, bariatric/weight loss surgery, gynecology, minimal access/laparoscopic surgery, eye care/ophthalmology, ro"
FORTIS,Fortis Healthcare Limited,Healthcare,Healthcare,Medical Care Facilities,67456.0,77.73,Hospitals,"Fortis Healthcare Limited operates as a healthcare delivery service provider in India. The company services in the areas of cardiac science, nephrology, diabetology/endocrinology, foetal medicine, infectious diseases, mental health and behavioral science, oncology, orthopedics, physiotherapy and rehabilitation, rheumatology, urology, nuclear medicine, critical care, emergency and trauma, general s"
ASTERDM,Aster DM Quality Care Limited,Healthcare,Healthcare,Medical Care Facilities,65964.0,93.95,Hospitals,"Aster DM Quality Care Limited operates as an integrated healthcare provider in India. The company operates through four healthcare brands including Aster DM, CARE Hospitals, Evercare, and KIMSHEALTH. It offers comprehensive healthcare services including primary, secondary, tertiary and quaternary care across key areas including oncology, cardiac sciences, neurosciences, gastro sciences, orthopedic"
MEDANTA,Global Health Limited,Healthcare,Healthcare,Medical Care Facilities,40525.0,36.92,Hospitals,"Global Health Limited, together with its subsidiaries, provides healthcare services in India. The company offers treatments in the areas of digestive and hepatobiliary sciences, cardiac and cancer care, neurosciences, gastrosciences, orthopaedics, renal care, liver transplant, lung transplant, bone marrow transplant, chest surgery, gynaecology and gynaeoncology, paediatric care, obstetrics, emerge"
NH,Narayana Hrudayalaya Ltd.,Healthcare,Healthcare,Medical Care Facilities,38526.0,42.7,Hospitals,"Narayana Hrudayalaya Limited provides medical and healthcare services in India, the United Kingdom, and the Cayman Islands. It operates through the Medical and Healthcare Related Services; and Others segments. The company offers oncology, anesthesiology, audiology, blood bank, breast oncology, oncoplastic surgery, cardiac surgery, cardiology, clinical genetics, clinical immunology, clinical nutrit"
KIMS,Krishna Institute of Medical Sciences Limited,Healthcare,Healthcare,Medical Care Facilities,32173.0,43.84,Hospitals,"Krishna Institute of Medical Sciences Limited provides medical and health care services under the KIMS Hospitals brand in India. The company offers arthroscopy and shoulder, cardiology, cardiothoracic and cardiovascular, organ transplant, medical and surgical gastroenterology, hepatology, orthopaedic, neurology, neurosurgery, nephrology, urology, oncology, pediatric, neonatology, obstetrics and gy"
RAINBOW,Rainbow Childrens Medicare Limited,Healthcare,Healthcare,Medical Care Facilities,14605.0,12.33,Hospitals,"Rainbow Children's Medicare Limited operates a multi-specialty pediatric, obstetrics, and gynecology hospital chain in India. The company offers medical and healthcare services to children and women. It also provides pediatric services under brand Rainbow Children's Hospital which include newborn and pediatric intensive care; pediatric multi-specialty services; and pediatric quaternary care, such"
PARKHOSPS,Park Medi World Limited,Healthcare,Healthcare,Medical Care Facilities,12297.0,14.18,,"Park Medi World Limited operates a network of hospitals. The company provides cardiac sciences, neurosciences - brain and spine, plastic and cosmetic surgery, general and laparoscopic surgery, renal sciences and kidney transplant, bone, orthopaedics, joint replacement and sports medicine, gastroenterology and surgical gastroenterology, cancer care, bone marrow transplant, iMARS / robot-assisted su"
YATHARTH,Yatharth Hospital & Trauma Care Services Limited,Healthcare,Healthcare,Medical Care Facilities,10843.0,49.63,Hospitals,"Yatharth Hospital & Trauma Care Services Limited, together with its subsidiaries, owns and operates super-specialty hospitals in India. The company offers services in the areas of medicine, cardiology, neurosciences, general surgery, nephrology and urology, pediatrics, gastroenterology, pulmonology, gynecology, orthopedics, spine and rheumatology, plastic and cosmetic surgery, ear, nose, throat, e"
HCG,Healthcare Global Enterprises Limited,Healthcare,Healthcare,Medical Care Facilities,10471.0,7.02,,"HealthCare Global Enterprises Limited provides medical and healthcare services in India and internationally. The company offers cancer diagnostics services, including genomics and molecular diagnostics, digital PET, preventive oncology, physical examination, laboratory tests, home health services, digital pathology, and CTC detection; treatment services, such as medical oncology and haemato-oncolo"
JLHL,Jupiter Life Line Hospitals Limited,Healthcare,Healthcare,Medical Care Facilities,9033.0,2.99,Hospitals,"Jupiter Life Line Hospitals Limited, a multi-specialty hospital, provides health care services under the Jupiter brand in India. The company offers treatments in the areas of bariatric surgery, breast care center, cardiac surgery, cardiology, chest medicine, dental care, dermatology, endocrinology and diabetes, ENT, gastroenterology, general surgery and minimal access surgery, hematology and BMT,"
POLYMED,Poly Medicure Limited,Healthcare,Healthcare,Medical Instruments & Supplies,17294.0,19.3,Medical Devices & Consumables,"Poly Medicure Limited engages in the manufacture and sale of medical devices in India and internationally. The company offers infusion therapy products, including I.V Infusion set, extension lines, needle free connector, I.V flow regulator extension set, burette set, three way stop cock, vial access spike, transfer spike, orburator, polyflush, maifolds, polyswab, and arterial blood collection; cri"
AGARWALEYE,Dr. Agarwal's Health Care Limited,Healthcare,Healthcare,Medical Instruments & Supplies,15542.0,12.73,,"Dr. Agarwal's Health Care Limited engages in running, owning, and managing eye care hospitals, opticals, pharmacies, etc. and related services in India and internationally. It offers femto cataracts, lenticular procedure, retinal surgeries, anterior segment reconstruction, and corneal transplants, as well as refractive and other surgeries. The company also develops, designs, manufactures, imports,"
ACUTAAS,Acutaas Chemicals Limited,Healthcare,Basic Materials,Specialty Chemicals,28047.0,83.8,Amines & Intermediates,"Acutaas Chemicals Limited engages in the research and development, manufacture, and sale of pharmaceutical intermediates in India and internationally. The company offers pharma intermediates for use in regulated and generic active pharmaceutical ingredients, as well as new chemical entities. It also provides specialty chemicals, including photoresist chemicals for semiconductor applications; elect"
ADVENZYMES,Advanced Enzyme Technologies Limited,Healthcare,Basic Materials,Specialty Chemicals,3251.0,5.45,,"Advanced Enzyme Technologies Limited, together with its subsidiaries, engages in the research, development, manufacture, and marketing of enzymes and probiotics in India, Europe, the United States, Asia, and internationally. The company offers serratiopeptidase, fungal lactase, peptizyme SP, nattokinase, fungal lipase, alpha galactosidase, saccharomyces boulardii, hemicellulose, papain, bromelain,"
AFFLE,Affle 3i Limited,Information Technology,Communication Services,Advertising Agencies,22521.0,23.08,,"Affle 3i Limited, together with its subsidiaries, provides mobile advertisement services through information technology and software development services for mobiles in India. It offers various solutions, such as appnext; Jampp; mDSP; MEDIASMART; newton; RevX; ultra; YouAppi; and AdColony. The company was formerly known as Affle (India) Limited and changed its name to Affle 3i Limited in April 202"
NETWEB,Netweb Technologies India Limited,Information Technology,Technology,Computer Hardware,28047.0,787.42,,"Netweb Technologies India Limited designs, manufactures, and sells high-end computing solutions in India. The company offers supercomputing systems; private cloud and hyperconverged infrastructure, including private cloud, hybrid cloud, cloud tools, and cloud native storage; artificial intelligence (AI) systems and enterprise workstations; high performance storage solutions; data centre servers; a"
CYIENT,Cyient Limited,Information Technology,Industrials,Conglomerates,11043.0,61.59,,"Cyient Limited provides geospatial, engineering design, manufacturing, networks and operations, data transformation, and analytic services in North America, Europe, Middle East, and the Asia Pacific. The company operates through three segments: Digital, Engineering & Technology; Design Led Manufacturing; and Others. The company offers digital thread; electrification and energy storage; autonomous"
LATENTVIEW,Latent View Analytics Limited,Information Technology,Industrials,Consulting Services,5228.0,10.04,,"Latent View Analytics Limited provides business analytics, consulting services, data engineering, generative AI, and digital solutions in India, the United States, the Netherlands, the United Kingdom, Singapore, Germany, the United Arab Emirates, Latam, Mexico, and internationally. It offers customer, HR, marketing, financial, supply chain, and risk and fraud analytics services, as well as revenue"
IKS,Inventurus Knowledge Solutions Limited,Information Technology,Healthcare,Health Information Services,29908.0,22.7,,"Inventurus Knowledge Solutions Limited operates as a technology-enabled healthcare solutions provider. The company offers a care enablement platform and associated services predominantly to healthcare enterprises in the United States, Canada, and Australia. The company offers a platform that serves healthcare organizations, including health systems/ integrated delivery networks, academic medical c"
SAGILITY,SAGILITY LIMITED,Information Technology,Healthcare,Health Information Services,21511.0,66.49,,"Sagility Limited engages in the rendering voice and non-voice business process management and back-office transaction processing services in India, Jamaica, the Philippines, the United States, and Colombia. The company offers claims and membership managed services, such as digital mailroom, product and plan configuration, enrollment and billing, adjudication and adjustment, and appeals management"
TCS,Tata Consultancy Services Limited,Information Technology,Technology,Information Technology Services,770182.0,592.78,,"Tata Consultancy Services Limited provides information technology (IT) and IT enabled services. It offers TCS ADD, a suite of AI powered life sciences platforms; TCS BaNCS, a financial services platform; TCS BFSI Platforms, a cloud-native, subscription-based as-a-service digital ecosystem for insurers and financial firms; TCS Chroma, a cloud-based AI-led hire-to-retire modular platform; TCS Custom"
INFY,Infosys Limited,Information Technology,Technology,Information Technology Services,420628.0,881.5,,"Infosys Limited provides consulting, technology, outsourcing, and digital services worldwide. The company offers insight services, such as applied and generative AI, sustainability services, and Infosys Topaz, an AI-first set of services, solutions, and platforms; blockchain, Internet of Things, and engineering services; cybersecurity and quality engineering services; and enterprise agile DevOps,"
HCLTECH,HCL Technologies Limited,Information Technology,Technology,Information Technology Services,346609.0,280.02,,"HCL Technologies Limited provides IT and business services, engineering, research and development services, software products, and IP-led offerings. It operates through IT and Business Services, Engineering and R&D Services, and HCL Software segments. The company provides application development, management, modernization, and testing services, as well as commercial applications; automation servic"
WIPRO,Wipro Limited,Information Technology,Technology,Information Technology Services,162795.0,162.68,,"Wipro Limited operates as an information technology (IT), consulting, and business process services company worldwide. It operates through IT Services and IT Products segments. The IT Services segment offers AI-powered IT and IT-enabled services, including digital strategy advisory, customer-centric design, technology and IT consulting, custom application design, development, re-engineering and ma"
TECHM,Tech Mahindra Limited,Information Technology,Technology,Information Technology Services,138071.0,286.3,,"Tech Mahindra Limited provides information technology services and solutions in India, the Americas, Europe, and internationally. The company offers TechM AppGinieZ, a software development lifecycle acceleration platform; Swifter.io, a software engineering platform; ADMSNXT Reforge, an application modernization platform; Autonomous Operations Center, an AI-powered operations platform; and New Age"
LTM,LTM Limited,Information Technology,Technology,Information Technology Services,126885.0,119.38,,"LTM Limited engages in technology consulting and digital solutions company, provides information technology services and solutions in India, North America, Europe, and internationally. It operates through Banking, Financial Services & Insurance; Technology, Media & Communications; Manufacturing & Resources; Consumer Business; and Health, Life Sciences & Public Services. The company offers BlueVers"
PERSISTENT,Persistent Systems Limited,Information Technology,Technology,Information Technology Services,85130.0,224.26,,"Persistent Systems Limited provides software products, services, and technology solutions in India, North America, and internationally. It operates through Banking, Financial Services and Insurance (BFSI); Healthcare & Life Sciences; and Technology Companies and Emerging Verticals segments. The company provides Persistent GenAI Hub, a generative artificial intelligence (AI) solution; consulting se"
COFORGE,Coforge Limited,Information Technology,Technology,Information Technology Services,80356.0,362.43,,"Coforge Limited provides information technology (IT) and IT-enabled services in India, the Americas, Europe, the Middle East and Africa, Latin America, and the Asia Pacific. The company offers Artificial intelligence services and platforms; and AI (artificial intelligence) and ML (machine learning) services, including predictive analytics, model risk management, and recommendation engine; intellig"
MPHASIS,MphasiS Limited,Information Technology,Technology,Information Technology Services,43815.0,83.76,,"Mphasis Limited, together with its subsidiaries, operates as an information technology solutions provider that specializes in cloud and cognitive services in the United States, India, Europe, the Middle East, Africa, and internationally. The company operates through Banking and Financial Services; Logistics and Transportation; Technology Media and Telecom; Insurance; and Others segments. The compa"
LTTS,L&T Technology Services Limited,Information Technology,Technology,Information Technology Services,35083.0,16.63,,"L&T Technology Services Limited operates as an engineering research and development services company in India, North America, Europe, and other international markets. The company operates through three segments: Mobility, Sustainability, and Tech. It provides digital engineering and consulting services such as artificial intelligence, cybersecurity, industry 4.0 consulting, product consulting, sus"
HEXT,Hexaware Technologies Limited,Information Technology,Technology,Information Technology Services,31420.0,9.42,,"Hexaware Technologies Limited provides information technology consulting, software development, and business process services worldwide. The company operates through Travel and Transportation, Financial Services, Banking, Healthcare and Insurance, Hi-Tech Professional Services, and Manufacturing and Consumer segments. It offers AI-native contact center, application services, cybersecurity, digital"
TATATECH,Tata Technologies Limited,Information Technology,Technology,Information Technology Services,29435.0,75.21,,"Tata Technologies Limited provides product engineering and digital services in India, the United Kingdom, North America, rest of Europe, and internationally. The company offers software-defined vehicles, end to end electric vehicle engineering, and turnkey full vehicle development, end to end engineering and electrification, product benchmarking, and embedded engineering solutions; HIL testing and"
ZENSARTECH,Zensar Technologies Limited,Information Technology,Technology,Information Technology Services,9898.0,38.97,,"Zensar Technologies Limited, a digital solutions and technology services company, provides technology consulting and system integration services in India, the Americas, Europe, Africa, and internationally. It operates through Digital and Application Services, and Cloud Infrastructure Services segments. The company offers- AI/ML, data annotation, data engineering, visualization and analytics, Al fo"
BSOFT,BIRLASOFT LIMITED,Information Technology,Technology,Information Technology Services,7946.0,30.86,,"Birlasoft Limited provides software development and global IT consulting services in India, the Americas, Europe, the United Kingdom, and internationally. The company operates through Manufacturing; Banking, Financial Services and Insurance; Energy and Utilities; and Life Sciences segments. It offers digital solutions, including data analytics, connected products, intelligent automation, cloud, cu"
SONATSOFTW,Sonata Software Limited,Information Technology,Technology,Information Technology Services,7717.0,25.84,,"Sonata Software Limited, together with its subsidiaries, provides information technology services and solutions in the United States, the United Kingdom, Ireland, rest of Europe, Australia, New Zealand, the Middle East, and the Asia Pacific. The company offers application management, cybersecurity, digital contact centre, and global capability center solutions; and product engineering, quality ass"
MASTEK,Mastek Limited,Information Technology,Technology,Information Technology Services,4928.0,16.16,,"Mastek Limited, together with its subsidiaries, engages in the provision of enterprise technology solutions in India, the United Kingdom, Europe, North America, Middle East region, South-east Asia, India, Singapore, Australia, and internationally. The company offers digital engineering and experience services, such as cloud migration, cloud engineering, low code, devsecops, quality engineering, MA"
HAPPSTMNDS,Happiest Minds Technologies Limited,Information Technology,Technology,Information Technology Services,4775.0,47.89,,"Happiest Minds Technologies Limited, together with its subsidiaries, provides information technology (IT) solutions and services in India, the Americas, Australia, Europe, Asia, the Middle East, and Africa. It operates in three segments: Infrastructure Management and Security Services (IMSS); Product and Digital Engineering Services (PDES); and Generative AI Business Services (GBS). The IMSS segme"
DATAMATICS,Datamatics Global Services Limited,Information Technology,Technology,Information Technology Services,4574.0,3.67,,"Datamatics Global Services Limited, a digital technologies, operations, and experiences company, provides intelligent solutions for data-driven businesses in the United States, the United Kingdom, Europe, and internationally. It operates through three segments: Digital Operations, Digital Technologies, and Digital Experiences. The company offers TruBot, a robotic process automation solution; TruCa"
TATAELXSI,Tata Elxsi Limited,Information Technology,Technology,Software - Application,20478.0,62.2,,"Tata Elxsi Limited provides product design and engineering, systems integration, and support services in India, the United States, Europe, and Internationally. The company operates through two segments, Systems Integration and Support, and Software Development and Services. It offers iCX, a SaaS-based solution for automating, monitoring, and managing CPEs; and AIVA, an AI-based video analytics pla"
BBOX,Black Box Limited,Information Technology,Technology,Software - Application,14765.0,19.37,,"Black Box Limited provides information and communications technology solutions in India, the United States, and internationally. It operates through System Integration, Technology Product Solution, and Others segments. The company offers enterprise networking, data centers, digital workplace, connected buildings, and cyber security products; keyboard, video and mouse (KVM), cables, Internet of Thi"
KPITTECH,KPIT Technologies Limited,Information Technology,Technology,Software - Application,14613.0,63.36,,"KPIT Technologies Limited provides embedded software, artificial intelligence, and digital solutions for the automobile and mobility sector in the Americas, the United Kingdom, rest of Europe, and internationally. The company offers autonomous driving and advanced driver assistance system solutions, including system engineering and functional safety; platform and software integration; integrated d"
RATEGAIN,Rategain Travel Technologies Limited,Information Technology,Technology,Software - Application,9975.0,32.67,,"RateGain Travel Technologies Limited, a software as a service (SaaS) company, provides solutions for hospitality and travel industries in India, North America, the Asia-Pacific, Europe, and internationally. The company operates through three segment Data-as-a-Service (DaaS), Distribution, and MarTech. It offers data as a service, such as competitive rate intelligence for hotels, airlines, OTAs, ca"
INTELLECT,Intellect Design Arena Limited,Information Technology,Technology,Software - Application,9196.0,17.71,,"Intellect Design Arena Limited engages in the development, marketing, and sale of integrated banking software systems in India and internationally. It is also involved in supporting the implementation of the systems; and provides help desk support services to users of intellect software systems. In addition, the company provides software development services in the areas of wholesale banking compr"
TANLA,Tanla Platforms Limited,Information Technology,Technology,Software - Application,6515.0,21.72,,"Tanla Platforms Limited, together with its subsidiaries, provides cloud communication platforms as a service solution to enterprises in India and internationally. The company operates Wisely Platform, an API-led intelligent platform-of-platforms, which serves as a unified hub for digital interactions to craft solutions and provide experiences in the realm of communication, privacy, and security. I"
CAPILLARY,Capillary Technologies India Limited,Information Technology,Technology,Software - Application,4054.0,6.64,,"Capillary Technologies India Limited provides AI-powered and cloud-based intelligent customer loyalty and engagement software-as-a-service software solutions for retail chain operators in the United States, the United Kingdom, and internationally. The company offers Loyalty+, an engagement-based experiential loyalty platform that provides online, in-store, and social media-based loyalty to engage"
AURIONPRO,Aurionpro Solutions Limited,Information Technology,Technology,Software - Application,3696.0,11.75,,"Aurionpro Solutions Limited provides technology solutions in India, Asia-Pacific, and internationally. It operates through Sale of Software Services, and Sale of Equipment and Product License segments. The company offers Arya.ai, an enterprise solutions specializing in banking and financial services; and AryaXAI to deliver accurate, true-to-model explainability, monitoring, risk management, and al"
OFSS,Oracle Financial Services Software Limited,Information Technology,Technology,Software - Infrastructure,95016.0,241.92,,"Oracle Financial Services Software Limited, together with its subsidiaries, provides information technology (IT) solutions to the financial services industry worldwide. It operates in two segments, Product Licenses and Related Activities; and IT Solutions and Consulting Services. The company offers Oracle FLEXCUBE; Oracle FLEXCUBE Investor Servicing; Oracle Banking Digital Experience; Oracle Finan"
NEWGEN,Newgen Software Technologies Limited,Information Technology,Technology,Software - Infrastructure,6984.0,29.69,,"Newgen Software Technologies Limited, a software company, engages in the business of software product development in India, Europe, the Middle East, Africa, the Asia Pacific, Australia, and the United States. It designs and delivers software solutions, including workflow automation, document management, and imaging. The company also offers the NewgenONE platform that include agentic AI, AI and dat"
MAPMYINDIA,C.E. Info Systems Limited,Information Technology,Technology,Software - Infrastructure,4931.0,12.35,,"C. E. Info Systems Limited provides digital mapping, geospatial software, navigation, and location-based IoT technologies solutions in India and internationally. The company offers digital maps as a service, platform as a service, and software as a service. It also provides mGIS, geospatial and analytics, and ML/AI engine for processing geospatial data; IoT and telematics solutions, InTouch platfo"
ZAGGLE,Zaggle Prepaid Ocean Services Limited,Information Technology,Technology,Software - Infrastructure,2425.0,21.36,,"Zaggle Prepaid Ocean Services Limited builds financial products and solutions to manage the business expenses of corporates, small and medium-sized enterprises, and startups through automated workflows. It operates Propel, a corporate software-as-a-service (SaaS) platform for channel rewards and incentives, employee rewards, and recognition; and Save, a SaaS-based platform and a mobile application"
SUNTV,Sun TV Network Limited,Media Entertainment & Publication,Communication Services,Broadcasting,18031.0,13.29,,"Sun TV Network Limited, together with its subsidiaries, engages in producing and broadcasting satellite television and radio software programming in the regional languages. The company's flagship channel is Sun TV. It also operates various other satellite channels, such as Surya TV, Gemini TV, Udaya TV, SUN Bangla, Sun Neo, and Sun Marathi; 24 frequency modulation radio stations; SunRisers Hyderab"
ZEEL,Zee Entertainment Enterprises Limited,Media Entertainment & Publication,Communication Services,Broadcasting,7461.0,170.36,,"Zee Entertainment Enterprises Limited, together with its subsidiaries, engages in broadcasting satellite television channels and digital media in India and internationally. The company broadcasts Hindi general entertainment channels, such as Zee TV, Zee TV HD, &tv, &tv HD, and BIG Magic; Hindi movie channels comprising Zee Anmol Cinema, Zee Cinema, Zee Action, Zee Classic, &pictures, and Zee Bolly"
NAZARA,Nazara Technologies Limited,Media Entertainment & Publication,Communication Services,Electronic Gaming & Multimedia,14128.0,41.33,,"Nazara Technologies Limited operates a gaming and sports media platform in India, Africa, the Middle East, the Asia Pacific, the United States, and internationally. It operates through gaming and other segments. The company offers subscription, download of games, and support services. It also provides interactive and online gaming, including gamified early learning ecosystems; e-sports; kids' play"
PFOCUS,Prime Focus Limited,Media Entertainment & Publication,Communication Services,Entertainment,27463.0,23.56,,"Prime Focus Limited, together with its subsidiaries, provides integrated media services primarily in India, the United Kingdom, the United States, Canada, Australia, and internationally. The company engages in the motion picture, video, and television programme production activities; and business support activities. It also offers creative services, including visual effects, advertising, stereo 2D"
PVRINOX,PVR INOX Limited,Media Entertainment & Publication,Communication Services,Entertainment,13250.0,64.07,,"PVR INOX Limited, a theatrical exhibition company, engages in the exhibition, distribution, and production of movies in India and Sri Lanka. The company is involved in sale of movie tickets; in cinema advertisements/product displays; sale of food and beverages; and restaurant business. It also manages cinema screens; and designing, developing, operating and maintaining food courts and other food o"
SAREGAMA,Saregama India Limited,Media Entertainment & Publication,Communication Services,Entertainment,9371.0,19.69,,"Saregama India Limited operates as an entertainment company in India and internationally. It operates in four segments: Music, Artist Management, Video, and Events. The Music segment engages in the manufacture and sale of music storage device through Carvaan, Music Card, Vinyl records, etc., as well as dealing with related music rights. Its Artist Management segment manages influencers and artiste"
TIPSMUSIC,Tips Music Limited,Media Entertainment & Publication,Communication Services,Entertainment,8420.0,13.35,,Tips Music Limited engages in the acquisition and exploitation of music rights in India and internationally. The company involved in the production and acquisition of audiovisual music content and monetisation of the content library digitally. It also provides live events and concerts services. The company was formerly known as Tips Industries Limited and changed its name to Tips Music Limited in
NETWORK18,Network18 Media & Investments Limited,Media Entertainment & Publication,Communication Services,Entertainment,4138.0,11.6,,"Network18 Media & Investments Limited engages in broadcasting, digital content, print, and allied businesses in India. The company operates business news channels, such as CNBC-TV18, CNBC Awaaz, and CNBC Bajar; general news channels, including CNN News18 and News18 India; and regional news channels comprising News18 network. It also operates factual entertainment and lifestyle channels, such as Hi"
HINDALCO,Hindalco Industries Limited,Metals & Mining,Basic Materials,Aluminum,217810.0,320.36,,"Hindalco Industries Limited, together with its subsidiaries, manufactures and distributes aluminum and copper products in India and internationally. It operates through four segments: Novelis, Aluminium Upstream, Aluminium Downstream, and Copper. The company offers primary aluminum, such as ingots, wirerods, primary foundry alloys, and billets; flat rolled products, including building and pattern"
NATIONALUM,National Aluminium Company Limited,Metals & Mining,Basic Materials,Aluminum,64741.0,147.01,,"National Aluminium Company Limited engages in the manufacture and sale of alumina and aluminum products in India and internationally. The company operates through Chemical and Aluminum segments. It offers aluminum metal products, such as ingots, alloy ingots, T-ingots, sows, billets, and wire rods; alumina and hydrate products, including calcined alumina and alumina hydrate; zeolite-A products; sp"
HINDCOPPER,Hindustan Copper Limited,Metals & Mining,Basic Materials,Copper,48733.0,457.06,,"Hindustan Copper Limited engages in the exploration, exploitation, mining, and processing of copper ore metal-in-concentrates in India. The company offers continuous cast copper rods, copper cathodes, copper concentrates, copper sulphates, sulphuric acid, reverts, anode slimes, and nickel cathodes. It is also involved in the beneficiation, smelting, and refining of copper ores, as well as conversi"
GRAVITA,Gravita India Limited,Metals & Mining,Industrials,Metal Fabrication,11508.0,21.54,,"Gravita India Limited manufactures and recycles lead metal, lead products, aluminium alloys, and plastic granules in India, the United Arab Emirates, South Korea, and internationally. It operates through Lead Processing, Aluminium Processing, Turn-Key Solutions, and Plastic Manufacturing segments. The company engages in smelting of lead battery scrap/lead concentrate to produce secondary lead meta"
HINDZINC,Hindustan Zinc Limited,Metals & Mining,Basic Materials,Other Industrial Metals & Mining,250054.0,317.01,,"Hindustan Zinc Limited explores for, extracts, and processes minerals in India, rest of Asia, and internationally. The company operates through two segments, Zinc, Lead, Silver & Others; and Wind Energy. The company produces refined zinc and lead, precious metals, and silver; sulphuric acid; rock-phosphate; and metals and related alloys. It also operates captive thermal with a capacity of 550.00 m"
VEDL,Vedanta Limited,Metals & Mining,Basic Materials,Other Industrial Metals & Mining,101720.0,212.19,,"Vedanta Limited, a diversified natural resources company, explores, extracts, and processes minerals, and oil and gas in India, Europe, China, the United States, Mexico, and internationally. The company explores, produces, and sells oil and gas, zinc, lead, silver, copper, aluminum, iron ores, and metallurgical coke. It also operates a thermal coal-based commercial power facility of 600 megawatts"
JAINREC,Jain Resource Recycling Limited,Metals & Mining,Basic Materials,Other Industrial Metals & Mining,9412.0,23.17,,"Jain Resource Recycling Limited engages in the recycling scraps of non-ferrous metals, and non-metallic materials in India and internationally. The company offers lead and lead alloy ingots, copper and copper alloys and ingots, and aluminum and aluminum alloys. It also engages in the non-ferrous metals and other commodities; processing of precious metals, such as gold and silver; and manufactures"
IMFA,Indian Metals & Ferro Alloys Limited,Metals & Mining,Basic Materials,Other Industrial Metals & Mining,6680.0,12.79,,"Indian Metals and Ferro Alloys Limited engages in the production and sale of ferro chrome in India and internationally. It operates through Ferro Alloys, Power, and Mining segments. The company operates a captive power generation plant with a total capacity of 204.55MW; and two chrome ore mines, as well as a manufacturing plant for low-density aggregates and fly ash bricks for use in road construc"
ASHAPURMIN,Ashapura Minechem Limited,Metals & Mining,Basic Materials,Other Industrial Metals & Mining,5084.0,17.79,,"Ashapura Minechem Limited is involved in the mining, manufacturing, and trading of various minerals and its derivative products in India and internationally. The company offers processed bentonite products for foundry, iron ore pelletising, civil engineering, pet litter, environmental containment, and animal feed applications; bentonite-based drilling fluids and specialty additives to the oil and"
MOIL,MOIL Limited,Metals & Mining,Basic Materials,Other Industrial Metals & Mining,4911.0,17.11,,"MOIL Limited engages in the exploration, exploitation, and marketing of various grades of manganese ores in India and Internationally. It operates through three segments: Mining, Manufacturing, and Power Generation. The company manufactures and sells various grades of manganese ores, such as high-grade ores for the production of ferro manganese; medium grade ores for the production of silico manga"
JSWSTEEL,JSW Steel Limited,Metals & Mining,Basic Materials,Steel,309662.0,180.97,,"JSW Steel Limited manufactures and sells iron and steel products in India and internationally. The company offers hot and cold rolled steel products, colour coated sheets, galvanized and galvalume steel, electrical steel, steel doors, zinc-magnesium-aluminium products, aluminium-zinc roofing products, tin plate, TMT bars, wire rods, special alloy steel, grinding media, prepainted colour coated ste"
TATASTEEL,Tata Steel Limited,Metals & Mining,Basic Materials,Steel,228779.0,563.61,,"Tata Steel Limited engages in the manufacture and distribution of steel products in India and internationally. It offers reinforcement bars (rebars) and wire rods, cut-and-bend reinforcement bars, welded wire mesh, prefabricated cages (pre-cages), steel couplers and carpet reinforcement; hot-rolled, cold rolled, coated coil, tubes, rebar, wire rods; and metallic coated, pre-finished steels, alloy"
JINDALSTEL,JINDAL STEEL LIMITED,Metals & Mining,Basic Materials,Steel,115037.0,81.52,,"Jindal Steel Limited manufactures steel in India and internationally. It offers TMT rebars under the Jindal Panther brand; structural sections, rails, wire rods, round bars, and cut and bend rebars; and flat products, such as hot rolled coils, cast rounds, cold rolled and coated products, plates and coils, rockhard plates, and hollow sections. The company also provides semi-finished and specialize"
LLOYDSME,Lloyds Metals And Energy Limited,Metals & Mining,Basic Materials,Steel,102650.0,56.27,,"Lloyds Metals and Energy Limited manufactures and sells sponge iron and iron ore in India and the Isle of Man. The company operates through four segments: Mining, Steel and related value added products, Mine Developer and Operator (MDO), and Others. It offers wire rods, round and TMT bars, as well as flat steel products. The company is also involved in the generation of power; and trading of pelle"
SAIL,Steel Authority of India Limited,Metals & Mining,Basic Materials,Steel,73234.0,366.97,,"Steel Authority of India Limited, a steel-making company, manufactures and sells iron and steel products in India and internationally. The company offers a range of railway products, which include rail, high YS/UTS rail, corrosion-resistant micro-alloyed rail, vanadium alloyed rail, end forged thick web asymmetric rail, high conductivity rail, crane rails, and crossing sleeper bars. It also provid"
NMDC,NMDC Limited,Metals & Mining,Basic Materials,Steel,70159.0,116.71,,"NMDC Limited, together with its subsidiaries, explores for and produces iron ore in India and internationally. It operates through Iron Ore, and All Other Segments (Pellets, Other Minerals & Services). The company also explores for lithium, copper, rock phosphate, limestone, beach sand, coking and non-coking coal, magnesite, diamond, tungsten, nickel, gold, base metals, and rare earth metals. In a"
JSL,Jindal Stainless Limited,Metals & Mining,Basic Materials,Steel,61916.0,63.72,,"Jindal Stainless Limited manufactures and sells stainless-steel flat products in India and internationally. The company offers ferro alloys, stainless steel slabs and blooms, hot rolled coils, plates and sheets, and cold rolled coils and sheets; specialty products, including razor-blade steel, coin blanks, and precision strips; and long products, such as decorative stainless-steel pipes, rebars, a"
SARDAEN,Sarda Energy & Minerals Limited,Metals & Mining,Basic Materials,Steel,17734.0,16.56,,"Sarda Energy & Minerals Limited produces and sells steel products in India and internationally. The company product portfolio includes pellets, sponge iron, steel billets and wire rods, ferro alloys, eco-bricks, and HB wires. It is also involved in coal and iron ore mining, as well as operation of hydro, thermal, and solar power plants. Sarda Energy & Minerals Limited was incorporated in 1973 and"
NSLNISP,NMDC Steel Limited,Metals & Mining,Basic Materials,Steel,12437.0,19.75,,"NMDC Steel Limited manufactures and sells steel products in India. It offers hot rolled coils, sheets, and plates of welded steel pipe for pipeline transportation systems; structural and silicon steel; pig iron; and LPG grades of LPG cylinders manufacturing. The company also provides tube and pipe grade, boiler and pressure vessel grade, commercial forming grades, cold rolling grade, and HSLA Grad"
LLOYDSENT,Lloyds Enterprises Limited,Metals & Mining,Basic Materials,Steel,10761.0,13.74,,"Lloyds Enterprises Limited, together with its subsidiaries, engages in the trading of iron and steel products in India. It operates through Real Estate, Steel, Engineering, and Electrical segments. The company engages in residential, commercial, and plot-driven real estate; diversified engineering; and iron and gold mining activities. It also manages a portfolio of financial investments. In additi"
SANDUMA,Sandur Manganese & Iron Ores Limited,Metals & Mining,Basic Materials,Steel,8903.0,8.32,,"The Sandur Manganese & Iron Ores Limited, together with its subsidiary, engages in the mining of manganese and iron ores in Deogiri village of Ballari District, Karnataka. It operates through three segments: Mining, Ferroalloys, and Coke and Energy. The company also manufactures and sells steel, ferroalloys and coke. In addition, it generates power through a 32-megawatt of cleaner by-product energ"
JAIBALAJI,Jai Balaji Industries Limited,Metals & Mining,Basic Materials,Steel,5798.0,5.05,,"Jai Balaji Industries Limited manufactures and markets iron and steel products in India. The company provides TMT bars, cement, sponge iron, pig iron, ductile iron pipe, ferro chrome, billet, coke, sinter, ductile iron pipes, and alloy carbon and mild steel billets and rounds. It also offers steel bars/rods, ferro alloys, MS ingots, and coke/coke fines/nut coke, as well as generates power. The com"
ADANIENT,Adani Enterprises Limited,Metals & Mining,Energy,Thermal Coal,423335.0,483.33,,"Adani Enterprises Limited, together with its subsidiaries, operates in the new energy ecosystem, data center, airports, roads, copper and PVC, and other sectors in India and internationally. It operates through the Integrated Resources Management (IRM), Mining Services, Commercial Mining, New Energy Ecosystem, Airport, Road, copper, and Others segments. The company engages in the integrated ecosys"
GMDCLTD,Gujarat Mineral Development Corporation Limited,Metals & Mining,Energy,Thermal Coal,17741.0,38.02,,"Gujarat Mineral Development Corporation Limited engages in mining and mineral processing business in India. The company operates through two segments, Mining and Power. It explores for lignite, bauxite, fluorspar, manganese, silica sand, limestone, bentonite, and ball clay. The company's products used in the textiles, chemicals, ceramics, bricks and captive power. Its products are also used in the"
AEGISVOPAK,Aegis Vopak Terminals Limited,Oil Gas & Consumable Fuels,Energy,Oil & Gas Equipment & Services,35267.0,22.45,,"Aegis Vopak Terminals Limited engages in the business of storage and terminalling facilities for LPG and chemical products in India. The company operates through Gas Terminal Division and Liquid Terminal Division segments. It engages in the storage and handling of liquified petroleum gas, oil, chemicals, petrochemical, gas, petroleum, bitumen, and vegetable oil products. The company was formerly k"
ONGC,Oil & Natural Gas Corporation Limited,Oil Gas & Consumable Fuels,Energy,Oil & Gas Integrated,296429.0,258.3,,"Oil and Natural Gas Corporation Limited, together with its subsidiaries, engages in the exploration, development, and production of crude oil, natural gas, and value-added products in India and internationally. It operates through Exploration and Production, Refining & Marketing, and Petrochemicals segments. The company offers LPG, naptha, ethane, propane and butane, superior kerosene oil, LSHS, h"
OIL,Oil India Limited,Oil Gas & Consumable Fuels,Energy,Oil & Gas Integrated,77809.0,89.88,,"Oil India Limited engages in the exploration, development, and production of crude oil and natural gas in India. It operates through Crude Oil, Natural Gas, LPG, Pipeline Transportation, Renewable Energy, and Others segments. The company owns and operates crude oil trunk pipeline comprising an area of 1,157 kilometers; and drilling rigs and workover rigs. It is also involved in the transportation"
RELIANCE,Reliance Industries Limited,Oil Gas & Consumable Fuels,Energy,Oil & Gas Refining & Marketing,1688041.0,1267.58,,"Reliance Industries Limited engages in hydrocarbon exploration and production, petroleum refining and marketing, petrochemicals, advanced materials and composites, renewable, financial services, retail, and digital services worldwide. It operates through the Oil to Chemicals, Oil and Gas, Retail, Digital Services, and Others segments. The company is involved in refining and marketing products, inc"
IOC,Indian Oil Corporation Limited,Oil Gas & Consumable Fuels,Energy,Oil & Gas Refining & Marketing,192797.0,95.38,,"Indian Oil Corporation Limited, together with its subsidiaries, engages in the oil, gas, petrochemicals, and alternative energy source businesses in India and internationally. It operates through Sale of Petroleum Products; Sale of Petrochemicals; Sale of Gas; and Other segments. The company is involved in the refining, pipeline transportation and marketing, exploration and production of crude oil"
BPCL,Bharat Petroleum Corporation Limited,Oil Gas & Consumable Fuels,Energy,Oil & Gas Refining & Marketing,133625.0,135.42,,"Bharat Petroleum Corporation Limited engages in refining crude oil and marketing petroleum products in India and internationally. It operates through two segments, Downstream Petroleum; and Exploration and Production of Hydrocarbons. The company operates fuel stations that sell motor spirits, high-speed diesel, compressed and liquefied natural gas, automotive liquefied petroleum gas (LPG), and lub"
HINDPETRO,Hindustan Petroleum Corporation Limited,Oil Gas & Consumable Fuels,Energy,Oil & Gas Refining & Marketing,76091.0,125.85,,"Hindustan Petroleum Corporation Limited, together with its subsidiaries, engages in the refining and marketing of petroleum products in India and internationally. It operates through Downstream Petroleum and All Other segments. The company offers light distillates, including liquefied petroleum gas, motor spirits, naphtha, hexane, propylene, and solvents; and middle distillates, such as high-speed"
AEGISLOG,Aegis Logistics Limited,Oil Gas & Consumable Fuels,Energy,Oil & Gas Refining & Marketing,52159.0,91.31,,"Aegis Logistics Limited, together with its subsidiaries, operates as an oil, gas, and chemical logistics company primarily in India. It operates in Liquid Terminal Division and Gas Terminal Division segments. The company owns and operates a network of shore based tank farm installations for the handling of bulk liquids, including hazardous chemicals, petroleum products, and petrochemicals for petr"
PETRONET,Petronet LNG Limited,Oil Gas & Consumable Fuels,Energy,Oil & Gas Refining & Marketing,43125.0,43.41,,"Petronet LNG Limited engages in the import, storage, regasification, and supply of liquefied natural gas (LNG) in India. It owns and operates an LNG import and regasification terminal with name plate capacity of 22.5 MMTPA located in Dahej, Gujarat; and an LNG terminal with name plate capacity of 5 MMTPA located in Kochi, Kerala. The company was incorporated in 1998 and is based in New Delhi, Indi"
MRPL,Mangalore Refinery and Petrochemicals Limited,Oil Gas & Consumable Fuels,Energy,Oil & Gas Refining & Marketing,29274.0,94.56,,"Mangalore Refinery and Petrochemicals Limited engages in refining of crude oil in India and internationally. The company offers bitumen, high speed diesel, MS, Xylol, PetCoke, Sulphur, paraxylene, benzene, heavy aromatics, paraffinic raffinate, reformate, toluene, mineral turpentine oil, and other products, as well as LPG, naphtha, toluene, SKO, and furnace oil; and petrochemical products, such as"
CHENNPETRO,Chennai Petroleum Corporation Limited,Oil Gas & Consumable Fuels,Energy,Oil & Gas Refining & Marketing,20483.0,187.32,,"Chennai Petroleum Corporation Limited produces and supplies petroleum products in India. The company provides liquefied petroleum gas, naphtha, motor gasoline and spirit, kerosene, aviation turbine fuel, automotive high-speed and high flash diesel, light diesel oil, and bunker and non-bunker fuel oil. It also offers lube products, such as paving bitumen, lube oil base stocks, and extracts. In addi"
CASTROLIND,Castrol India Limited,Oil Gas & Consumable Fuels,Energy,Oil & Gas Refining & Marketing,19140.0,28.64,,"Castrol India Limited manufactures and markets automotive and industrial lubricants in India and internationally. The company offers engine and transmission oils, brake fluids, coolants, cleaners, and greases; EV transmission fluids, thermal fluids, and greases; and brake fluid chain lubricants, fork oils, gear oils, coolants, diesel exhaust fluids, hydraulic fluids, rust preventives, cleaners, an"
COALINDIA,Coal India Limited,Oil Gas & Consumable Fuels,Energy,Thermal Coal,255568.0,306.07,,"Coal India Limited, together with its subsidiaries, produces and sells coal and coal products in India. The company offers coking coal for steel making and metallurgical industries, as well as for hard coke manufacturing; semi coking coal for blend-able coal in steel making, merchant coke manufacturing, and other metallurgical industries; and non-coking coal for cement, fertilizer, glass, ceramic,"
GAIL,GAIL (India) Limited,Oil Gas & Consumable Fuels,Utilities,Utilities - Regulated Gas,113492.0,99.43,,"GAIL (India) Limited operates as a natural gas processing and distribution company in India and internationally. It operates through Transmission Services, Natural Gas Marketing, Petrochemicals, LPG and Other Liquid Hydrocarbons, and Other segments. The company is involved in the transmission and marketing of natural gas through pipelines to the power, fertilizer, industrial, automotive, petrochem"
ATGL,Adani Total Gas Limited,Oil Gas & Consumable Fuels,Utilities,Utilities - Regulated Gas,70212.0,30.47,,"Adani Total Gas Limited engages in the city gas distribution (CGD) business in India. It supplies piped natural gas and compressed natural gas to the domestic, commercial, industrial, and transportation sectors. The company also provides biogas, biofuel, biomass, LCNG, HCNG, EV, and hydrogen. In addition, it manufactures various equipment; and offers value-added services related to the CGD busines"
IGL,Indraprastha Gas Limited,Oil Gas & Consumable Fuels,Utilities,Utilities - Regulated Gas,20839.0,15.11,,"Indraprastha Gas Limited distributes and sells natural gas in India. It supplies compressed natural gas (CNG) to the transport sector; and piped natural gas to domestic, industrial, and commercial sectors. The company operates CNG stations, as well as steel pipeline and MDPE networks. It serves households; hotels, restaurants, malls, commercial complexes, educational/religious institutions, and ho"
MGL,Mahanagar Gas Limited,Oil Gas & Consumable Fuels,Utilities,Utilities - Regulated Gas,10646.0,16.95,,"Mahanagar Gas Limited operates as a natural gas distribution company in India. The company supplies piped natural gas (PNG) to domestic households, domestic households, and commercial establishments and industries used for cooking and water heating, as well as by hospitals, nursing homes, hotels, flight kitchens, restaurants, and places of worship. It also supplies compressed natural gas (CNG) and"
NAVA,NAVA LIMITED,Power,Industrials,Conglomerates,15714.0,11.65,,"Nava Limited, together with its subsidiaries, engages in ferroalloy manufacturing, energy, mining, agribusiness, and operation and maintenance services in India, Zambia, the United States, Hong Kong, Japan, the United Arab Emirates, and internationally. It operates through Ferro Alloys, Energy, Mining, and Other segments. The company operates 150 MW and 114 MW coal power plants in Paloncha, Telang"
GMRP&UI,GMR Power and Urban Infra Limited,Power,Energy,Thermal Coal,7219.0,11.33,,"GMR Power And Urban Infra Limited engages in the energy, urban infrastructure, and transportation businesses in India and internationally. It operates through Power, Smart Meter Infrastructure, Roads, EPC, and Others segments. The company generates energy through coal based thermal plants, hydropower plants, solar, and wind; installation of smart meters; development, operation, and maintenance of"
ADANIPOWER,Adani Power Limited,Power,Utilities,Utilities - Independent Power Producers,398325.0,334.23,,"Adani Power Limited engages in the generation, transmission, and sale of electricity under long term power purchase agreements (PPAs), supplemental PPAs, medium and short term PPAs, and on merchant basis in India. The company generates electricity through thermal energy sources through various power projects with a combined installed and commissioned capacity of 18,150 megawatt (MW). It also opera"
ADANIENSOL,Adani Energy Solutions Limited,Power,Utilities,Utilities - Independent Power Producers,170920.0,268.01,,"Adani Energy Solutions Limited, together with its subsidiaries, generates, transmits, and distributes power in India. It operates through the Transmission; Distribution; Smart Meter; Trading; and Others segments. The company is involved in the establishment, commission, setting up, operation, and maintenance of electric power transmission systems; development, ownership, and operation of transmiss"
TATAPOWER,Tata Power Company Limited,Power,Utilities,Utilities - Independent Power Producers,117317.0,146.08,,"The Tata Power Company Limited engages in the generation, transmission, distribution, and trading of electricity in India and internationally. It operates through four segments: Thermal & Hydro, Transmission & Distribution, Renewables, and Others. The company generates power from hydroelectric and thermal sources, such as coal, gas, and oil; and provides related ancillary services. It also engages"
JSWENERGY,JSW Energy Limited,Power,Utilities,Utilities - Independent Power Producers,94734.0,99.69,,"JSW Energy Limited generates and sells power in India. It has a power generation capacity of 10,875 MW, which includes 5,658MW of thermal, 1,391 MW of hydro, 1,671 of Wind, and 680 MW of solar. The company has operations in the States of Karnataka, Punjab, Maharashtra, Tamil Nadu, Himachal Pradesh, Odisha, Andhra Pradesh, Telangana, Madhya Pradesh, Chhattisgarh, Gujarat, and Rajasthan. The company"
TORNTPOWER,Torrent Power Limited,Power,Utilities,Utilities - Independent Power Producers,63593.0,39.67,,"Torrent Power Limited, together with its subsidiaries, engages in the generation, renewables, and transmission and distribution of electricity in India. The company owns thermal power plants with a generation capacity of 6,092 megawatts; renewable with a generation capacity of 5,952 megawatts peak; pumped storage project (PSP) develops 3,000 megawatts / 18,000 megawatt-hour PSP project; explores a"
JPPOWER,Jaiprakash Power Ventures Limited,Power,Utilities,Utilities - Independent Power Producers,11294.0,53.7,,"Jaiprakash Power Ventures Limited engages in the power generation and cement grinding businesses in India. It generates electricity through thermal and hydro energy sources. The company owns and operates a 400 megawatts (MW) Jaypee Vishnuprayag hydro-electric power plant at District Chamoli, Uttarakhand; 1320 MW Jaypee Nigrie thermal power plant at village Nigrie, district Singrauli, Madhya Prades"
RPOWER,Reliance Power Limited,Power,Utilities,Utilities - Independent Power Producers,8685.0,32.04,,"Reliance Power Limited, together with its subsidiaries, engages in the development, construction, and operation of power plants in India and internationally. Its portfolio of power projects is based on coal, gas, hydro, wind, and solar energy. The company owns and operates Sasan ultra mega power project, a coal-based power plant with a capacity of 3,960 megawatts; Rosa coal-based power project, wi"
PTC,PTC India Limited,Power,Utilities,Utilities - Independent Power Producers,4626.0,17.13,,"PTC India Limited, together with its subsidiaries, engages in the trading and generating power in India, Nepal, Bhutan, and Bangladesh. The company operates through two segments, Power and Financing Business. It engages in long term, medium term, and short-term power trading activities; and cross border power trading business. The company provides financing solutions to the energy value chain, inc"
RTNPOWER,RattanIndia Power Limited,Power,Utilities,Utilities - Independent Power Producers,3818.0,13.81,,"RattanIndia Power Limited, together with its subsidiary, Poena Power Development Limited, engages in power generation, distribution, trading and transmission, and other ancillary and incidental activities in India. It generates electricity through coal-based thermal power plants with an installed capacity of 2,700 MW located in Amravati and Nasik cities. The company also trades electricity in the"
NTPC,NTPC Limited,Power,Utilities,Utilities - Regulated Electric,316499.0,237.72,,"NTPC Limited operates as an integrated power company in India and Mauritius. It operates through two segments: Generation and Others. The company generates power from fossil fuels, hydro, solar, wind, nuclear, and renewable energy sources. It also engages in the coal mining and energy trading business. NTPC Limited was incorporated in 1975 and is based in New Delhi, India."
POWERGRID,Power Grid Corporation of India Limited,Power,Utilities,Utilities - Regulated Electric,247489.0,209.69,,"Power Grid Corporation of India Limited, an electric power transmission utility, engages in the power transmission business in India and internationally. It operates in three segments: Transmission Services, Telecom Services, and Consultancy Services. As of 31 March 2026, the company owned and operated 184,960 circuit kilometers of transmission lines, and 291 substations with an aggregate transfor"
NLCINDIA,NLC India Limited,Power,Utilities,Utilities - Regulated Electric,36975.0,33.37,,"NLC India Limited engages in the mining and power generation business in India. It operates through three segments: Mining, PowerThermal, and Power  Renewab. The company mines for lignite and coal; and generates power through lignite and coal, as well as through thermal, solar, and wind power plants. It also operates open cast lignite mines with a mining capacity of 28.0 million tonnes per annum"
CESC,CESC Limited,Power,Utilities,Utilities - Regulated Electric,19018.0,21.69,,"CESC Limited, an integrated electrical utility company, engages in the generation and distribution of electricity in India. It owns and operates two thermal power plants, including Budge Budge generating station with a generating capacity of 750 megawatts and Southern generating stations with a generating capacity of 135 megawatts; a 40-megawatt atmospheric fluidized bed combustion power plant in"
ADANIGREEN,Adani Green Energy Limited,Power,Utilities,Utilities - Renewable,214726.0,125.4,,"Adani Green Energy Limited generates and supplies renewable energy to central and state government entities and government backed corporations in India. The company develops, builds, owns, operates, and maintains power plants through renewable sources, such as solar, wind, and hybrid. It operates solar power plants with an operational capacity of 10,103 megawatts (MW); wind power plants with an op"
NTPCGREEN,NTPC Green Energy Limited,Power,Utilities,Utilities - Renewable,76899.0,13.39,,"NTPC Green Energy Limited engages in the renewable energy generation business in India. The company has a portfolio of 26,544 MWs solar and wind power projects. It also offers consultancy services, project management, and supervision services. The company was incorporated in 2022 and is based in New Delhi, India. NTPC Green Energy Limited is a subsidiary of NTPC Limited."
NHPC,NHPC Limited,Power,Utilities,Utilities - Renewable,76141.0,77.9,,"NHPC Limited, together with its subsidiaries, engages in the generation, sale, and trading of electricity through hydro, wind, and solar power stations in India and Nepal. It also owns and operates power stations. In addition, the company offers consultancy, project execution, and maintenance services in the areas of design and engineering; geotechnical investigations; renovation and modernization"
ACMESOLAR,Acme Solar Holdings Limited,Power,Utilities,Utilities - Renewable,32355.0,57.62,,"ACME Solar Holdings Limited, a solar independent power producing company, engages in developing, building, owning, operating, and maintaining utility scale grid connected solar power projects in India. The company owns and operates solar energy projects with installed capacity of 2540 MW; and develops and constructs solar energy projects with capacity of 3780 MW. It is also involved in the wind po"
SJVN,SJVN Limited,Power,Utilities,Utilities - Renewable,24895.0,10.72,,"SJVN Limited, together with its subsidiaries, engages in the generation and sale of electricity in India and internationally. The company is also involved in thermal power, hydro power, wind power, solar power, and power trading and transmission businesses. The company operates the Nathpa Jhakri Hydro Power Station (NJHPS) with a capacity of 1500 MW located in Shimla District; the Arun-3 Hydro Ele"
KPIGREEN,KPI Green Energy Limited,Power,Utilities,Utilities - Renewable,6353.0,23.2,Renewable Energy Equipment,"KPI Green Energy Limited operates as an independent power producer that focuses on the development, construction, ownership, operation, and maintenance of renewable energy projects under the Solarism brand name in India. The company operates through the Sale of Power & Plant and Sale of Plots segments. It also operates as a captive power producer that offers customized renewable energy solutions."
LOTUSDEV,Sri Lotus Developers and Realty Limited,Realty,Industrials,Engineering & Construction,10479.0,18.89,,"Sri Lotus Developers and Realty Limited develops residential and commercial premises in Mumbai. The company's portfolio covers luxury and ultraluxury residential and upscale commercial projects. It also engages in production, distribution, and trading of cinematography films. The company was formerly known as AKP Holdings Limited and changed its name to Sri Lotus Developers and Realty Limited in D"
DLF,DLF Limited,Realty,Real Estate,Real Estate - Development,163432.0,175.42,,"DLF Limited, together with its subsidiaries, engages in the business of colonization and real estate development in India. The company is involved in the real estate development activities, including identification and acquisition of land, planning, execution, construction, and marketing of projects. The company also develops and sells residential housing projects, including under-construction pro"
LODHA,Lodha Developers Limited,Realty,Real Estate,Real Estate - Development,113712.0,179.73,,"Lodha Developers Limited, through its subsidiaries, engages in the development of real estate properties in India. It is involved in the development of residential, office, and retail properties, as well as leasing of retail and office spaces. The company also develops warehousing, logistics, light industrial facilities, and digital infrastructure parks. In addition, it offers financing, support,"
OBEROIRLTY,Oberoi Realty Limited,Realty,Real Estate,Real Estate - Development,66212.0,61.19,,"Oberoi Realty Limited, together with its subsidiaries, engages in real estate development business in India. The company operates through the Real Estate and the Hospitality segment. It develops and sells residential, commercial, retail, hospitality, and social infrastructure projects. The company also leases commercial properties; and owns and operates a hotel. In addition, it engages in the sale"
GODREJPROP,Godrej Properties Limited,Realty,Real Estate,Real Estate - Development,51115.0,120.01,,"Godrej Properties Limited, together with its subsidiaries, engages primarily in the business of real estate construction, development, hospitality, and other related activities in India. It develops residential and commercial projects. Godrej Properties Limited was incorporated in 1985 and is headquartered in Mumbai, India."
ANANTRAJ,Anant Raj Limited,Realty,Real Estate,Real Estate - Development,21420.0,85.5,,"Anant Raj Limited is primarily engaged in the real estate and infrastructure development business in India and Singapore. It develops and constructs residential townships, group housings, commercial developments, information and technology parks, malls, office complexes, affordable housings, data centres, hospitality, and serviced apartments. The company was formerly known as Anant Raj Industries"
BRIGADE,Brigade Enterprises Limited,Realty,Real Estate,Real Estate - Development,19855.0,22.28,,"Brigade Enterprises Limited engages in the provision of real estate development, leasing, and related services in India. It operates through Real Estate, Hospitality, and Leasing segments. The company develops and sells various residential and commercial, and retail properties. It also manages star-rated hotels, clubs, and convention centres, as well as the Baking Company. Brigade Enterprises Limi"
SOBHA,Sobha Limited,Realty,Real Estate,Real Estate - Development,12984.0,8.95,,"Sobha Limited engages in the construction, development, sale, management, and operation of residential and commercial real estate under the Sobha brand primarily in India. It operates through the Real Estate, and Contractual and Manufacturing segments. The Real Estate segment comprises development, sale, management, and operation of townships and housing projects, as well as leasing of commercial"
SIGNATURE,Signatureglobal (India) Limited,Realty,Real Estate,Real Estate - Development,10719.0,15.4,,"Signatureglobal (India) Limited operates as a real estate development company in India. It operates through Real Estate, NBFC, and Others segments. The company focuses on affordable and mid segment housing. It also engages in non-banking financial company activities; supply of construction materials; buying, owning, selling, developing, and dealing in land and immovable property, which includes re"
DBREALTY,Valor Estate Limited,Realty,Real Estate,Real Estate - Development,5169.0,10.67,,"Valor Estate Limited, together with its subsidiaries, operates as a real estate construction and development company in India. It operates in two segments: Real Estate Business and Hospitality Business. The company develops and sells residential, commercial, retail, and other projects, such as mass housing and cluster redevelopment, as well as hospitality projects. The company was formerly known a"
PURVA,Puravankara Limited,Realty,Real Estate,Real Estate - Development,5097.0,3.72,,"Puravankara Limited, together with its subsidiaries, designs, develops, constructs, and markets residential and commercial properties in India. The company was founded in 1975 and is headquartered in Bengaluru, India."
SUNTECK,Sunteck Realty Limited,Realty,Real Estate,Real Estate - Development,4258.0,3.34,,"Sunteck Realty Limited, together with its subsidiaries, engages in real estate construction and development in India. The company develops residential, office spaces, commercial and retail, and mixed-use properties under the Signature Island, Signia Isles, Signia Pearl, Sunteck Crescent Park, Sunteck Sky Park, Sunteck City, Sunteck World, and Sunteck Beach Residence names. It also leases real esta"
TARC,TARC Limited,Realty,Real Estate,Real Estate - Development,3835.0,6.3,,"TARC Limited engages in real estate development in India. It is involved in the construction and development of residential projects, commercial projects, township projects, SEZ, IT park, and malls; sale of real estate units, including land, plots, apartments, commercial units, and development rights; and Co-development of projects; and rental of investment properties. The company was formerly kno"
PHOENIXLTD,The Phoenix Mills Limited,Realty,Real Estate,Real Estate - Diversified,68996.0,64.37,,"The Phoenix Mills Limited engages in the operation and management of malls, construction of commercial and residential properties, and hotel business in India. The company operates in three segments, Property and Related Services, Hospitality, and Residential Business. Its real estate asset portfolio consists of retail mall, commercial office, residential, and hospitality projects located in Mumba"
PRESTIGE,Prestige Estates Projects Limited,Realty,Real Estate,Real Estate - Diversified,63490.0,73.97,,"Prestige Estates Projects Limited, together with its subsidiaries, engages in the real estate development and related activities in India. It develops residential projects, such as apartments, villas, integrated townships, and plotted developments. The company is also involved in the development of commercial properties, including office parks, corporate campuses, built-to-suit developments, busin"
EMBDL,Embassy Developments Limited,Realty,Real Estate,Real Estate - Diversified,8186.0,14.93,,"Embassy Developments Limited operates as a real estate company in India. The company engages in developing real estate, specializing in the construction and development of residential, commercial, and special economic zone (SEZ) projects. The company was formerly known as Equinox India Developments Limited and changed its name to Embassy Developments Limited in February 2025. Embassy Developments"
ABREL,Aditya Birla Real Estate Limited,Realty,Real Estate,Real Estate Services,13680.0,16.09,,"Aditya Birla Real Estate Limited develops, leases, and invests in real estate properties and primarily in India. The company operates through Real Estate and Other segments. The company offers viscose filament and tyre yarn related products. It also develops commercial and residential projects; and leases properties and real estate development. In addition, the company engages in the salt works an"
INDIGO,InterGlobe Aviation Limited,Services,Industrials,Airlines,191052.0,271.77,,"InterGlobe Aviation Limited, together with its subsidiaries, provides air transportation services under the IndiGo brand in India and internationally. The company offers pre-flight and post-flight ground handling operations; passenger and cargo services; and related allied services, such as in-flight sales, and other allied services at the airports. It also engages in aircraft and other aircraft-r"
GMRAIRPORT,GMR AIRPORTS LIMITED,Services,Industrials,Airports & Air Services,104217.0,102.9,,"GMR Airports Limited development, maintenance, and operation of airports in India. It is also involved in operation of international airports on build, own, operate, and transfer basis. In addition, the company engages in construction business, including engineering, procurement, and construction contracting activities; and provides security services, as well as engages in maintenance, repairing,"
MMTC,MMTC Limited,Services,Industrials,Conglomerates,8969.0,6.46,,"MMTC Limited operates as a trading company in Asia, Europe, Africa, the Middle East, Latin America, and North America. It operates through Minerals, Precious Metals, Metals, Agro Products, Coal & Hydrocarbon, Fertilizer, and General Trade/others segments. The company engages in the export of minerals; and import of precious metals, non-ferrous metals, fertilizers, agro products, coal and hydrocarb"
NESCO,Nesco Limited,Services,Industrials,Conglomerates,7623.0,4.45,,"Nesco Limited builds an IT park in India and internationally. The company operates through Realty, Bombay Exhibition Center, Industrial Capital Goods Division, Foods, and Way Side Amenities segments. It is also involved in the operation of exhibition venue that hosts trade shows, events, exhibitions, conventions, conferences, as well as wedding and social celebrations, and outdoor catering; and me"
MSTCLTD,Mstc Limited,Services,Industrials,Conglomerates,5138.0,20.71,,"MSTC Limited engages in providing e-commerce and scrap recovery services in India. The company operates in two segments, Marketing and E-Commerce. It is involved in e-procurement, e-auction, tender, recycling, and e-sale business, as well as trading business. The company also engages in disposal of ferrous and non-ferrous scrap, surplus stores, minerals, agri and forest produces, etc. The company"
REDINGTON,Redington Limited,Services,Technology,Information Technology Services,30649.0,179.9,,"Redington Limited distributes information technology, mobility, and other technology products in India, the Middle East, Turkey, Africa, and South Asian countries. It provides AI and automation, software applications, security, digital printing, data and analytics, infrastructure, 3D printing, network modernization, cyber security, solar, gaming, AR and VR, home automation, wearables, and displays"
FSL,Firstsource Solutions Limited,Services,Technology,Information Technology Services,18606.0,19.79,,"Firstsource Solutions Limited provides technology-enabled business process services in Asia, the United Kingdom, the United States, and internationally. The company operates through four segments: Healthcare; Banking and Financial Services; Communications, Media and Technology; and Diverse Industries. It offers core banking, card and digital payments, consumer lending, mortgage, commercial lending"
ECLERX,eClerx Services Limited,Services,Technology,Information Technology Services,17956.0,35.49,,"eClerx Services Limited provides business process management, change management, data-driven insights, and advanced analytics services in North America, the United Kingdom, rest of Europe, and the Asia Pacific. It offers omnichannel customer support, customer journey mapping, quality monitoring, and field technical operations; digital marketing services, including omnichannel campaigns, creative p"
DELHIVERY,Delhivery Limited,Services,Industrials,Integrated Freight & Logistics,32594.0,79.41,,Delhivery Limited provides supply chain solutions in India. It offers express parcel services; part truckload services; supply chain services that provide integrated warehousing and transportation services; point-to-point and multi-point full-truckload services; and cross-border services comprising door-to-door and port-to-port parcel and freight shipping services. The company also provides Delhiv
BLUEDART,Blue Dart Express Limited,Services,Industrials,Integrated Freight & Logistics,11404.0,3.17,,"Blue Dart Express Limited provides courier and express services in India. Its domestic express portfolio includes time-definite delivery services, such as Domestic Priority 1030 and Domestic Priority 1200, and day-definite delivery solutions, including DP-Dox, DP Parcel, Air Express Package, Surface B2B, eCom Air, eCom Lite Surface, and eCom Surface. The company also offers air freight services be"
TVSSCS,TVS Supply Chain Solutions Limited,Services,Industrials,Integrated Freight & Logistics,5862.0,9.23,,"TVS Supply Chain Solutions Limited provides integrated supply chain solutions in India. The company operates in two segments, Integrated Supply Chain Solutions (ISCS) and Global Forwarding Solutions (GFS). The ISCS segment engages in sourcing and procurement, integrated transportation, logistics operation centers, in-plant logistics, finished goods, aftermarket fulfillment, and supply chain consul"
ADANIPORTS,Adani Ports and Special Economic Zone Limited,Services,Industrials,Marine Shipping,411741.0,339.05,,"Adani Ports and Special Economic Zone Limited, together with its subsidiaries, develops, operates, and maintains port infrastructure in India and internationally. The company is involved in the operation of ports and terminals, including bulk and break bulk, container, liquid, dry bulk, general, LPG/LNG, and crude cargo; terminal and ports related infrastructure development activities; and develop"
JSWINFRA,JSW Infrastructure Limited,Services,Industrials,Marine Shipping,80938.0,83.57,,"JSW Infrastructure Limited, an infrastructure development company, operates commercial ports in India and internationally. It operates in two segments, Port Operations and Logistic Operation. The company's activities include developing, operating, and maintaining port services; ports related infrastructure development activities; and developing infrastructure projects. It also provides terminal-re"
GESHIP,The Great Eastern Shipping Company Limited,Services,Industrials,Marine Shipping,21053.0,120.41,,"The Great Eastern Shipping Company Limited, through its subsidiaries, engages in the shipping and offshore businesses in India and internationally. The company is involved in the transportation of crude oil, petroleum products, gas, and dry bulk commodities. It also operates a fleet of 40 vessels comprising 26 tankers, including 5 crude carriers, 17 product carriers, and 4 LPG carriers; and 14 dry"
SCI,Shipping Corporation Of India Limited,Services,Industrials,Marine Shipping,13068.0,44.9,,"The Shipping Corporation of India Limited, a marginal liner shipping company, engages in the business of transporting goods in India. It operates through Liner, Bulk, Tanker, and Technical & Offshore segments. The company's fleet includes bulk carriers, crude oil tankers, product tankers, container vessels, passenger-cum-Cargo vessels, LPG carriers, and offshore supply vessels. It offers bulk carr"
GPPL,Gujarat Pipavav Port Limited,Services,Industrials,Marine Shipping,7979.0,26.89,,"Gujarat Pipavav Port Limited engages in the construction, operation, and maintenance of port at Pipavav in Gujarat, India. The company provides port services, including marine, berth hire, wharfage, yard operation, stevedorage, and other services. Its port handles bulk and break-bulk cargo comprising coal, cement, clinker, fertilizers, steel, iron ore, agri-products, salt, and soda ash; dry bulk c"
IGIL,International Gemological Institute Limited,Services,Basic Materials,Other Precious Metals & Mining,13993.0,13.34,,"International Gemological Institute Limited provides independent certification and grading services for diamonds, color gemstones, and jewelry in India and internationally. The company offers services, such as diamond grading, color gemstone identification, and jewelry certification, as well as screening of laboratory-grown and treated stone; and diamond sorting, retailer support, and consumer ser"
CONCOR,Container Corporation of India Limited,Services,Industrials,Railroads,37095.0,46.73,,"Container Corporation of India Limited engages in handling, transportation, and warehousing activities in India. The company provides inland transport by rail for containers; manages ports and air cargo complexes; develops multimodal logistics support for containerization and trade; and operates logistics facilities, including dry ports, container freight stations, and private freight terminals. I"
HEMIPROP,Hemisphere Properties India Limited,Services,Real Estate,Real Estate - Diversified,3422.0,3.0,,"Hemisphere Properties India Limited operates as a real estate company in India. It focuses on acquiring, constructing, developing, holding, managing, administering, protecting, reserving, and dealing in properties. The company was incorporated in 2005 and is based in New Delhi, India."
WEWORK,WeWork India Management Limited,Services,Real Estate,Real Estate Services,9337.0,13.22,,"WeWork India Management Limited, together with its subsidiaries, engages in the rental and operation of office buildings and coworking spaces in India. The company offers office spaces, including private and managed offices; coworking spaces; and value-added services such as fit-out customization, events and hospitality, F&B services, technology services, overages, shoots and studios, parking, and"
SMARTWORKS,Smartworks Coworking Spaces Limited,Services,Real Estate,Real Estate Services,6179.0,2.73,,"Smartworks Coworking Spaces Limited owns, operates, and leases co-working spaces in India. The company operates and maintains serviced office spaces, meeting and training rooms, virtual offices, and other ancillary services. It also provides maintenance and house-keeping services to commercial and private properties and business houses; and software booking application for meeting room management"
AWFIS,Awfis Space Solutions Limited,Services,Industrials,Rental & Leasing Services,1942.0,8.94,,"Awfis Space Solutions Limited provides flexible workspace solutions in India. The company operates through the Co-Working Space on Rent and Allied Services, Construction and Fit-Out Projects, and Other Services segments. It provides co-working solutions under the Awfis and Awfis Gold brand names, as well as enterprise workspace solutions comprising design, construction, and management. The company"
BLACKBUCK,BLACKBUCK LIMITED,Services,Technology,Software - Application,11476.0,20.21,,"BlackBuck Limited, together with its subsidiaries, provides payments, telematics, loads marketplace, and vehicle financing services in India. It operates in two segments, Truck Operator Services and Lending Business. The company offers digital solutions, including BlackBuck FASTag, GPS, Loads, Fuel Cards, and FinServe. It also engages in the provision of loans for the purchase of commercial vehicl"
CMSINFO,CMS Info Systems Limited,Services,Industrials,Specialty Business Services,3716.0,15.52,,"CMS Info Systems Limited, together with its subsidiaries, provides cash management and managed services in India. It operates in three segments: Cash Management Services, Managed Services, and Cards. The company offers cash management services comprising ATM cash management services, such as cash processing, cassette management, ATM replenishment, cash evacuation for banknote accepting/recycling,"
QUESS,Quess Corp Limited,Services,Industrials,Staffing & Employment Services,5424.0,21.48,,"Quess Corp Limited, together with its subsidiaries, provides staffing and workforce solutions in India and internationally. It operates through four segments: General Staffing, Professional Staffing, Overseas Staffing, and Digital Platforms. The company offers general staffing, such as sourcing and recruitment, apprenticeship program, and center of experience; and flexi staffing, payroll and compl"
INOXGREEN,Inox Green Energy Services Limited,Services,Utilities,Utilities - Renewable,6919.0,23.04,,"Inox Green Energy Services Limited provides operation and maintenance services, and common infrastructure facilities for wind turbine generators in India. The company operates through Operation & Maintenance; Erection, Procurement & Commissioning; Power Generation; and Trading Income segments. It offers operational services, including remote monitoring and control through supervisory control and d"
STLTECH,Sterlite Technologies Limited,Telecommunication,Technology,Communication Equipment,41826.0,131.01,,"Sterlite Technologies Limited, together with its subsidiaries, manufactures and sells telecom products in India and internationally. It operates through Optical Networking Business and Digital and Technology Solutions segments. The company designs and manufactures optical fibres, optical fibre cables and specialty cables, optical connectivity, and optical inter connect products. It also provides S"
HFCL,HFCL Limited,Telecommunication,Technology,Communication Equipment,32795.0,200.59,,"HFCL Limited manufactures and sells telecom products in India and internationally. The company offers optical fiber cables, such as underground, aerial, microduct, FTTH, and micromodule cables; access solutions, including Wi-Fi access points, network switches, unlicensed band radios, IO canvas unified network management platform, and accessories; IP/MPLS routers; 5G product portfolio comprising ac"
ITI,ITI Limited,Telecommunication,Technology,Communication Equipment,24577.0,3.7,,"ITI Limited engages in the manufacture, sale, and servicing of telecommunication equipment and building communication network infrastructures in India. The company's telecom products and solutions include switching, transmission, access, and subscriber premises equipment. It also offers 4G radio equipment, and defence electronics products and systems; encryptors for defence; and other telecom prod"
TEJASNET,Tejas Networks Limited,Telecommunication,Technology,Communication Equipment,9193.0,136.48,,"Tejas Networks Limited provides telecom and data networking-related products and services in India and internationally. It offers radio access networks, fiber broadband access, satcom solutions, optical aggregation, switching and routing, direct-to-mobile broadcast solutions, metro core and backbone, packet transport networks, network management systems, and mobile packet core products. The compan"
OPTIEMUS,Optiemus Infracom Limited,Telecommunication,Technology,Electronics & Computer Distribution,5327.0,9.72,,"Optiemus Infracom Limited, together with its subsidiaries, trades in mobile handset and mobile accessories in India and internationally. It also manufactures telecommunication and allied products, including hearable and wearable, and IT hardware products, as well as drones and drone-based spectrum analyzers. The company was formerly known as Akanksha Cellular Limited and changed its name to Optiem"
BHARTIARTL,Bharti Airtel Limited,Telecommunication,Communication Services,Telecom Services,1141799.0,822.89,,"Bharti Airtel Limited operates as a telecommunications company in India and internationally. It operates through the Mobile Services India, Mobile Services Africa, Mobile Services South Asia, Airtel Business, Passive Tower Infrastructure Services, Homes Services, Digital TV Services, and Others segments. The company provides voice and data telecom services through wireless technology including 2G/"
IDEA,Vodafone Idea Limited,Telecommunication,Communication Services,Telecom Services,149947.0,576.0,,"Vodafone Idea Limited, together with its subsidiaries, provides telecommunication services to individuals, communities, and businesses in India. The company offers voice services, such as 4G VoLTE and Voice over WIFI calling; broadband data services on 4G and/or 5G technology; and content and digital products and services, including subscription, digital advertising, gaming, digital marketplace, a"
INDUSTOWER,Indus Towers Limited,Telecommunication,Communication Services,Telecom Services,99594.0,157.22,,"Indus Towers Limited, a telecom infrastructure company, engages in the operation and maintenance of wireless communication towers and related infrastructures for telecommunication service providers in India, Nigeria, Uganda, and Zambia. It offers ground base towers, smart poles, and rooftop towers; and energy supply to telecom equipment, as well as engages in site acquisition from state government"
BHARTIHEXA,Bharti Hexacom Limited,Telecommunication,Communication Services,Telecom Services,76100.0,10.54,,"Bharti Hexacom Limited provides mobile services, fixed-line telephone, and broadband services to end consumers under the Airtel brand in India and internationally. It operates through Mobile Services; and Homes, Office and Other Services segments. The Mobile Services segment provides voice and data telecom services through wireless technology comprising 2G, 4G, and 5G networks; and offers intra-ci"
TATACOMM,Tata Communications Limited,Telecommunication,Communication Services,Telecom Services,49397.0,46.92,,"Tata Communications Limited operates as a communications technology company worldwide. It offers voice and data transmission services, internet connectivity services, and other value-added services, such as unified conferencing and collaboration services, managed hosting, mobile global roaming and signaling services, transponder lease, television uplinking and other managed services, data center c"
RAILTEL,Railtel Corporation Of India Limited,Telecommunication,Communication Services,Telecom Services,8352.0,11.45,,"RailTel Corporation of India Limited provides broadband telecom and multimedia network services in India, Jamaica, and Trinidad and Tobago. It operates through Telecom Services and Project Work Services segments. The company offers telecom services, such as managed data services, leased lines, virtual private networks, internet leased lines, data centers, tower collocation, rack and space collocat"
TTML,Tata Teleservices (Maharashtra) Limited,Telecommunication,Communication Services,Telecom Services,6913.0,5.31,,"Tata Teleservices (Maharashtra) Limited provides wire line voice, data, and managed telecom services to enterprise customers in Maharashtra and Goa. The company offers its information and communication solutions under the Tata Tele Business Services brand name. It provides digital solutions, including connectivity, business communications, security, marketing, and managed services. The company pro"
ROUTE,ROUTE MOBILE LIMITED,Telecommunication,Communication Services,Telecom Services,2956.0,8.24,,"Route Mobile Limited provides cloud-communication platform solutions to enterprises, over-the-top service providers, and mobile network operators in India and internationally. The company offers messaging, voice, e-mail, enhanced business messaging, identity and verification, bespoke solutions, and other solutions. It also provides A2P messaging that includes SMS, 2-way messaging, and Acculync; en"
PAGEIND,Page Industries Limited,Textiles,Consumer Cyclical,Apparel Manufacturing,40098.0,55.88,,"Page Industries Limited manufactures, markets, and distributes textile garments and clothing accessories for men, women, and kids in India and internationally. It offers vests, briefs, boxer briefs, trunks, inner boxers, tank tops, t-shirts, polos, oversized T-shirts, knit shirts, henleys, sweatshirts, jackets, hoodies, windcheater, boxer shorts, shorts, bermudas, joggers, track pants, pyjamas, pa"
PGIL,Pearl Global Industries Limited,Textiles,Consumer Cyclical,Apparel Manufacturing,10517.0,15.67,,"Pearl Global Industries Limited, together with its subsidiaries, manufactures and sells readymade garments in India and internationally. The company offers knits, wovens, denim, outerwear, sleepwear and lounge, childrenswear, woven and knit garments, womenswear, menswear, activewear, and athleisure. It is also involved in the trading of ready-to-wear apparel; and skill development business. The co"
GOKEX,Gokaldas Exports Limited,Textiles,Consumer Cyclical,Apparel Manufacturing,5091.0,16.36,,"Gokaldas Exports Limited designs, manufactures, and sells a range of garments in India. The company offers fashion wear, outerwear, bottom wear, casualwear, and sportswear, such as jackets, pants, tops/shirts, and other products for men, women, and children. It serves international fashion brands and retailers. The company also exports its products to approximately 50 countries worldwide. Gokaldas"
RAYMONDLSL,Raymond Lifestyle Limited,Textiles,Consumer Cyclical,Apparel Manufacturing,3935.0,14.96,,"Raymond Lifestyle Limited manufactures and sells branded apparel in India. The company offers branded apparel under the Raymond, Park Avenue, ColorPlus, Parx, and Ethnix by Raymond brands; suiting fabric under Raymond Fine Fabrics brand; cotton and linen shirting, and bottom-weight textiles; and garments, including suits, formal blazers, jackets, formal trousers, pieces of denim, and shirts under"
KITEX,Kitex Garments Limited,Textiles,Consumer Cyclical,Apparel Manufacturing,2317.0,3.72,,"Kitex Garments Limited manufactures and sells fabric and readymade garments for infants and children in India, the United States, and internationally. It also manufactures and exports knitted fabrics and infant garments. Kitex Garments Limited was incorporated in 1992 and is headquartered in Ernakulam, India."
KPRMILL,K.P.R. Mill Limited,Textiles,Consumer Cyclical,Textile Manufacturing,38339.0,23.68,,"K.P.R. Mill Limited operates as an integrated apparel manufacturing company in India and internationally. It operates through three segments: Textile, Sugar, and Others. The company offers textile products, such as compact, cotton combed, carded, polyester cotton, viscose, grindel yarn, red label yarn, colour melange, slub yarn, cotton, poly cotton, melange, BCI, organic, and CMIA REEL yarns; knit"
WELSPUNLIV,Welspun Living Limited,Textiles,Consumer Cyclical,Textile Manufacturing,20466.0,69.97,,"Welspun Living Limited manufactures and sells home textile products in India and internationally. It operates through two segments, Home Textiles and Flooring. The company offers bedding solutions, including utility and fashion bedding, and bed sheet products; and spunlace, needle punch, and wet wipes. It also provides bath solutions, such as towels, bathrobes, and bathroom rugs, as well as mats,"
VTL,Vardhman Textiles Limited,Textiles,Consumer Cyclical,Textile Manufacturing,16041.0,11.86,,"Vardhman Textiles Limited, together with its subsidiaries, manufactures and sells cotton and synthetic yarn, woven fabrics, and garments in India and internationally. It operates through Textiles and Fibre segments. The company offers greige and dyed yarns in cotton, polyester, acrylic, and various blends; specialty yarns, such as organic cotton, melange, core-spun, gassed mercerised, and super-fi"
ARVIND,Arvind Limited,Textiles,Consumer Cyclical,Textile Manufacturing,14118.0,38.26,,"Arvind Limited, together with its subsidiaries, manufactures, markets, retails, supplies, and exports textiles in India and internationally. The company operates through Textiles, Advanced Material, and Others segments. It offers denim fabrics, woven and knitted fabrics, home linens, and voiles and garments products, as well as ready-to-wear apparel and custom tailoring. The company also designs a"
TRIDENT,Trident Limited,Textiles,Consumer Cyclical,Textile Manufacturing,11730.0,5.12,,"Trident Limited manufactures, trades, and sells textiles, Yarn, paper, chemicals, and energy in India, the United States, and internationally. The company operates through four segments: Yarn, Towel, Bedsheets, Paper and Chemicals. The company offers cotton combed, open-end, air jet, organic cotton, core spun, blended, eli-twist, slub, compact, air-rich, certified cotton, mélange, packed dye, zero"
ICIL,Indo Count Industries Limited,Textiles,Consumer Cyclical,Textile Manufacturing,8638.0,20.95,,"Indo Count Industries Limited manufactures and sells home textile products in India and internationally. The company offers bed sheets; utility bedding products, including mattress pads, down alt comforters, filled pillows, and protectors; bedding products, such as flat sheets, printed bed sheets, fitted sheets, and bed skirts/valances; and fashion and institutional bedding products comprising mat"
ALOKINDS,Alok Industries Limited,Textiles,Consumer Cyclical,Textile Manufacturing,3540.0,20.11,,"Alok Industries Limited manufactures and sells textile products in India and internationally. The company provides polyester yarns, including recycled drawn textured yarns (DTY), biodegradable DTY, specialty DTY, fully dyed yarn, polyester staple fiber, polyester chips, and partially oriented yarns; ring spun, gassed, two-for-one, and open-end yarns; apparel fabrics, such as piece dyed, yarn dyed,"
WABAG,VA Tech Wabag Limited,Utilities,Industrials,Engineering & Construction,13120.0,121.63,,"VA Tech Wabag Limited, together with its subsidiaries, engages in the design, supply, installation, construction, operation, and maintenance of drinking water, waste and industrial water treatment, and desalination plants in India and internationally. The company offers drinking water treatment, desalination, wastewater treatment, industrial water treatment, effluent treatment, sludge treatment, w"
EIEL,Enviro Infra Engineers Limited,Utilities,Industrials,Engineering & Construction,3579.0,13.56,,"Enviro Infra Engineers Limited engages in the design, construction, operation, and maintenance of water and wastewater treatment plants (WWTPs) and water supply scheme projects (WSSPs) for government authorities/bodies in India. Its WWTPs include sewage treatment plants, sewerage schemes, and common effluent treatment plants; and WSSPs comprise water treatment plants along with pumping stations, a"
IONEXCHANG,ION Exchange (India) Limited,Utilities,Industrials,Pollution & Treatment Controls,5314.0,13.27,,"Ion Exchange (India) Limited, together with its subsidiaries, provides water and environmental management solutions in India and internationally. It operates through Engineering, Chemicals, and Consumer Products segments. The company offers raw water, process, post, and drinking water treatment; waste water, water recycling, and zero liquid discharge systems; sludge dewatering and waste to energy"
REFEX,Refex Industries Limited,Utilities,Energy,Thermal Coal,4024.0,6.59,,Refex Industries Limited engages in handling and disposal of fly ash in India. The company engages in solar power generation and related activities; coal trading; and providing coal yard management services and solar module trading. It also engages in providing transport services using electric vehicles. The company was formerly known as Refex Refrigerants Limited and changed its name to Refex Ind
